timestamp,sensor_id,tilt,displacement,vibration,crack_width
2026-08-29 00:00:00,N001,0.2214,3.8733,0.1502,0.0794
2026-08-29 00:05:00,N001,0.218,3.9693,0.1257,0.061
2026-08-29 00:10:00,N001,0.2287,3.6774,0.1105,0.0597
2026-08-29 00:15:00,N001,0.21,3.9475,0.1203,0.047
2026-08-29 00:20:00,N001,0.2473,3.8854,0.132,0.0469
2026-08-29 00:25:00,N001,0.2173,3.9286,0.1174,0.074
2026-08-29 00:30:00,N001,0.2165,3.8831,0.124,0.0963
2026-08-29 00:35:00,N001,0.2254,3.7939,0.1411,0.0503
2026-08-29 00:40:00,N001,0.2289,3.6885,0.1153,0.0717
2026-08-29 00:45:00,N001,0.2369,3.947,0.1299,0.0643
2026-08-29 00:50:00,N001,0.2038,3.8428,0.1257,0.0848
2026-08-29 00:55:00,N001,0.2312,3.7204,0.1351,0.0633
2026-08-29 01:00:00,N001,0.216,4.0082,0.1436,0.0831
2026-08-29 01:05:00,N001,0.2137,3.9004,0.1352,0.0839
2026-08-29 01:10:00,N001,0.2192,3.918,0.118,0.0514
2026-08-29 01:15:00,N001,0.2387,4.1058,0.1304,0.0845
2026-08-29 01:20:00,N001,0.232,3.8685,0.1356,0.0926
2026-08-29 01:25:00,N001,0.2261,4.1364,0.0998,0.082
2026-08-29 01:30:00,N001,0.2281,3.9155,0.1323,0.04
2026-08-29 01:35:00,N001,0.2236,3.9971,0.149,0.0621
2026-08-29 01:40:00,N001,0.2149,3.8968,0.1422,0.0749
2026-08-29 01:45:00,N001,0.2191,4.0214,0.1324,0.0846
2026-08-29 01:50:00,N001,0.2167,3.9232,0.1265,0.0482
2026-08-29 01:55:00,N001,0.2317,3.9966,0.1313,0.0668
2026-08-29 02:00:00,N001,0.2062,3.9176,0.1271,0.0584
2026-08-29 02:05:00,N001,0.2251,4.0194,0.1539,0.0731
2026-08-29 02:10:00,N001,0.2315,3.9647,0.1082,0.0702
2026-08-29 02:15:00,N001,0.2286,4.272,0.1289,0.0752
2026-08-29 02:20:00,N001,0.2273,3.839,0.145,0.0821
2026-08-29 02:25:00,N001,0.2398,3.8729,0.1481,0.0499
2026-08-29 02:30:00,N001,0.2368,4.2476,0.1194,0.0625
2026-08-29 02:35:00,N001,0.2296,3.9271,0.1126,0.0722
2026-08-29 02:40:00,N001,0.2123,4.0471,0.1202,0.0945
2026-08-29 02:45:00,N001,0.2166,3.9544,0.141,0.0529
2026-08-29 02:50:00,N001,0.2319,4.1527,0.1119,0.0742
2026-08-29 02:55:00,N001,0.2325,4.0925,0.1164,0.0517
2026-08-29 03:00:00,N001,0.2365,4.0371,0.1342,0.0768
2026-08-29 03:05:00,N001,0.2186,4.0321,0.1348,0.061
2026-08-29 03:10:00,N001,0.2569,4.0638,0.1169,0.0817
2026-08-29 03:15:00,N001,0.2144,4.1042,0.1451,0.0596
2026-08-29 03:20:00,N001,0.2435,4.0621,0.1411,0.1005
2026-08-29 03:25:00,N001,0.2255,3.9249,0.1206,0.0599
2026-08-29 03:30:00,N001,0.2281,4.059,0.1346,0.0847
2026-08-29 03:35:00,N001,0.2296,4.1953,0.1281,0.1132
2026-08-29 03:40:00,N001,0.2389,3.9208,0.1184,0.0797
2026-08-29 03:45:00,N001,0.2262,4.1121,0.1369,0.0715
2026-08-29 03:50:00,N001,0.217,3.8474,0.1259,0.0855
2026-08-29 03:55:00,N001,0.233,3.8825,0.1333,0.0786
2026-08-29 04:00:00,N001,0.2167,4.0532,0.1319,0.0557
2026-08-29 04:05:00,N001,0.2354,4.1048,0.1442,0.0888
2026-08-29 04:10:00,N001,0.2095,3.9278,0.1374,0.0808
2026-08-29 04:15:00,N001,0.2379,4.5054,0.1381,0.0902
2026-08-29 04:20:00,N001,0.2446,4.124,0.1275,0.0847
2026-08-29 04:25:00,N001,0.2188,4.0202,0.1254,0.0746
2026-08-29 04:30:00,N001,0.2653,3.8274,0.1395,0.0493
2026-08-29 04:35:00,N001,0.2236,4.1849,0.132,0.0575
2026-08-29 04:40:00,N001,0.22,4.1385,0.1225,0.077
2026-08-29 04:45:00,N001,0.2315,3.9816,0.157,0.0833
2026-08-29 04:50:00,N001,0.2006,4.0849,0.1233,0.0867
2026-08-29 04:55:00,N001,0.2192,4.0515,0.1373,0.087
2026-08-29 05:00:00,N001,0.2132,4.028,0.1255,0.0643
2026-08-29 05:05:00,N001,0.2577,4.1195,0.1161,0.088
2026-08-29 05:10:00,N001,0.2632,4.1975,0.113,0.0671
2026-08-29 05:15:00,N001,0.2505,3.9915,0.1366,0.0861
2026-08-29 05:20:00,N001,0.2177,4.0721,0.0923,0.0592
2026-08-29 05:25:00,N001,0.2279,3.9323,0.1508,0.0532
2026-08-29 05:30:00,N001,0.2252,4.1005,0.1485,0.0532
2026-08-29 05:35:00,N001,0.2493,4.0888,0.1195,0.0818
2026-08-29 05:40:00,N001,0.235,4.0183,0.1321,0.0692
2026-08-29 05:45:00,N001,0.2338,4.1726,0.1503,0.0565
2026-08-29 05:50:00,N001,0.2642,3.8616,0.1294,0.084
2026-08-29 05:55:00,N001,0.2365,4.0239,0.1287,0.0679
2026-08-29 06:00:00,N001,0.2236,4.2034,0.1355,0.065
2026-08-29 06:05:00,N001,0.246,4.1411,0.141,0.0849
2026-08-29 06:10:00,N001,0.2202,4.0398,0.1402,0.0848
2026-08-29 06:15:00,N001,0.2324,4.1238,0.1466,0.0668
2026-08-29 06:20:00,N001,0.241,4.0883,0.1286,0.0923
2026-08-29 06:25:00,N001,0.2453,4.2129,0.1469,0.0762
2026-08-29 06:30:00,N001,0.2433,4.0809,0.1351,0.0741
2026-08-29 06:35:00,N001,0.2346,4.1923,0.1214,0.1075
2026-08-29 06:40:00,N001,0.2182,3.9779,0.1451,0.0881
2026-08-29 06:45:00,N001,0.2427,4.2018,0.1311,0.0629
2026-08-29 06:50:00,N001,0.2346,4.0479,0.1429,0.0742
2026-08-29 06:55:00,N001,0.2212,4.0934,0.1362,0.0681
2026-08-29 07:00:00,N001,0.2213,4.164,0.1342,0.069
2026-08-29 07:05:00,N001,0.2267,4.1654,0.1139,0.0556
2026-08-29 07:10:00,N001,0.2231,4.1147,0.135,0.099
2026-08-29 07:15:00,N001,0.2468,4.1239,0.131,0.0619
2026-08-29 07:20:00,N001,0.2338,4.1112,0.1351,0.0647
2026-08-29 07:25:00,N001,0.242,4.3326,0.1299,0.0832
2026-08-29 07:30:00,N001,0.2446,4.1033,0.1339,0.0775
2026-08-29 07:35:00,N001,0.2359,4.0614,0.1315,0.0848
2026-08-29 07:40:00,N001,0.2563,4.2721,0.1571,0.066
2026-08-29 07:45:00,N001,0.2477,4.1818,0.1575,0.0655
2026-08-29 07:50:00,N001,0.2221,4.0906,0.1058,0.0698
2026-08-29 07:55:00,N001,0.2234,4.1834,0.1353,0.1059
2026-08-29 08:00:00,N001,0.2492,4.0989,0.1205,0.0853
2026-08-29 08:05:00,N001,0.2152,4.3906,0.1454,0.071
2026-08-29 08:10:00,N001,0.2094,4.3361,0.1299,0.0967
2026-08-29 08:15:00,N001,0.2113,4.1045,0.1313,0.0789
2026-08-29 08:20:00,N001,0.2286,4.2539,0.1184,0.0762
2026-08-29 08:25:00,N001,0.2372,4.2437,0.1398,0.0615
2026-08-29 08:30:00,N001,0.2125,4.3381,0.1352,0.0673
2026-08-29 08:35:00,N001,0.2589,4.2014,0.1454,0.0796
2026-08-29 08:40:00,N001,0.2667,4.401,0.1283,0.0933
2026-08-29 08:45:00,N001,0.2455,4.3573,0.1197,0.0891
2026-08-29 08:50:00,N001,0.2518,3.9848,0.117,0.0483
2026-08-29 08:55:00,N001,0.232,4.2848,0.1493,0.0801
2026-08-29 09:00:00,N001,0.2606,4.0358,0.1108,0.0783
2026-08-29 09:05:00,N001,0.242,4.2003,0.1064,0.0779
2026-08-29 09:10:00,N001,0.2168,4.2873,0.1356,0.0653
2026-08-29 09:15:00,N001,0.2288,4.0827,0.1305,0.0938
2026-08-29 09:20:00,N001,0.2218,4.273,0.1249,0.0677
2026-08-29 09:25:00,N001,0.2351,4.0911,0.1246,0.0617
2026-08-29 09:30:00,N001,0.2663,4.2223,0.1228,0.083
2026-08-29 09:35:00,N001,0.2352,4.1944,0.1386,0.0912
2026-08-29 09:40:00,N001,0.229,4.1546,0.1279,0.0454
2026-08-29 09:45:00,N001,0.2144,4.3905,0.151,0.0763
2026-08-29 09:50:00,N001,0.2458,4.2666,0.1682,0.097
2026-08-29 09:55:00,N001,0.2354,4.1173,0.112,0.0833
2026-08-29 10:00:00,N001,0.2261,4.0641,0.1235,0.0642
2026-08-29 10:05:00,N001,0.2628,4.3433,0.1311,0.1027
2026-08-29 10:10:00,N001,0.2388,4.137,0.1495,0.0887
2026-08-29 10:15:00,N001,0.2222,4.2203,0.1207,0.06
2026-08-29 10:20:00,N001,0.2517,4.475,0.1145,0.0893
2026-08-29 10:25:00,N001,0.2282,4.1902,0.1241,0.068
2026-08-29 10:30:00,N001,0.2388,4.1517,0.1345,0.0803
2026-08-29 10:35:00,N001,0.2346,4.1453,0.1243,0.0925
2026-08-29 10:40:00,N001,0.2458,4.1397,0.1324,0.0925
2026-08-29 10:45:00,N001,0.2133,4.325,0.1233,0.0899
2026-08-29 10:50:00,N001,0.227,4.046,0.1117,0.0822
2026-08-29 10:55:00,N001,0.2424,4.1568,0.1389,0.0566
2026-08-29 11:00:00,N001,0.2377,4.1228,0.1234,0.0824
2026-08-29 11:05:00,N001,0.2259,4.2247,0.1433,0.0731
2026-08-29 11:10:00,N001,0.2514,4.1381,0.1376,0.1035
2026-08-29 11:15:00,N001,0.2019,4.1808,0.1382,0.0789
2026-08-29 11:20:00,N001,0.2446,4.2067,0.1323,0.0797
2026-08-29 11:25:00,N001,0.2567,4.3125,0.1353,0.076
2026-08-29 11:30:00,N001,0.232,4.2329,0.136,0.076
2026-08-29 11:35:00,N001,0.2437,4.5366,0.1417,0.0775
2026-08-29 11:40:00,N001,0.2575,4.2413,0.1068,0.0674
2026-08-29 11:45:00,N001,0.2115,4.2509,0.1315,0.1077
2026-08-29 11:50:00,N001,0.2446,4.2696,0.1412,0.0495
2026-08-29 11:55:00,N001,0.2433,4.3912,0.1135,0.0999
2026-08-29 12:00:00,N001,0.245,4.2516,0.1388,0.117
2026-08-29 12:05:00,N001,0.2427,4.334,0.1257,0.0702
2026-08-29 12:10:00,N001,0.2526,4.2043,0.1321,0.0759
2026-08-29 12:15:00,N001,0.2474,4.3498,0.1437,0.0756
2026-08-29 12:20:00,N001,0.2363,4.1951,0.1259,0.089
2026-08-29 12:25:00,N001,0.2518,4.2047,0.1417,0.1037
2026-08-29 12:30:00,N001,0.2467,4.5433,0.122,0.0648
2026-08-29 12:35:00,N001,0.214,4.5004,0.1391,0.0828
2026-08-29 12:40:00,N001,0.2449,4.1886,0.1606,0.0857
2026-08-29 12:45:00,N001,0.2425,4.4135,0.137,0.0872
2026-08-29 12:50:00,N001,0.2291,4.3858,0.1538,0.1041
2026-08-29 12:55:00,N001,0.265,4.2706,0.1194,0.0822
2026-08-29 13:00:00,N001,0.242,4.4661,0.1109,0.1071
2026-08-29 13:05:00,N001,0.2389,4.2863,0.1191,0.0594
2026-08-29 13:10:00,N001,0.2537,4.3491,0.1158,0.0649
2026-08-29 13:15:00,N001,0.2364,4.5434,0.1281,0.0619
2026-08-29 13:20:00,N001,0.2379,4.3131,0.0989,0.0837
2026-08-29 13:25:00,N001,0.2382,4.4322,0.1534,0.1016
2026-08-29 13:30:00,N001,0.2377,4.2186,0.1621,0.0857
2026-08-29 13:35:00,N001,0.2421,4.3513,0.1336,0.0827
2026-08-29 13:40:00,N001,0.2334,4.2914,0.1308,0.0768
2026-08-29 13:45:00,N001,0.2314,4.3725,0.1282,0.1076
2026-08-29 13:50:00,N001,0.2024,4.4935,0.1462,0.0541
2026-08-29 13:55:00,N001,0.2372,4.3207,0.1143,0.0736
2026-08-29 14:00:00,N001,0.2257,4.5784,0.1425,0.1045
2026-08-29 14:05:00,N001,0.2533,4.2354,0.1249,0.0928
2026-08-29 14:10:00,N001,0.2243,4.4592,0.1284,0.08
2026-08-29 14:15:00,N001,0.2534,4.4297,0.1269,0.1031
2026-08-29 14:20:00,N001,0.2266,4.4531,0.1384,0.0812
2026-08-29 14:25:00,N001,0.2478,4.2319,0.1423,0.0831
2026-08-29 14:30:00,N001,0.2352,4.5106,0.1228,0.0649
2026-08-29 14:35:00,N001,0.2198,4.4603,0.1159,0.1124
2026-08-29 14:40:00,N001,0.212,4.5939,0.1338,0.0848
2026-08-29 14:45:00,N001,0.2352,4.441,0.1308,0.1029
2026-08-29 14:50:00,N001,0.2452,4.4139,0.1269,0.0856
2026-08-29 14:55:00,N001,0.2482,4.1934,0.1151,0.0977
2026-08-29 15:00:00,N001,0.2462,4.3794,0.1315,0.0919
2026-08-29 15:05:00,N001,0.2357,4.3108,0.1336,0.0721
2026-08-29 15:10:00,N001,0.25,4.2027,0.1436,0.0939
2026-08-29 15:15:00,N001,0.2478,4.5277,0.1512,0.1022
2026-08-29 15:20:00,N001,0.2165,4.259,0.1237,0.0875
2026-08-29 15:25:00,N001,0.2519,4.3282,0.1335,0.0758
2026-08-29 15:30:00,N001,0.2351,4.2493,0.1202,0.067
2026-08-29 15:35:00,N001,0.2297,4.5473,0.1198,0.1269
2026-08-29 15:40:00,N001,0.2519,4.4458,0.1209,0.098
2026-08-29 15:45:00,N001,0.236,4.4411,0.162,0.0861
2026-08-29 15:50:00,N001,0.2619,4.3448,0.1308,0.1142
2026-08-29 15:55:00,N001,0.2354,4.6495,0.1397,0.0794
2026-08-29 16:00:00,N001,0.2544,4.5515,0.1387,0.0643
2026-08-29 16:05:00,N001,0.2341,4.4078,0.1303,0.0973
2026-08-29 16:10:00,N001,0.2478,4.2801,0.1358,0.0973
2026-08-29 16:15:00,N001,0.2536,4.5728,0.1412,0.0951
2026-08-29 16:20:00,N001,0.2443,4.2466,0.1364,0.0914
2026-08-29 16:25:00,N001,0.2495,4.2954,0.1183,0.1042
2026-08-29 16:30:00,N001,0.2449,4.5332,0.1316,0.089
2026-08-29 16:35:00,N001,0.2597,4.3923,0.1324,0.0817
2026-08-29 16:40:00,N001,0.2392,4.4199,0.1339,0.0815
2026-08-29 16:45:00,N001,0.2647,4.3524,0.129,0.0822
2026-08-29 16:50:00,N001,0.2677,4.4861,0.1436,0.0667
2026-08-29 16:55:00,N001,0.2501,4.5721,0.1322,0.105
2026-08-29 17:00:00,N001,0.2384,4.6372,0.1588,0.0837
2026-08-29 17:05:00,N001,0.2396,4.6453,0.1502,0.0814
2026-08-29 17:10:00,N001,0.2401,4.4398,0.1151,0.0756
2026-08-29 17:15:00,N001,0.2314,4.3843,0.1308,0.093
2026-08-29 17:20:00,N001,0.2698,4.3594,0.1431,0.0863
2026-08-29 17:25:00,N001,0.2459,4.563,0.1178,0.0954
2026-08-29 17:30:00,N001,0.2493,4.5439,0.1347,0.1266
2026-08-29 17:35:00,N001,0.2373,4.4238,0.1238,0.0815
2026-08-29 17:40:00,N001,0.2374,4.633,0.1483,0.0814
2026-08-29 17:45:00,N001,0.2346,4.5497,0.1246,0.0996
2026-08-29 17:50:00,N001,0.2502,4.314,0.1498,0.1171
2026-08-29 17:55:00,N001,0.2381,4.4521,0.1347,0.0953
2026-08-29 18:00:00,N001,0.2573,4.7427,0.1291,0.0784
2026-08-29 18:05:00,N001,0.2268,4.4165,0.1308,0.1174
2026-08-29 18:10:00,N001,0.2399,4.5338,0.131,0.1084
2026-08-29 18:15:00,N001,0.2856,4.4461,0.1254,0.1064
2026-08-29 18:20:00,N001,0.2581,4.7341,0.1382,0.0854
2026-08-29 18:25:00,N001,0.2568,4.6484,0.1411,0.0985
2026-08-29 18:30:00,N001,0.264,4.6584,0.1478,0.1007
2026-08-29 18:35:00,N001,0.2456,4.5385,0.1457,0.0789
2026-08-29 18:40:00,N001,0.2538,4.4765,0.1316,0.1104
2026-08-29 18:45:00,N001,0.2512,4.532,0.1149,0.1025
2026-08-29 18:50:00,N001,0.2581,4.7888,0.1275,0.0947
2026-08-29 18:55:00,N001,0.2523,4.7213,0.1301,0.0957
2026-08-29 19:00:00,N001,0.2578,4.5572,0.1259,0.0946
2026-08-29 19:05:00,N001,0.2649,4.4144,0.1328,0.0812
2026-08-29 19:10:00,N001,0.2668,4.3575,0.1245,0.0975
2026-08-29 19:15:00,N001,0.2725,4.5352,0.1246,0.1202
2026-08-29 19:20:00,N001,0.2274,4.282,0.1365,0.0845
2026-08-29 19:25:00,N001,0.2339,4.6337,0.1342,0.0837
2026-08-29 19:30:00,N001,0.2301,4.6561,0.139,0.0908
2026-08-29 19:35:00,N001,0.2771,4.4258,0.1129,0.082
2026-08-29 19:40:00,N001,0.2488,4.5862,0.1283,0.0978
2026-08-29 19:45:00,N001,0.2308,4.733,0.1303,0.1093
2026-08-29 19:50:00,N001,0.2548,4.6174,0.1381,0.0994
2026-08-29 19:55:00,N001,0.2594,4.7248,0.1336,0.1034
2026-08-29 20:00:00,N001,0.2486,4.7409,0.1231,0.1199
2026-08-29 20:05:00,N001,0.2494,4.3992,0.1328,0.0828
2026-08-29 20:10:00,N001,0.2627,4.4953,0.1259,0.0648
2026-08-29 20:15:00,N001,0.2434,4.2856,0.1122,0.1046
2026-08-29 20:20:00,N001,0.2621,4.6303,0.1196,0.0926
2026-08-29 20:25:00,N001,0.2504,4.443,0.1493,0.1066
2026-08-29 20:30:00,N001,0.2472,4.588,0.1337,0.0629
2026-08-29 20:35:00,N001,0.2469,4.5057,0.1192,0.0894
2026-08-29 20:40:00,N001,0.2777,4.6672,0.1244,0.1023
2026-08-29 20:45:00,N001,0.2718,4.7041,0.132,0.0841
2026-08-29 20:50:00,N001,0.2614,4.6431,0.142,0.1035
2026-08-29 20:55:00,N001,0.2668,4.5344,0.147,0.097
2026-08-29 21:00:00,N001,0.2823,4.5187,0.1521,0.0971
2026-08-29 21:05:00,N001,0.2415,4.5461,0.1274,0.1006
2026-08-29 21:10:00,N001,0.2592,4.5381,0.1309,0.1265
2026-08-29 21:15:00,N001,0.2774,4.6621,0.1317,0.0963
2026-08-29 21:20:00,N001,0.2608,4.4898,0.1282,0.0695
2026-08-29 21:25:00,N001,0.2577,4.693,0.1254,0.1183
2026-08-29 21:30:00,N001,0.2334,4.4424,0.1339,0.1105
2026-08-29 21:35:00,N001,0.2771,4.5658,0.1442,0.0943
2026-08-29 21:40:00,N001,0.2494,4.7297,0.1391,0.0713
2026-08-29 21:45:00,N001,0.2742,4.792,0.1237,0.101
2026-08-29 21:50:00,N001,0.2596,4.6605,0.1246,0.0851
2026-08-29 21:55:00,N001,0.2519,4.7727,0.1378,0.0897
2026-08-29 22:00:00,N001,0.264,4.2929,0.145,0.0693
2026-08-29 22:05:00,N001,0.2471,4.5032,0.1157,0.1129
2026-08-29 22:10:00,N001,0.2456,4.6819,0.1307,0.1028
2026-08-29 22:15:00,N001,0.2539,4.4891,0.1432,0.0883
2026-08-29 22:20:00,N001,0.2295,4.5945,0.1492,0.1086
2026-08-29 22:25:00,N001,0.2477,4.6067,0.1274,0.1271
2026-08-29 22:30:00,N001,0.2588,4.703,0.1436,0.0996
2026-08-29 22:35:00,N001,0.2493,4.6306,0.1304,0.0956
2026-08-29 22:40:00,N001,0.2642,4.6632,0.14,0.095
2026-08-29 22:45:00,N001,0.2545,4.42,0.1422,0.1015
2026-08-29 22:50:00,N001,0.2684,4.315,0.1563,0.0943
2026-08-29 22:55:00,N001,0.2702,4.5405,0.1386,0.0807
2026-08-29 23:00:00,N001,0.2443,4.8978,0.129,0.0999
2026-08-29 23:05:00,N001,0.2668,4.7304,0.133,0.1022
2026-08-29 23:10:00,N001,0.2899,4.6667,0.1337,0.1126
2026-08-29 23:15:00,N001,0.2706,4.8189,0.1389,0.0798
2026-08-29 23:20:00,N001,0.2786,4.5416,0.1349,0.0857
2026-08-29 23:25:00,N001,0.2532,4.7214,0.1351,0.1035
2026-08-29 23:30:00,N001,0.2785,4.7392,0.1283,0.1117
2026-08-29 23:35:00,N001,0.2722,4.5402,0.1384,0.1079
2026-08-29 23:40:00,N001,0.25,4.8554,0.1294,0.0994
2026-08-29 23:45:00,N001,0.252,4.695,0.1181,0.076
2026-08-29 23:50:00,N001,0.2786,4.5942,0.1193,0.0654
2026-08-29 23:55:00,N001,0.2452,4.5399,0.1509,0.1129
2026-08-29 00:00:00,N002,0.2364,3.2019,0.0899,0.0644
2026-08-29 00:05:00,N002,0.2893,3.2225,0.1232,0.0976
2026-08-29 00:10:00,N002,0.283,3.035,0.1157,0.0935
2026-08-29 00:15:00,N002,0.2758,2.9278,0.0975,0.0852
2026-08-29 00:20:00,N002,0.2489,2.9263,0.0947,0.0729
2026-08-29 00:25:00,N002,0.2771,3.1079,0.1176,0.066
2026-08-29 00:30:00,N002,0.2597,3.0565,0.0948,0.0863
2026-08-29 00:35:00,N002,0.2829,2.8302,0.1078,0.0698
2026-08-29 00:40:00,N002,0.2657,2.9876,0.0875,0.0965
2026-08-29 00:45:00,N002,0.2745,3.0183,0.1093,0.1105
2026-08-29 00:50:00,N002,0.2768,2.9032,0.1081,0.0983
2026-08-29 00:55:00,N002,0.2758,2.9624,0.0982,0.0803
2026-08-29 01:00:00,N002,0.2541,3.1703,0.0917,0.0799
2026-08-29 01:05:00,N002,0.2645,3.0705,0.103,0.1091
2026-08-29 01:10:00,N002,0.2653,2.9994,0.0966,0.1227
2026-08-29 01:15:00,N002,0.2576,3.0058,0.1142,0.0968
2026-08-29 01:20:00,N002,0.2728,2.9559,0.1071,0.0885
2026-08-29 01:25:00,N002,0.2901,3.2395,0.0999,0.0703
2026-08-29 01:30:00,N002,0.2744,3.2866,0.0969,0.1155
2026-08-29 01:35:00,N002,0.301,2.9133,0.1134,0.1155
2026-08-29 01:40:00,N002,0.2703,2.9581,0.0996,0.0759
2026-08-29 01:45:00,N002,0.2663,2.8384,0.107,0.0797
2026-08-29 01:50:00,N002,0.2797,2.8014,0.1106,0.1039
2026-08-29 01:55:00,N002,0.2464,3.0358,0.1213,0.0733
2026-08-29 02:00:00,N002,0.3015,3.0439,0.0981,0.0907
2026-08-29 02:05:00,N002,0.2849,3.0056,0.1131,0.0779
2026-08-29 02:10:00,N002,0.2791,2.8296,0.1053,0.0782
2026-08-29 02:15:00,N002,0.2657,3.1503,0.1197,0.101
2026-08-29 02:20:00,N002,0.2604,2.9668,0.1211,0.0941
2026-08-29 02:25:00,N002,0.3117,3.0547,0.1089,0.0875
2026-08-29 02:30:00,N002,0.279,2.992,0.1151,0.1065
2026-08-29 02:35:00,N002,0.2653,2.8534,0.0846,0.0999
2026-08-29 02:40:00,N002,0.2607,2.7575,0.1112,0.1298
2026-08-29 02:45:00,N002,0.2772,3.1193,0.1076,0.091
2026-08-29 02:50:00,N002,0.2912,2.9866,0.1098,0.0974
2026-08-29 02:55:00,N002,0.2675,3.1433,0.1045,0.0814
2026-08-29 03:00:00,N002,0.2857,2.9192,0.1069,0.0927
2026-08-29 03:05:00,N002,0.294,3.0867,0.1063,0.1052
2026-08-29 03:10:00,N002,0.2987,3.0995,0.1067,0.0733
2026-08-29 03:15:00,N002,0.262,2.9987,0.0993,0.0903
2026-08-29 03:20:00,N002,0.2789,3.1017,0.1057,0.1005
2026-08-29 03:25:00,N002,0.2791,2.8038,0.0953,0.0912
2026-08-29 03:30:00,N002,0.2601,3.1156,0.125,0.1117
2026-08-29 03:35:00,N002,0.2752,3.2253,0.1084,0.0885
2026-08-29 03:40:00,N002,0.2693,3.0129,0.1019,0.0962
2026-08-29 03:45:00,N002,0.281,3.0524,0.1118,0.1116
2026-08-29 03:50:00,N002,0.2929,2.8766,0.0759,0.1079
2026-08-29 03:55:00,N002,0.2583,3.0306,0.0925,0.0669
2026-08-29 04:00:00,N002,0.287,3.1514,0.0997,0.0552
2026-08-29 04:05:00,N002,0.2708,3.1101,0.0888,0.0969
2026-08-29 04:10:00,N002,0.2789,3.1354,0.108,0.0797
2026-08-29 04:15:00,N002,0.2972,3.0496,0.1063,0.0804
2026-08-29 04:20:00,N002,0.2727,2.9653,0.1045,0.1202
2026-08-29 04:25:00,N002,0.2588,2.8806,0.1242,0.0914
2026-08-29 04:30:00,N002,0.2695,3.2018,0.0993,0.1221
2026-08-29 04:35:00,N002,0.2898,3.0212,0.1325,0.0857
2026-08-29 04:40:00,N002,0.2909,3.1185,0.1222,0.1183
2026-08-29 04:45:00,N002,0.2803,2.9949,0.1121,0.0848
2026-08-29 04:50:00,N002,0.3101,3.1045,0.1022,0.0979
2026-08-29 04:55:00,N002,0.2598,2.9743,0.121,0.0854
2026-08-29 05:00:00,N002,0.2644,3.1581,0.1208,0.1061
2026-08-29 05:05:00,N002,0.2952,3.0056,0.0895,0.1179
2026-08-29 05:10:00,N002,0.2755,3.0691,0.1225,0.1039
2026-08-29 05:15:00,N002,0.2873,3.3618,0.0989,0.1095
2026-08-29 05:20:00,N002,0.2814,3.137,0.1249,0.1034
2026-08-29 05:25:00,N002,0.2887,3.2362,0.1022,0.0832
2026-08-29 05:30:00,N002,0.2651,2.8744,0.1313,0.0794
2026-08-29 05:35:00,N002,0.2776,3.0799,0.1103,0.1083
2026-08-29 05:40:00,N002,0.2939,3.0459,0.1046,0.1004
2026-08-29 05:45:00,N002,0.2774,3.3115,0.1125,0.1073
2026-08-29 05:50:00,N002,0.2911,3.2622,0.1088,0.0769
2026-08-29 05:55:00,N002,0.2873,3.046,0.1002,0.1053
2026-08-29 06:00:00,N002,0.3,3.1295,0.1103,0.1221
2026-08-29 06:05:00,N002,0.2851,3.442,0.1134,0.0703
2026-08-29 06:10:00,N002,0.2929,3.1783,0.1221,0.1069
2026-08-29 06:15:00,N002,0.2796,2.9884,0.1041,0.0841
2026-08-29 06:20:00,N002,0.2731,3.2087,0.1266,0.1029
2026-08-29 06:25:00,N002,0.264,3.1942,0.1209,0.0879
2026-08-29 06:30:00,N002,0.28,3.1454,0.0972,0.1069
2026-08-29 06:35:00,N002,0.2803,3.1968,0.0959,0.0907
2026-08-29 06:40:00,N002,0.2931,3.1045,0.1273,0.0914
2026-08-29 06:45:00,N002,0.2857,3.2639,0.0896,0.0711
2026-08-29 06:50:00,N002,0.2596,3.3063,0.1,0.136
2026-08-29 06:55:00,N002,0.2741,3.1797,0.1251,0.1278
2026-08-29 07:00:00,N002,0.3136,3.3053,0.1189,0.1067
2026-08-29 07:05:00,N002,0.2944,3.097,0.0968,0.0979
2026-08-29 07:10:00,N002,0.2803,3.1115,0.1149,0.1124
2026-08-29 07:15:00,N002,0.2843,3.346,0.0929,0.0952
2026-08-29 07:20:00,N002,0.2723,2.9474,0.1056,0.0964
2026-08-29 07:25:00,N002,0.3059,3.2499,0.0943,0.1261
2026-08-29 07:30:00,N002,0.3016,3.2468,0.1039,0.0841
2026-08-29 07:35:00,N002,0.2778,3.3104,0.1292,0.1217
2026-08-29 07:40:00,N002,0.2761,3.0482,0.1083,0.0721
2026-08-29 07:45:00,N002,0.2884,3.1676,0.101,0.0748
2026-08-29 07:50:00,N002,0.2914,3.1242,0.0925,0.0558
2026-08-29 07:55:00,N002,0.2834,3.4035,0.1265,0.0921
2026-08-29 08:00:00,N002,0.2749,3.2499,0.0946,0.1036
2026-08-29 08:05:00,N002,0.2955,3.3437,0.1054,0.0961
2026-08-29 08:10:00,N002,0.2709,3.1,0.1039,0.1048
2026-08-29 08:15:00,N002,0.2979,3.1056,0.1245,0.0953
2026-08-29 08:20:00,N002,0.284,3.1151,0.0775,0.1127
2026-08-29 08:25:00,N002,0.2955,3.1738,0.1074,0.1073
2026-08-29 08:30:00,N002,0.2611,3.1468,0.1161,0.0809
2026-08-29 08:35:00,N002,0.289,3.0503,0.1122,0.0993
2026-08-29 08:40:00,N002,0.2605,3.3556,0.0978,0.0877
2026-08-29 08:45:00,N002,0.2878,3.3565,0.0944,0.1009
2026-08-29 08:50:00,N002,0.2914,3.3046,0.1087,0.0946
2026-08-29 08:55:00,N002,0.2726,3.2345,0.0937,0.0564
2026-08-29 09:00:00,N002,0.2917,3.3355,0.0782,0.0852
2026-08-29 09:05:00,N002,0.2945,3.4767,0.1068,0.0895
2026-08-29 09:10:00,N002,0.2826,3.3975,0.0988,0.0885
2026-08-29 09:15:00,N002,0.2782,3.1209,0.1081,0.125
2026-08-29 09:20:00,N002,0.2904,3.2078,0.1031,0.0773
2026-08-29 09:25:00,N002,0.2989,3.2315,0.1044,0.1487
2026-08-29 09:30:00,N002,0.2903,3.1534,0.1015,0.1182
2026-08-29 09:35:00,N002,0.2876,3.0738,0.1176,0.091
2026-08-29 09:40:00,N002,0.3141,3.3788,0.1012,0.1204
2026-08-29 09:45:00,N002,0.2871,3.3543,0.1124,0.0886
2026-08-29 09:50:00,N002,0.2765,3.3784,0.1026,0.0953
2026-08-29 09:55:00,N002,0.272,3.3084,0.1313,0.0854
2026-08-29 10:00:00,N002,0.2868,3.4298,0.1056,0.1084
2026-08-29 10:05:00,N002,0.2706,3.3145,0.1043,0.1165
2026-08-29 10:10:00,N002,0.3044,3.5766,0.1135,0.1067
2026-08-29 10:15:00,N002,0.2896,3.2263,0.1106,0.0974
2026-08-29 10:20:00,N002,0.2893,3.4295,0.0945,0.1191
2026-08-29 10:25:00,N002,0.3067,3.26,0.0811,0.093
2026-08-29 10:30:00,N002,0.3065,3.2742,0.0946,0.0946
2026-08-29 10:35:00,N002,0.2997,3.3454,0.1037,0.0968
2026-08-29 10:40:00,N002,0.2814,3.1719,0.126,0.0976
2026-08-29 10:45:00,N002,0.3056,3.4679,0.1186,0.096
2026-08-29 10:50:00,N002,0.2935,3.2852,0.0957,0.1075
2026-08-29 10:55:00,N002,0.2699,3.4334,0.101,0.1057
2026-08-29 11:00:00,N002,0.2919,3.2626,0.1136,0.0957
2026-08-29 11:05:00,N002,0.3008,3.1349,0.1081,0.132
2026-08-29 11:10:00,N002,0.2729,3.2179,0.1128,0.1057
2026-08-29 11:15:00,N002,0.2932,3.3607,0.1142,0.1198
2026-08-29 11:20:00,N002,0.2942,3.2758,0.1147,0.1317
2026-08-29 11:25:00,N002,0.2862,3.1906,0.1199,0.1015
2026-08-29 11:30:00,N002,0.2557,3.412,0.1002,0.1021
2026-08-29 11:35:00,N002,0.2934,3.336,0.1151,0.097
2026-08-29 11:40:00,N002,0.2962,3.2847,0.1155,0.1129
2026-08-29 11:45:00,N002,0.2746,3.449,0.1002,0.1159
2026-08-29 11:50:00,N002,0.2942,3.542,0.1039,0.0986
2026-08-29 11:55:00,N002,0.2885,3.2878,0.1162,0.0797
2026-08-29 12:00:00,N002,0.2731,3.1989,0.118,0.1297
2026-08-29 12:05:00,N002,0.2874,3.3095,0.1074,0.1216
2026-08-29 12:10:00,N002,0.2752,3.3611,0.1183,0.1118
2026-08-29 12:15:00,N002,0.2921,3.4554,0.0741,0.1145
2026-08-29 12:20:00,N002,0.2795,3.1184,0.1127,0.1251
2026-08-29 12:25:00,N002,0.2874,3.4552,0.1259,0.1243
2026-08-29 12:30:00,N002,0.3141,3.4327,0.1075,0.0807
2026-08-29 12:35:00,N002,0.2859,3.2452,0.1326,0.1022
2026-08-29 12:40:00,N002,0.2916,3.4154,0.1071,0.1303
2026-08-29 12:45:00,N002,0.2805,3.3753,0.0977,0.0852
2026-08-29 12:50:00,N002,0.2808,3.3503,0.1014,0.0947
2026-08-29 12:55:00,N002,0.2689,3.3476,0.0885,0.1166
2026-08-29 13:00:00,N002,0.2914,3.1854,0.1029,0.094
2026-08-29 13:05:00,N002,0.295,3.524,0.0841,0.1071
2026-08-29 13:10:00,N002,0.288,3.4464,0.1091,0.0942
2026-08-29 13:15:00,N002,0.2857,3.2731,0.1195,0.1059
2026-08-29 13:20:00,N002,0.3191,3.3642,0.0981,0.083
2026-08-29 13:25:00,N002,0.2636,3.1841,0.1098,0.1135
2026-08-29 13:30:00,N002,0.2671,3.4844,0.1008,0.1081
2026-08-29 13:35:00,N002,0.3151,3.4874,0.1034,0.0927
2026-08-29 13:40:00,N002,0.2587,3.2962,0.1041,0.0913
2026-08-29 13:45:00,N002,0.2891,3.3945,0.1039,0.0965
2026-08-29 13:50:00,N002,0.2937,3.4411,0.0935,0.1275
2026-08-29 13:55:00,N002,0.2898,3.3931,0.1151,0.11
2026-08-29 14:00:00,N002,0.3057,3.4281,0.0992,0.112
2026-08-29 14:05:00,N002,0.2743,3.4095,0.1062,0.1035
2026-08-29 14:10:00,N002,0.2897,3.1734,0.1,0.1082
2026-08-29 14:15:00,N002,0.2941,3.2787,0.1218,0.0939
2026-08-29 14:20:00,N002,0.3064,3.456,0.0988,0.1336
2026-08-29 14:25:00,N002,0.274,3.5178,0.1186,0.097
2026-08-29 14:30:00,N002,0.3129,3.3803,0.11,0.1111
2026-08-29 14:35:00,N002,0.2901,3.5104,0.1161,0.0811
2026-08-29 14:40:00,N002,0.3118,3.2164,0.119,0.1243
2026-08-29 14:45:00,N002,0.276,3.3694,0.0933,0.1043
2026-08-29 14:50:00,N002,0.2878,3.515,0.1223,0.1285
2026-08-29 14:55:00,N002,0.2841,3.3991,0.0864,0.0956
2026-08-29 15:00:00,N002,0.3071,3.6209,0.0918,0.0989
2026-08-29 15:05:00,N002,0.2924,3.4634,0.0969,0.1143
2026-08-29 15:10:00,N002,0.2857,3.4308,0.1131,0.1081
2026-08-29 15:15:00,N002,0.2864,3.4222,0.1055,0.1026
2026-08-29 15:20:00,N002,0.2892,3.6299,0.1133,0.1038
2026-08-29 15:25:00,N002,0.3036,3.4008,0.1207,0.1139
2026-08-29 15:30:00,N002,0.2917,3.4974,0.0877,0.0915
2026-08-29 15:35:00,N002,0.2755,3.4636,0.1274,0.142
2026-08-29 15:40:00,N002,0.3031,3.5093,0.085,0.1005
2026-08-29 15:45:00,N002,0.2818,3.3775,0.1046,0.1017
2026-08-29 15:50:00,N002,0.264,3.5445,0.0937,0.1124
2026-08-29 15:55:00,N002,0.3249,3.3472,0.0762,0.1047
2026-08-29 16:00:00,N002,0.3104,3.6953,0.0918,0.1165
2026-08-29 16:05:00,N002,0.287,3.4504,0.1383,0.0866
2026-08-29 16:10:00,N002,0.2979,3.522,0.1196,0.1107
2026-08-29 16:15:00,N002,0.2988,3.4217,0.1098,0.1042
2026-08-29 16:20:00,N002,0.3036,3.4271,0.1111,0.109
2026-08-29 16:25:00,N002,0.3113,3.468,0.0853,0.1285
2026-08-29 16:30:00,N002,0.2809,3.3985,0.0994,0.1303
2026-08-29 16:35:00,N002,0.2626,3.8563,0.1193,0.1131
2026-08-29 16:40:00,N002,0.2939,3.5168,0.1128,0.1196
2026-08-29 16:45:00,N002,0.3032,3.4961,0.1042,0.1077
2026-08-29 16:50:00,N002,0.292,3.6242,0.1137,0.066
2026-08-29 16:55:00,N002,0.3049,3.5142,0.1064,0.1044
2026-08-29 17:00:00,N002,0.312,3.6074,0.0973,0.1164
2026-08-29 17:05:00,N002,0.2807,3.3309,0.0991,0.1234
2026-08-29 17:10:00,N002,0.3097,3.5608,0.1153,0.1183
2026-08-29 17:15:00,N002,0.2858,3.5538,0.1162,0.1219
2026-08-29 17:20:00,N002,0.3134,3.5898,0.1108,0.1268
2026-08-29 17:25:00,N002,0.2953,3.4017,0.1046,0.0997
2026-08-29 17:30:00,N002,0.2856,3.493,0.0971,0.1063
2026-08-29 17:35:00,N002,0.2675,3.5387,0.1066,0.0988
2026-08-29 17:40:00,N002,0.3059,3.6284,0.0873,0.0997
2026-08-29 17:45:00,N002,0.2845,3.4059,0.1165,0.1083
2026-08-29 17:50:00,N002,0.2922,3.281,0.1142,0.0928
2026-08-29 17:55:00,N002,0.2972,3.5575,0.1229,0.0918
2026-08-29 18:00:00,N002,0.2511,3.5491,0.1282,0.1302
2026-08-29 18:05:00,N002,0.2996,3.4708,0.1163,0.0971
2026-08-29 18:10:00,N002,0.3038,3.5932,0.1193,0.1532
2026-08-29 18:15:00,N002,0.3026,3.4742,0.1063,0.0853
2026-08-29 18:20:00,N002,0.2864,3.489,0.1003,0.1143
2026-08-29 18:25:00,N002,0.2846,3.6754,0.1066,0.1119
2026-08-29 18:30:00,N002,0.2921,3.5623,0.1165,0.0992
2026-08-29 18:35:00,N002,0.2873,3.51,0.0904,0.1
2026-08-29 18:40:00,N002,0.2901,3.6541,0.1097,0.1153
2026-08-29 18:45:00,N002,0.3101,3.5355,0.1113,0.111
2026-08-29 18:50:00,N002,0.3014,3.4848,0.0773,0.1106
2026-08-29 18:55:00,N002,0.3189,3.6687,0.1182,0.1313
2026-08-29 19:00:00,N002,0.299,3.584,0.0992,0.1081
2026-08-29 19:05:00,N002,0.307,3.7076,0.1049,0.1062
2026-08-29 19:10:00,N002,0.2979,3.638,0.0893,0.0786
2026-08-29 19:15:00,N002,0.2897,3.4222,0.1005,0.1109
2026-08-29 19:20:00,N002,0.2913,3.7457,0.1105,0.1177
2026-08-29 19:25:00,N002,0.3075,3.4376,0.1191,0.1122
2026-08-29 19:30:00,N002,0.3083,3.4484,0.0879,0.1257
2026-08-29 19:35:00,N002,0.304,3.4715,0.0961,0.1304
2026-08-29 19:40:00,N002,0.2806,3.7797,0.0958,0.1232
2026-08-29 19:45:00,N002,0.2937,3.6577,0.1001,0.1113
2026-08-29 19:50:00,N002,0.2993,3.4678,0.1155,0.1062
2026-08-29 19:55:00,N002,0.2954,3.4716,0.0758,0.1111
2026-08-29 20:00:00,N002,0.3351,3.6878,0.1064,0.1101
2026-08-29 20:05:00,N002,0.2993,3.6621,0.0924,0.1309
2026-08-29 20:10:00,N002,0.3098,3.6854,0.1118,0.1146
2026-08-29 20:15:00,N002,0.3093,3.673,0.1023,0.1058
2026-08-29 20:20:00,N002,0.3008,3.7906,0.0917,0.0925
2026-08-29 20:25:00,N002,0.3019,3.6137,0.1087,0.1182
2026-08-29 20:30:00,N002,0.2962,3.7891,0.0874,0.1023
2026-08-29 20:35:00,N002,0.2981,3.4159,0.1045,0.1397
2026-08-29 20:40:00,N002,0.3,3.6436,0.0915,0.1057
2026-08-29 20:45:00,N002,0.2942,3.5805,0.122,0.1234
2026-08-29 20:50:00,N002,0.2833,3.651,0.1126,0.1322
2026-08-29 20:55:00,N002,0.3238,3.5024,0.0969,0.0963
2026-08-29 21:00:00,N002,0.2966,3.683,0.1184,0.1142
2026-08-29 21:05:00,N002,0.2955,3.648,0.0966,0.1468
2026-08-29 21:10:00,N002,0.2762,3.6547,0.1309,0.1156
2026-08-29 21:15:00,N002,0.2976,3.5924,0.1044,0.1362
2026-08-29 21:20:00,N002,0.2674,3.8221,0.0895,0.1117
2026-08-29 21:25:00,N002,0.2942,3.7115,0.0874,0.1228
2026-08-29 21:30:00,N002,0.3311,3.4801,0.1089,0.106
2026-08-29 21:35:00,N002,0.3073,3.6487,0.0989,0.1234
2026-08-29 21:40:00,N002,0.328,3.6263,0.1152,0.0968
2026-08-29 21:45:00,N002,0.2867,3.7087,0.1244,0.1216
2026-08-29 21:50:00,N002,0.2965,3.6547,0.0916,0.1254
2026-08-29 21:55:00,N002,0.3145,3.6033,0.1009,0.1205
2026-08-29 22:00:00,N002,0.2948,3.6524,0.1318,0.1129
2026-08-29 22:05:00,N002,0.2961,3.5854,0.1155,0.114
2026-08-29 22:10:00,N002,0.2919,3.8244,0.1236,0.1078
2026-08-29 22:15:00,N002,0.2737,3.7896,0.0984,0.1287
2026-08-29 22:20:00,N002,0.2723,3.7785,0.0921,0.1279
2026-08-29 22:25:00,N002,0.3021,3.5597,0.1017,0.1274
2026-08-29 22:30:00,N002,0.3036,3.7471,0.1303,0.0937
2026-08-29 22:35:00,N002,0.3264,3.6923,0.0958,0.0973
2026-08-29 22:40:00,N002,0.2994,3.7931,0.1051,0.1401
2026-08-29 22:45:00,N002,0.2806,3.6839,0.0916,0.123
2026-08-29 22:50:00,N002,0.3157,3.6376,0.0753,0.1206
2026-08-29 22:55:00,N002,0.3091,3.7394,0.1214,0.1016
2026-08-29 23:00:00,N002,0.3129,3.8368,0.0852,0.1226
2026-08-29 23:05:00,N002,0.2952,3.6866,0.1108,0.1106
2026-08-29 23:10:00,N002,0.2927,3.7033,0.0935,0.1017
2026-08-29 23:15:00,N002,0.3132,3.5641,0.1146,0.1251
2026-08-29 23:20:00,N002,0.2772,3.6235,0.1209,0.1035
2026-08-29 23:25:00,N002,0.2962,3.763,0.116,0.1146
2026-08-29 23:30:00,N002,0.2943,3.881,0.1275,0.1331
2026-08-29 23:35:00,N002,0.3047,3.6161,0.0966,0.1264
2026-08-29 23:40:00,N002,0.3098,3.8841,0.1144,0.0961
2026-08-29 23:45:00,N002,0.3194,3.5989,0.102,0.1225
2026-08-29 23:50:00,N002,0.3336,4.0946,0.1139,0.1161
2026-08-29 23:55:00,N002,0.3118,3.8307,0.1027,0.1459
2026-08-29 00:00:00,N003,0.3468,3.3151,0.1243,0.0724
2026-08-29 00:05:00,N003,0.3409,3.4854,0.1365,0.1142
2026-08-29 00:10:00,N003,0.3343,3.475,0.1179,0.0833
2026-08-29 00:15:00,N003,0.3449,3.4994,0.1275,0.0882
2026-08-29 00:20:00,N003,0.3118,3.3575,0.1417,0.098
2026-08-29 00:25:00,N003,0.3422,3.4091,0.1311,0.0796
2026-08-29 00:30:00,N003,0.3453,3.4564,0.1369,0.0817
2026-08-29 00:35:00,N003,0.3026,3.5403,0.1253,0.0767
2026-08-29 00:40:00,N003,0.3454,3.3644,0.1437,0.099
2026-08-29 00:45:00,N003,0.3454,3.2503,0.1456,0.0938
2026-08-29 00:50:00,N003,0.3297,3.4342,0.1097,0.0961
2026-08-29 00:55:00,N003,0.3199,3.2574,0.1128,0.1068
2026-08-29 01:00:00,N003,0.326,3.6066,0.1246,0.0646
2026-08-29 01:05:00,N003,0.3188,3.5736,0.1292,0.0821
2026-08-29 01:10:00,N003,0.3381,3.4883,0.1444,0.1121
2026-08-29 01:15:00,N003,0.3304,3.2717,0.1261,0.0944
2026-08-29 01:20:00,N003,0.3214,3.3188,0.1352,0.0899
2026-08-29 01:25:00,N003,0.3365,3.3454,0.1283,0.0768
2026-08-29 01:30:00,N003,0.3494,3.5634,0.1089,0.0769
2026-08-29 01:35:00,N003,0.3137,3.364,0.13,0.0692
2026-08-29 01:40:00,N003,0.3225,3.3243,0.1335,0.0921
2026-08-29 01:45:00,N003,0.3256,3.4687,0.1245,0.087
2026-08-29 01:50:00,N003,0.3616,3.6112,0.1154,0.1037
2026-08-29 01:55:00,N003,0.3488,3.3153,0.1409,0.1144
2026-08-29 02:00:00,N003,0.3199,3.3458,0.1432,0.0955
2026-08-29 02:05:00,N003,0.3451,3.4995,0.1357,0.0716
2026-08-29 02:10:00,N003,0.3526,3.6018,0.1283,0.091
2026-08-29 02:15:00,N003,0.314,3.5259,0.1379,0.0908
2026-08-29 02:20:00,N003,0.354,3.4269,0.1378,0.0766
2026-08-29 02:25:00,N003,0.3369,3.4488,0.1337,0.0864
2026-08-29 02:30:00,N003,0.3354,3.5716,0.1258,0.068
2026-08-29 02:35:00,N003,0.3637,3.6411,0.1155,0.1025
2026-08-29 02:40:00,N003,0.33,3.5097,0.1346,0.0888
2026-08-29 02:45:00,N003,0.3259,3.398,0.12,0.0799
2026-08-29 02:50:00,N003,0.3367,3.3977,0.1392,0.1148
2026-08-29 02:55:00,N003,0.3291,3.5151,0.137,0.0997
2026-08-29 03:00:00,N003,0.3391,3.5783,0.1368,0.0741
2026-08-29 03:05:00,N003,0.3511,3.5984,0.1219,0.0934
2026-08-29 03:10:00,N003,0.3484,3.4696,0.1439,0.1284
2026-08-29 03:15:00,N003,0.3265,3.3318,0.1347,0.1038
2026-08-29 03:20:00,N003,0.3349,3.6747,0.115,0.1035
2026-08-29 03:25:00,N003,0.3294,3.7094,0.1549,0.0817
2026-08-29 03:30:00,N003,0.3303,3.609,0.1264,0.0926
2026-08-29 03:35:00,N003,0.3391,3.2783,0.1309,0.0831
2026-08-29 03:40:00,N003,0.3314,3.6846,0.116,0.1057
2026-08-29 03:45:00,N003,0.3347,3.4806,0.1405,0.0987
2026-08-29 03:50:00,N003,0.3475,3.6332,0.1271,0.0845
2026-08-29 03:55:00,N003,0.3228,3.4207,0.1664,0.1125
2026-08-29 04:00:00,N003,0.3189,3.3638,0.1368,0.1021
2026-08-29 04:05:00,N003,0.3475,3.4947,0.1295,0.099
2026-08-29 04:10:00,N003,0.3407,3.2618,0.1283,0.0814
2026-08-29 04:15:00,N003,0.3421,3.8891,0.1354,0.0895
2026-08-29 04:20:00,N003,0.3534,3.5916,0.1361,0.1035
2026-08-29 04:25:00,N003,0.3706,3.4007,0.1367,0.0806
2026-08-29 04:30:00,N003,0.3482,3.4289,0.126,0.0901
2026-08-29 04:35:00,N003,0.3546,3.6522,0.1161,0.0955
2026-08-29 04:40:00,N003,0.3294,3.3937,0.1284,0.0901
2026-08-29 04:45:00,N003,0.3765,3.5995,0.1145,0.0864
2026-08-29 04:50:00,N003,0.3556,3.8009,0.112,0.0668
2026-08-29 04:55:00,N003,0.3684,3.5998,0.1206,0.1031
2026-08-29 05:00:00,N003,0.3009,3.5563,0.135,0.109
2026-08-29 05:05:00,N003,0.3253,3.5689,0.1199,0.0991
2026-08-29 05:10:00,N003,0.3272,3.5124,0.1191,0.1052
2026-08-29 05:15:00,N003,0.3536,3.536,0.1315,0.0738
2026-08-29 05:20:00,N003,0.3364,3.5609,0.1625,0.0789
2026-08-29 05:25:00,N003,0.3629,3.6894,0.1344,0.1221
2026-08-29 05:30:00,N003,0.3467,3.6192,0.1304,0.1142
2026-08-29 05:35:00,N003,0.3576,3.5002,0.1152,0.0929
2026-08-29 05:40:00,N003,0.3293,3.5705,0.1459,0.0892
2026-08-29 05:45:00,N003,0.3407,3.5878,0.1412,0.0624
2026-08-29 05:50:00,N003,0.3324,3.609,0.1454,0.0888
2026-08-29 05:55:00,N003,0.3134,3.6608,0.1234,0.0785
2026-08-29 06:00:00,N003,0.3323,3.567,0.1238,0.0634
2026-08-29 06:05:00,N003,0.3553,3.745,0.1388,0.0795
2026-08-29 06:10:00,N003,0.3389,3.594,0.1382,0.1067
2026-08-29 06:15:00,N003,0.331,3.6074,0.1365,0.1186
2026-08-29 06:20:00,N003,0.3527,3.695,0.132,0.118
2026-08-29 06:25:00,N003,0.3484,3.4997,0.1479,0.1074
2026-08-29 06:30:00,N003,0.3357,3.5483,0.1346,0.104
2026-08-29 06:35:00,N003,0.3454,3.646,0.1514,0.1132
2026-08-29 06:40:00,N003,0.3454,3.7244,0.1186,0.1032
2026-08-29 06:45:00,N003,0.3698,3.588,0.1209,0.0876
2026-08-29 06:50:00,N003,0.3264,3.5228,0.1266,0.0764
2026-08-29 06:55:00,N003,0.3431,3.728,0.1201,0.1204
2026-08-29 07:00:00,N003,0.3506,3.7462,0.1231,0.1105
2026-08-29 07:05:00,N003,0.3267,3.7321,0.1331,0.1061
2026-08-29 07:10:00,N003,0.3255,3.5207,0.1382,0.0837
2026-08-29 07:15:00,N003,0.3502,3.4668,0.1412,0.0795
2026-08-29 07:20:00,N003,0.3517,3.7087,0.1227,0.1068
2026-08-29 07:25:00,N003,0.3474,3.5718,0.1189,0.0688
2026-08-29 07:30:00,N003,0.3488,3.4514,0.1322,0.0944
2026-08-29 07:35:00,N003,0.3539,3.6057,0.1271,0.1094
2026-08-29 07:40:00,N003,0.3488,3.6827,0.1367,0.0755
2026-08-29 07:45:00,N003,0.3552,3.721,0.1188,0.095
2026-08-29 07:50:00,N003,0.3434,3.6342,0.135,0.1202
2026-08-29 07:55:00,N003,0.3603,3.4956,0.1385,0.1188
2026-08-29 08:00:00,N003,0.35,3.7868,0.1552,0.1143
2026-08-29 08:05:00,N003,0.348,3.784,0.1328,0.0994
2026-08-29 08:10:00,N003,0.3391,3.849,0.1212,0.1221
2026-08-29 08:15:00,N003,0.352,3.4963,0.1354,0.0677
2026-08-29 08:20:00,N003,0.354,3.7732,0.1239,0.1012
2026-08-29 08:25:00,N003,0.374,3.6091,0.1183,0.1217
2026-08-29 08:30:00,N003,0.3743,3.673,0.1432,0.1197
2026-08-29 08:35:00,N003,0.3338,3.6171,0.1458,0.1249
2026-08-29 08:40:00,N003,0.3535,3.5725,0.1549,0.0918
2026-08-29 08:45:00,N003,0.3401,3.7219,0.1497,0.1127
2026-08-29 08:50:00,N003,0.3515,3.7392,0.1316,0.1083
2026-08-29 08:55:00,N003,0.3074,3.6508,0.1339,0.0828
2026-08-29 09:00:00,N003,0.3512,3.6647,0.1521,0.1238
2026-08-29 09:05:00,N003,0.3386,3.6739,0.1301,0.0935
2026-08-29 09:10:00,N003,0.3486,3.6038,0.1175,0.1097
2026-08-29 09:15:00,N003,0.3552,3.601,0.1418,0.091
2026-08-29 09:20:00,N003,0.3497,3.7987,0.1306,0.1074
2026-08-29 09:25:00,N003,0.3382,3.6795,0.1286,0.0895
2026-08-29 09:30:00,N003,0.3434,3.52,0.1251,0.0965
2026-08-29 09:35:00,N003,0.3423,3.6797,0.1303,0.1081
2026-08-29 09:40:00,N003,0.3594,3.6334,0.1166,0.0854
2026-08-29 09:45:00,N003,0.3391,3.672,0.1218,0.0817
2026-08-29 09:50:00,N003,0.3396,3.7387,0.1382,0.0929
2026-08-29 09:55:00,N003,0.3404,3.6085,0.1307,0.0886
2026-08-29 10:00:00,N003,0.3553,3.5082,0.1267,0.106
2026-08-29 10:05:00,N003,0.3496,4.0485,0.1352,0.0865
2026-08-29 10:10:00,N003,0.3455,3.5149,0.1301,0.0891
2026-08-29 10:15:00,N003,0.3607,3.6649,0.1296,0.0922
2026-08-29 10:20:00,N003,0.3732,3.6951,0.153,0.1141
2026-08-29 10:25:00,N003,0.3545,3.7807,0.1358,0.073
2026-08-29 10:30:00,N003,0.3431,3.8406,0.1304,0.081
2026-08-29 10:35:00,N003,0.3466,3.9465,0.146,0.1012
2026-08-29 10:40:00,N003,0.3618,3.7008,0.1106,0.0884
2026-08-29 10:45:00,N003,0.3711,3.7146,0.1281,0.0979
2026-08-29 10:50:00,N003,0.3763,3.9454,0.1577,0.1001
2026-08-29 10:55:00,N003,0.3523,3.5711,0.1488,0.0851
2026-08-29 11:00:00,N003,0.3512,3.6242,0.124,0.0901
2026-08-29 11:05:00,N003,0.3389,3.6939,0.1244,0.1153
2026-08-29 11:10:00,N003,0.3316,3.7879,0.1456,0.0952
2026-08-29 11:15:00,N003,0.3375,3.7365,0.1452,0.1059
2026-08-29 11:20:00,N003,0.3404,3.825,0.1178,0.1133
2026-08-29 11:25:00,N003,0.3546,3.7328,0.121,0.0899
2026-08-29 11:30:00,N003,0.3566,3.92,0.1234,0.1102
2026-08-29 11:35:00,N003,0.3174,3.7051,0.1307,0.0898
2026-08-29 11:40:00,N003,0.3347,3.6979,0.1345,0.1007
2026-08-29 11:45:00,N003,0.3153,3.5264,0.1237,0.1105
2026-08-29 11:50:00,N003,0.3078,3.7237,0.1247,0.1246
2026-08-29 11:55:00,N003,0.3433,3.8324,0.1327,0.0719
2026-08-29 12:00:00,N003,0.3607,3.815,0.1371,0.1628
2026-08-29 12:05:00,N003,0.318,3.9989,0.1276,0.1083
2026-08-29 12:10:00,N003,0.3487,3.7438,0.1242,0.1091
2026-08-29 12:15:00,N003,0.3268,3.8876,0.126,0.0873
2026-08-29 12:20:00,N003,0.3429,3.9512,0.1246,0.1097
2026-08-29 12:25:00,N003,0.3388,3.894,0.1393,0.1322
2026-08-29 12:30:00,N003,0.3472,3.8861,0.1322,0.124
2026-08-29 12:35:00,N003,0.3391,3.898,0.1287,0.1037
2026-08-29 12:40:00,N003,0.3514,3.8417,0.1296,0.108
2026-08-29 12:45:00,N003,0.3738,3.9324,0.1415,0.098
2026-08-29 12:50:00,N003,0.3369,3.9316,0.1415,0.1271
2026-08-29 12:55:00,N003,0.3413,3.7922,0.1114,0.0992
2026-08-29 13:00:00,N003,0.3654,3.7665,0.1387,0.1023
2026-08-29 13:05:00,N003,0.3554,3.6876,0.1321,0.0604
2026-08-29 13:10:00,N003,0.3479,3.6324,0.1455,0.1171
2026-08-29 13:15:00,N003,0.3578,4.0134,0.1196,0.1317
2026-08-29 13:20:00,N003,0.3648,3.8052,0.1447,0.089
2026-08-29 13:25:00,N003,0.3386,3.7634,0.1247,0.0899
2026-08-29 13:30:00,N003,0.3694,3.8081,0.1353,0.0973
2026-08-29 13:35:00,N003,0.3239,3.8744,0.1081,0.1049
2026-08-29 13:40:00,N003,0.3308,4.0832,0.142,0.1076
2026-08-29 13:45:00,N003,0.3703,3.746,0.1376,0.1091
2026-08-29 13:50:00,N003,0.3555,4.003,0.1398,0.1106
2026-08-29 13:55:00,N003,0.3268,3.7379,0.1296,0.1077
2026-08-29 14:00:00,N003,0.3347,4.1453,0.1492,0.1155
2026-08-29 14:05:00,N003,0.3529,3.8332,0.1196,0.1077
2026-08-29 14:10:00,N003,0.3558,3.7124,0.135,0.1043
2026-08-29 14:15:00,N003,0.3234,3.7609,0.1261,0.1351
2026-08-29 14:20:00,N003,0.3605,3.7067,0.1369,0.0836
2026-08-29 14:25:00,N003,0.3685,3.8132,0.1299,0.1268
2026-08-29 14:30:00,N003,0.333,3.7049,0.124,0.1226
2026-08-29 14:35:00,N003,0.3296,3.5354,0.1256,0.1154
2026-08-29 14:40:00,N003,0.3705,3.8225,0.1261,0.1246
2026-08-29 14:45:00,N003,0.3246,3.8342,0.1333,0.1141
2026-08-29 14:50:00,N003,0.3451,3.8878,0.1012,0.0976
2026-08-29 14:55:00,N003,0.3596,3.7685,0.1317,0.1143
2026-08-29 15:00:00,N003,0.3478,3.9096,0.1195,0.1046
2026-08-29 15:05:00,N003,0.3622,3.9108,0.124,0.1112
2026-08-29 15:10:00,N003,0.3639,3.6488,0.1449,0.1028
2026-08-29 15:15:00,N003,0.3596,4.0412,0.1146,0.0974
2026-08-29 15:20:00,N003,0.349,3.8063,0.1518,0.0953
2026-08-29 15:25:00,N003,0.3451,3.9276,0.1166,0.1023
2026-08-29 15:30:00,N003,0.3583,3.8659,0.1299,0.1004
2026-08-29 15:35:00,N003,0.331,3.9472,0.1521,0.1087
2026-08-29 15:40:00,N003,0.3572,3.9945,0.1158,0.1341
2026-08-29 15:45:00,N003,0.3569,4.11,0.1222,0.1359
2026-08-29 15:50:00,N003,0.3656,3.9833,0.1338,0.105
2026-08-29 15:55:00,N003,0.3721,3.9366,0.1074,0.0921
2026-08-29 16:00:00,N003,0.3514,3.9597,0.1303,0.1272
2026-08-29 16:05:00,N003,0.325,3.9425,0.1092,0.1204
2026-08-29 16:10:00,N003,0.353,3.9784,0.1207,0.1283
2026-08-29 16:15:00,N003,0.3701,4.0009,0.1295,0.1179
2026-08-29 16:20:00,N003,0.344,4.0363,0.1508,0.1254
2026-08-29 16:25:00,N003,0.3438,3.9798,0.1155,0.118
2026-08-29 16:30:00,N003,0.3616,3.7148,0.1171,0.1053
2026-08-29 16:35:00,N003,0.3504,3.7968,0.1357,0.1134
2026-08-29 16:40:00,N003,0.3521,3.8541,0.1436,0.1346
2026-08-29 16:45:00,N003,0.3479,3.8741,0.1369,0.1045
2026-08-29 16:50:00,N003,0.3531,4.0391,0.1081,0.1298
2026-08-29 16:55:00,N003,0.3564,3.9037,0.13,0.1095
2026-08-29 17:00:00,N003,0.3295,4.1353,0.1315,0.1168
2026-08-29 17:05:00,N003,0.3698,3.8361,0.1367,0.1063
2026-08-29 17:10:00,N003,0.3684,3.7061,0.1298,0.1014
2026-08-29 17:15:00,N003,0.3622,4.0206,0.1225,0.0998
2026-08-29 17:20:00,N003,0.3542,3.8594,0.1411,0.1051
2026-08-29 17:25:00,N003,0.3124,3.9248,0.1186,0.0862
2026-08-29 17:30:00,N003,0.3375,3.9857,0.147,0.1155
2026-08-29 17:35:00,N003,0.3471,4.03,0.1255,0.1005
2026-08-29 17:40:00,N003,0.339,3.7679,0.1263,0.1134
2026-08-29 17:45:00,N003,0.3549,3.9309,0.1197,0.1202
2026-08-29 17:50:00,N003,0.3367,4.0768,0.119,0.0999
2026-08-29 17:55:00,N003,0.3346,3.9262,0.1427,0.1191
2026-08-29 18:00:00,N003,0.3714,4.0518,0.1178,0.1065
2026-08-29 18:05:00,N003,0.3451,4.1516,0.1167,0.1249
2026-08-29 18:10:00,N003,0.3703,4.2143,0.1261,0.1223
2026-08-29 18:15:00,N003,0.3912,3.9234,0.1126,0.0835
2026-08-29 18:20:00,N003,0.3678,3.7743,0.1266,0.1184
2026-08-29 18:25:00,N003,0.36,4.0541,0.1337,0.1311
2026-08-29 18:30:00,N003,0.343,3.9246,0.1218,0.1245
2026-08-29 18:35:00,N003,0.3709,4.0628,0.1452,0.0945
2026-08-29 18:40:00,N003,0.3825,4.1942,0.1399,0.139
2026-08-29 18:45:00,N003,0.3328,3.9513,0.1222,0.1232
2026-08-29 18:50:00,N003,0.342,4.1079,0.1475,0.1229
2026-08-29 18:55:00,N003,0.3621,3.9012,0.1209,0.1313
2026-08-29 19:00:00,N003,0.3696,4.0178,0.126,0.0823
2026-08-29 19:05:00,N003,0.342,4.2547,0.1157,0.1156
2026-08-29 19:10:00,N003,0.3733,3.8775,0.1332,0.127
2026-08-29 19:15:00,N003,0.3584,4.3751,0.111,0.1289
2026-08-29 19:20:00,N003,0.3558,4.1263,0.1363,0.1021
2026-08-29 19:25:00,N003,0.3619,3.8135,0.1383,0.1177
2026-08-29 19:30:00,N003,0.3682,4.1662,0.1354,0.1155
2026-08-29 19:35:00,N003,0.3455,3.9565,0.1453,0.135
2026-08-29 19:40:00,N003,0.3552,4.0503,0.1202,0.1311
2026-08-29 19:45:00,N003,0.3689,4.2805,0.1205,0.108
2026-08-29 19:50:00,N003,0.3625,4.1279,0.1284,0.1006
2026-08-29 19:55:00,N003,0.3723,4.1396,0.12,0.1342
2026-08-29 20:00:00,N003,0.3768,4.072,0.132,0.1222
2026-08-29 20:05:00,N003,0.3464,4.0622,0.1052,0.1272
2026-08-29 20:10:00,N003,0.336,4.2418,0.1271,0.111
2026-08-29 20:15:00,N003,0.3501,4.0296,0.1481,0.0769
2026-08-29 20:20:00,N003,0.3788,4.1075,0.1165,0.0982
2026-08-29 20:25:00,N003,0.3849,3.9563,0.1172,0.1315
2026-08-29 20:30:00,N003,0.3649,3.96,0.1336,0.0992
2026-08-29 20:35:00,N003,0.3764,4.2027,0.1374,0.1201
2026-08-29 20:40:00,N003,0.3865,4.078,0.1168,0.1215
2026-08-29 20:45:00,N003,0.3914,3.9591,0.1267,0.1211
2026-08-29 20:50:00,N003,0.3594,3.9658,0.1445,0.1498
2026-08-29 20:55:00,N003,0.3633,3.9779,0.1124,0.119
2026-08-29 21:00:00,N003,0.377,4.1462,0.131,0.1063
2026-08-29 21:05:00,N003,0.3442,4.1921,0.142,0.0921
2026-08-29 21:10:00,N003,0.3845,4.1636,0.1478,0.0953
2026-08-29 21:15:00,N003,0.3403,4.0796,0.1371,0.1424
2026-08-29 21:20:00,N003,0.3715,4.0712,0.1187,0.1341
2026-08-29 21:25:00,N003,0.3465,4.2985,0.1276,0.1396
2026-08-29 21:30:00,N003,0.3713,4.0894,0.1248,0.1107
2026-08-29 21:35:00,N003,0.3676,4.1179,0.1239,0.1134
2026-08-29 21:40:00,N003,0.3625,3.856,0.1365,0.1013
2026-08-29 21:45:00,N003,0.3441,3.9117,0.1095,0.0958
2026-08-29 21:50:00,N003,0.3509,4.3514,0.1247,0.1189
2026-08-29 21:55:00,N003,0.3676,4.1355,0.1301,0.0984
2026-08-29 22:00:00,N003,0.3835,4.3394,0.1108,0.1011
2026-08-29 22:05:00,N003,0.3576,4.0096,0.1371,0.1056
2026-08-29 22:10:00,N003,0.3944,4.2709,0.1336,0.132
2026-08-29 22:15:00,N003,0.3786,4.0632,0.1212,0.1179
2026-08-29 22:20:00,N003,0.375,4.1503,0.1121,0.1048
2026-08-29 22:25:00,N003,0.3611,4.1273,0.1547,0.0962
2026-08-29 22:30:00,N003,0.3699,4.3179,0.1583,0.111
2026-08-29 22:35:00,N003,0.3698,4.2103,0.1334,0.1157
2026-08-29 22:40:00,N003,0.3691,3.8409,0.1392,0.1192
2026-08-29 22:45:00,N003,0.3593,4.3931,0.1229,0.1113
2026-08-29 22:50:00,N003,0.3926,4.0505,0.1244,0.1153
2026-08-29 22:55:00,N003,0.3755,4.178,0.1155,0.1096
2026-08-29 23:00:00,N003,0.3538,4.1466,0.1361,0.124
2026-08-29 23:05:00,N003,0.3364,4.2863,0.1341,0.1386
2026-08-29 23:10:00,N003,0.3698,4.2936,0.1366,0.1381
2026-08-29 23:15:00,N003,0.3711,4.1524,0.1583,0.1313
2026-08-29 23:20:00,N003,0.372,4.0138,0.1156,0.1225
2026-08-29 23:25:00,N003,0.3657,4.0961,0.1327,0.142
2026-08-29 23:30:00,N003,0.374,4.0356,0.1297,0.1062
2026-08-29 23:35:00,N003,0.3579,4.1257,0.1253,0.0996
2026-08-29 23:40:00,N003,0.3619,4.1108,0.0959,0.1493
2026-08-29 23:45:00,N003,0.3802,4.1357,0.1313,0.101
2026-08-29 23:50:00,N003,0.3894,4.4113,0.1329,0.1341
2026-08-29 23:55:00,N003,0.3667,4.026,0.1261,0.1208
2026-08-29 00:00:00,N004,0.3378,3.6746,0.1014,0.0103
2026-08-29 00:05:00,N004,0.3285,3.533,0.1125,0.0
2026-08-29 00:10:00,N004,0.3567,3.8562,0.0971,0.0
2026-08-29 00:15:00,N004,0.3341,3.685,0.0886,0.0188
2026-08-29 00:20:00,N004,0.3626,3.7752,0.0897,0.0026
2026-08-29 00:25:00,N004,0.3348,3.6726,0.1067,0.0187
2026-08-29 00:30:00,N004,0.3475,3.9332,0.1105,0.0261
2026-08-29 00:35:00,N004,0.3372,3.661,0.1149,0.0175
2026-08-29 00:40:00,N004,0.3407,3.7127,0.0947,0.0064
2026-08-29 00:45:00,N004,0.345,3.702,0.1068,0.0191
2026-08-29 00:50:00,N004,0.3585,3.6069,0.1213,0.001
2026-08-29 00:55:00,N004,0.3469,3.7719,0.0912,0.0337
2026-08-29 01:00:00,N004,0.3596,3.4516,0.1068,0.0
2026-08-29 01:05:00,N004,0.3261,3.9159,0.0938,0.0099
2026-08-29 01:10:00,N004,0.3377,3.9714,0.0788,0.0119
2026-08-29 01:15:00,N004,0.3632,3.9489,0.0995,0.0092
2026-08-29 01:20:00,N004,0.3723,3.9201,0.1089,0.0157
2026-08-29 01:25:00,N004,0.3402,3.7123,0.1047,0.0497
2026-08-29 01:30:00,N004,0.3543,3.605,0.1173,0.0327
2026-08-29 01:35:00,N004,0.3515,3.9131,0.0874,0.0276
2026-08-29 01:40:00,N004,0.3333,3.5517,0.1049,0.0659
2026-08-29 01:45:00,N004,0.3138,3.7388,0.1084,0.0302
2026-08-29 01:50:00,N004,0.3398,3.5895,0.1036,0.0171
2026-08-29 01:55:00,N004,0.3087,3.8916,0.1123,0.0293
2026-08-29 02:00:00,N004,0.3451,3.8799,0.1035,0.0422
2026-08-29 02:05:00,N004,0.3373,3.9112,0.1046,0.0317
2026-08-29 02:10:00,N004,0.3229,3.791,0.0908,0.0193
2026-08-29 02:15:00,N004,0.3298,3.6314,0.1263,0.049
2026-08-29 02:20:00,N004,0.3709,3.6154,0.1016,0.0097
2026-08-29 02:25:00,N004,0.3318,3.6547,0.1156,0.0233
2026-08-29 02:30:00,N004,0.3583,3.8402,0.1284,0.0071
2026-08-29 02:35:00,N004,0.3613,3.908,0.0891,0.0445
2026-08-29 02:40:00,N004,0.3476,3.7459,0.0909,0.0187
2026-08-29 02:45:00,N004,0.3734,3.7761,0.1101,0.0177
2026-08-29 02:50:00,N004,0.331,3.9086,0.0846,0.0235
2026-08-29 02:55:00,N004,0.3434,3.7949,0.0986,0.0358
2026-08-29 03:00:00,N004,0.3533,3.8725,0.0889,0.0257
2026-08-29 03:05:00,N004,0.361,3.8945,0.0843,0.0353
2026-08-29 03:10:00,N004,0.3135,3.7955,0.1235,0.0159
2026-08-29 03:15:00,N004,0.3307,3.8843,0.0822,0.0207
2026-08-29 03:20:00,N004,0.3523,3.7193,0.0979,0.0415
2026-08-29 03:25:00,N004,0.3498,3.8302,0.0967,0.036
2026-08-29 03:30:00,N004,0.3417,3.8559,0.0948,0.0278
2026-08-29 03:35:00,N004,0.3288,3.7996,0.091,0.0139
2026-08-29 03:40:00,N004,0.3477,3.8321,0.1102,0.0243
2026-08-29 03:45:00,N004,0.35,3.8754,0.1061,0.0185
2026-08-29 03:50:00,N004,0.3462,3.8558,0.1008,0.0
2026-08-29 03:55:00,N004,0.3465,4.0804,0.0964,0.0201
2026-08-29 04:00:00,N004,0.3498,3.8551,0.1151,0.0123
2026-08-29 04:05:00,N004,0.3553,3.8913,0.0991,0.0364
2026-08-29 04:10:00,N004,0.3598,3.9279,0.087,0.0437
2026-08-29 04:15:00,N004,0.3435,3.8347,0.1016,0.0292
2026-08-29 04:20:00,N004,0.3625,3.8187,0.0873,0.0257
2026-08-29 04:25:00,N004,0.3474,3.9791,0.108,0.0189
2026-08-29 04:30:00,N004,0.3821,3.8661,0.1161,0.0295
2026-08-29 04:35:00,N004,0.3529,3.9378,0.1154,0.0478
2026-08-29 04:40:00,N004,0.3581,3.8021,0.0939,0.037
2026-08-29 04:45:00,N004,0.3591,3.8159,0.1135,0.0539
2026-08-29 04:50:00,N004,0.3315,3.745,0.0991,0.0368
2026-08-29 04:55:00,N004,0.3375,4.0105,0.1059,0.0329
2026-08-29 05:00:00,N004,0.3239,3.6931,0.1041,0.0004
2026-08-29 05:05:00,N004,0.3607,3.8348,0.1397,0.0671
2026-08-29 05:10:00,N004,0.3429,3.8438,0.1127,0.0582
2026-08-29 05:15:00,N004,0.3212,3.645,0.0933,0.0415
2026-08-29 05:20:00,N004,0.3533,3.9905,0.0864,0.0
2026-08-29 05:25:00,N004,0.3588,3.7655,0.0765,0.0351
2026-08-29 05:30:00,N004,0.358,3.853,0.0953,0.0307
2026-08-29 05:35:00,N004,0.3406,3.7087,0.0922,0.041
2026-08-29 05:40:00,N004,0.3511,3.8934,0.0888,0.0305
2026-08-29 05:45:00,N004,0.3137,3.8974,0.1179,0.0113
2026-08-29 05:50:00,N004,0.3377,3.9183,0.1158,0.0267
2026-08-29 05:55:00,N004,0.3362,3.6453,0.102,0.0642
2026-08-29 06:00:00,N004,0.3509,3.8817,0.1046,0.0335
2026-08-29 06:05:00,N004,0.3346,3.9859,0.1035,0.034
2026-08-29 06:10:00,N004,0.3323,4.0463,0.1087,0.0256
2026-08-29 06:15:00,N004,0.362,3.833,0.0914,0.0226
2026-08-29 06:20:00,N004,0.3205,3.952,0.0788,0.0157
2026-08-29 06:25:00,N004,0.3161,3.8879,0.099,0.0293
2026-08-29 06:30:00,N004,0.3317,3.7603,0.1063,0.026
2026-08-29 06:35:00,N004,0.3522,3.7975,0.1029,0.054
2026-08-29 06:40:00,N004,0.3563,3.8571,0.1038,0.0309
2026-08-29 06:45:00,N004,0.3477,3.8703,0.0988,0.0378
2026-08-29 06:50:00,N004,0.3328,3.7902,0.0841,0.0107
2026-08-29 06:55:00,N004,0.3296,3.934,0.09,0.0425
2026-08-29 07:00:00,N004,0.3485,3.6814,0.1086,0.0471
2026-08-29 07:05:00,N004,0.3331,3.9709,0.0905,0.0365
2026-08-29 07:10:00,N004,0.3292,3.708,0.0962,0.0333
2026-08-29 07:15:00,N004,0.3423,3.7839,0.096,0.0393
2026-08-29 07:20:00,N004,0.3477,3.9507,0.0927,0.0529
2026-08-29 07:25:00,N004,0.3308,3.9901,0.1149,0.0427
2026-08-29 07:30:00,N004,0.3455,3.8709,0.1132,0.0142
2026-08-29 07:35:00,N004,0.3341,3.8894,0.1156,0.0414
2026-08-29 07:40:00,N004,0.3343,3.9026,0.0934,0.0251
2026-08-29 07:45:00,N004,0.3636,3.7781,0.1201,0.0483
2026-08-29 07:50:00,N004,0.3653,3.8899,0.099,0.0145
2026-08-29 07:55:00,N004,0.3412,4.0075,0.1163,0.0195
2026-08-29 08:00:00,N004,0.3437,3.9328,0.084,0.045
2026-08-29 08:05:00,N004,0.3384,3.9303,0.0953,0.0244
2026-08-29 08:10:00,N004,0.3493,3.9307,0.0963,0.0255
2026-08-29 08:15:00,N004,0.3543,4.1578,0.1024,0.0514
2026-08-29 08:20:00,N004,0.3288,3.981,0.0876,0.0144
2026-08-29 08:25:00,N004,0.3386,4.1079,0.1122,0.0403
2026-08-29 08:30:00,N004,0.3268,3.9441,0.1044,0.0394
2026-08-29 08:35:00,N004,0.3223,3.8636,0.1,0.0449
2026-08-29 08:40:00,N004,0.3171,3.9538,0.1025,0.0498
2026-08-29 08:45:00,N004,0.3605,4.0459,0.0912,0.0085
2026-08-29 08:50:00,N004,0.3443,4.099,0.1175,0.0479
2026-08-29 08:55:00,N004,0.3568,4.0271,0.0941,0.0354
2026-08-29 09:00:00,N004,0.3755,3.8712,0.1201,0.0326
2026-08-29 09:05:00,N004,0.3704,3.8183,0.1078,0.0265
2026-08-29 09:10:00,N004,0.3294,4.0161,0.1129,0.025
2026-08-29 09:15:00,N004,0.3283,3.9816,0.0997,0.046
2026-08-29 09:20:00,N004,0.3651,3.9883,0.123,0.0412
2026-08-29 09:25:00,N004,0.3458,3.8048,0.0976,0.0329
2026-08-29 09:30:00,N004,0.3655,4.0565,0.0866,0.0406
2026-08-29 09:35:00,N004,0.3612,4.1871,0.1114,0.0496
2026-08-29 09:40:00,N004,0.3522,4.0532,0.1158,0.0183
2026-08-29 09:45:00,N004,0.3461,3.9166,0.1053,0.0568
2026-08-29 09:50:00,N004,0.3425,3.7253,0.0958,0.0522
2026-08-29 09:55:00,N004,0.3597,4.0663,0.0974,0.0194
2026-08-29 10:00:00,N004,0.3594,3.9176,0.127,0.0472
2026-08-29 10:05:00,N004,0.3431,3.9471,0.0996,0.0352
2026-08-29 10:10:00,N004,0.3687,4.0456,0.092,0.0672
2026-08-29 10:15:00,N004,0.3527,4.1183,0.0935,0.0444
2026-08-29 10:20:00,N004,0.3568,3.802,0.1249,0.0585
2026-08-29 10:25:00,N004,0.3463,3.8993,0.1049,0.0405
2026-08-29 10:30:00,N004,0.3577,4.0573,0.1068,0.061
2026-08-29 10:35:00,N004,0.3609,3.9111,0.1171,0.064
2026-08-29 10:40:00,N004,0.3998,3.9051,0.1037,0.0083
2026-08-29 10:45:00,N004,0.3609,3.9769,0.1238,0.028
2026-08-29 10:50:00,N004,0.3274,3.9889,0.0771,0.051
2026-08-29 10:55:00,N004,0.3219,4.0516,0.0758,0.035
2026-08-29 11:00:00,N004,0.3776,4.0943,0.0904,0.0395
2026-08-29 11:05:00,N004,0.3533,4.1105,0.0844,0.0489
2026-08-29 11:10:00,N004,0.3126,3.981,0.0949,0.0496
2026-08-29 11:15:00,N004,0.3536,3.8907,0.0889,0.0432
2026-08-29 11:20:00,N004,0.3522,3.9926,0.095,0.0508
2026-08-29 11:25:00,N004,0.3457,4.0543,0.1268,0.0191
2026-08-29 11:30:00,N004,0.3258,4.1617,0.0926,0.0358
2026-08-29 11:35:00,N004,0.342,4.0393,0.1199,0.0527
2026-08-29 11:40:00,N004,0.3667,3.9033,0.0869,0.0
2026-08-29 11:45:00,N004,0.3417,4.1908,0.107,0.0375
2026-08-29 11:50:00,N004,0.3537,3.9961,0.1032,0.0525
2026-08-29 11:55:00,N004,0.3299,4.1175,0.112,0.0348
2026-08-29 12:00:00,N004,0.3647,4.4221,0.0995,0.0471
2026-08-29 12:05:00,N004,0.3432,4.1089,0.1063,0.0442
2026-08-29 12:10:00,N004,0.3391,4.1146,0.1183,0.0481
2026-08-29 12:15:00,N004,0.3689,4.0642,0.1098,0.0457
2026-08-29 12:20:00,N004,0.3403,4.1337,0.0889,0.0321
2026-08-29 12:25:00,N004,0.3576,4.1339,0.0865,0.0575
2026-08-29 12:30:00,N004,0.3634,4.0164,0.0823,0.0396
2026-08-29 12:35:00,N004,0.3482,4.1174,0.0964,0.0118
2026-08-29 12:40:00,N004,0.3492,4.0699,0.1084,0.0315
2026-08-29 12:45:00,N004,0.3803,3.8799,0.1165,0.0387
2026-08-29 12:50:00,N004,0.3681,4.1217,0.1144,0.0364
2026-08-29 12:55:00,N004,0.3389,4.2853,0.0994,0.0456
2026-08-29 13:00:00,N004,0.374,3.9938,0.1079,0.0336
2026-08-29 13:05:00,N004,0.3536,4.1291,0.0828,0.0308
2026-08-29 13:10:00,N004,0.3759,4.2296,0.1,0.0463
2026-08-29 13:15:00,N004,0.3513,4.2888,0.0984,0.0462
2026-08-29 13:20:00,N004,0.3731,4.0355,0.1195,0.0199
2026-08-29 13:25:00,N004,0.3804,4.0868,0.0979,0.0146
2026-08-29 13:30:00,N004,0.3492,4.0096,0.0935,0.041
2026-08-29 13:35:00,N004,0.3705,4.162,0.1045,0.0267
2026-08-29 13:40:00,N004,0.3431,4.3557,0.0919,0.0681
2026-08-29 13:45:00,N004,0.3527,4.1429,0.1136,0.0624
2026-08-29 13:50:00,N004,0.3548,4.0989,0.1001,0.0485
2026-08-29 13:55:00,N004,0.37,4.1487,0.1082,0.0681
2026-08-29 14:00:00,N004,0.3624,4.1884,0.0825,0.0042
2026-08-29 14:05:00,N004,0.3626,4.1424,0.0946,0.0474
2026-08-29 14:10:00,N004,0.356,4.2919,0.1018,0.0327
2026-08-29 14:15:00,N004,0.3719,4.1333,0.1071,0.0368
2026-08-29 14:20:00,N004,0.3474,4.1722,0.1009,0.0513
2026-08-29 14:25:00,N004,0.3532,3.9445,0.0956,0.0561
2026-08-29 14:30:00,N004,0.3529,4.1381,0.1126,0.0336
2026-08-29 14:35:00,N004,0.3343,4.1512,0.095,0.0299
2026-08-29 14:40:00,N004,0.3549,4.2322,0.1007,0.0491
2026-08-29 14:45:00,N004,0.3848,4.1349,0.1041,0.037
2026-08-29 14:50:00,N004,0.345,4.1086,0.095,0.0501
2026-08-29 14:55:00,N004,0.3931,4.0956,0.0958,0.0439
2026-08-29 15:00:00,N004,0.3639,4.216,0.1162,0.0085
2026-08-29 15:05:00,N004,0.3222,4.1276,0.1139,0.0215
2026-08-29 15:10:00,N004,0.313,4.2584,0.1037,0.0288
2026-08-29 15:15:00,N004,0.3435,4.0763,0.1021,0.0358
2026-08-29 15:20:00,N004,0.3658,3.8529,0.0905,0.0285
2026-08-29 15:25:00,N004,0.3546,4.1337,0.1103,0.0176
2026-08-29 15:30:00,N004,0.3593,4.268,0.123,0.0383
2026-08-29 15:35:00,N004,0.3635,3.9873,0.0721,0.0583
2026-08-29 15:40:00,N004,0.3587,4.348,0.0843,0.0536
2026-08-29 15:45:00,N004,0.3869,4.2597,0.1041,0.046
2026-08-29 15:50:00,N004,0.3354,4.3748,0.0934,0.0535
2026-08-29 15:55:00,N004,0.3356,4.0734,0.118,0.0409
2026-08-29 16:00:00,N004,0.381,4.2083,0.0787,0.0596
2026-08-29 16:05:00,N004,0.3504,4.3043,0.1011,0.0231
2026-08-29 16:10:00,N004,0.3619,4.4868,0.1067,0.0455
2026-08-29 16:15:00,N004,0.3756,4.2513,0.1033,0.0301
2026-08-29 16:20:00,N004,0.3631,4.353,0.0907,0.068
2026-08-29 16:25:00,N004,0.3583,4.125,0.1127,0.0424
2026-08-29 16:30:00,N004,0.3712,4.1993,0.1,0.0542
2026-08-29 16:35:00,N004,0.3643,3.9976,0.0873,0.0608
2026-08-29 16:40:00,N004,0.358,4.177,0.0845,0.0308
2026-08-29 16:45:00,N004,0.3298,4.2305,0.0936,0.0326
2026-08-29 16:50:00,N004,0.3592,4.2891,0.1259,0.0245
2026-08-29 16:55:00,N004,0.3777,4.365,0.0914,0.0504
2026-08-29 17:00:00,N004,0.3536,4.2733,0.1189,0.0565
2026-08-29 17:05:00,N004,0.3682,4.2021,0.083,0.0444
2026-08-29 17:10:00,N004,0.3788,4.0733,0.0881,0.0495
2026-08-29 17:15:00,N004,0.346,4.1642,0.0957,0.0273
2026-08-29 17:20:00,N004,0.3462,4.3465,0.0851,0.0239
2026-08-29 17:25:00,N004,0.3515,4.3527,0.0984,0.041
2026-08-29 17:30:00,N004,0.3617,4.0582,0.1067,0.0538
2026-08-29 17:35:00,N004,0.355,4.3912,0.0872,0.0651
2026-08-29 17:40:00,N004,0.3636,4.2328,0.1005,0.0466
2026-08-29 17:45:00,N004,0.3797,4.1468,0.0916,0.0639
2026-08-29 17:50:00,N004,0.3526,4.3868,0.1212,0.0424
2026-08-29 17:55:00,N004,0.3718,4.1431,0.1098,0.0516
2026-08-29 18:00:00,N004,0.3688,4.2069,0.0808,0.0562
2026-08-29 18:05:00,N004,0.3308,4.249,0.1121,0.0517
2026-08-29 18:10:00,N004,0.3911,4.4129,0.0929,0.0493
2026-08-29 18:15:00,N004,0.3613,4.1028,0.0895,0.0406
2026-08-29 18:20:00,N004,0.3316,4.3011,0.0978,0.024
2026-08-29 18:25:00,N004,0.3683,4.3841,0.1035,0.0443
2026-08-29 18:30:00,N004,0.3712,4.3826,0.1045,0.0369
2026-08-29 18:35:00,N004,0.3666,4.4472,0.0936,0.0809
2026-08-29 18:40:00,N004,0.3546,4.3104,0.0927,0.0529
2026-08-29 18:45:00,N004,0.3365,4.2438,0.0877,0.0516
2026-08-29 18:50:00,N004,0.3777,4.3896,0.0723,0.0803
2026-08-29 18:55:00,N004,0.3673,4.2217,0.1026,0.0525
2026-08-29 19:00:00,N004,0.3529,4.3414,0.0935,0.0439
2026-08-29 19:05:00,N004,0.3528,4.1485,0.1025,0.0588
2026-08-29 19:10:00,N004,0.3709,4.4216,0.1047,0.0421
2026-08-29 19:15:00,N004,0.3759,4.1631,0.09,0.0358
2026-08-29 19:20:00,N004,0.3796,4.4419,0.1066,0.0664
2026-08-29 19:25:00,N004,0.3503,4.3734,0.0993,0.0631
2026-08-29 19:30:00,N004,0.3618,4.2881,0.1073,0.0637
2026-08-29 19:35:00,N004,0.3536,4.3298,0.0881,0.0132
2026-08-29 19:40:00,N004,0.3668,4.413,0.1039,0.0215
2026-08-29 19:45:00,N004,0.3586,4.0765,0.1172,0.0346
2026-08-29 19:50:00,N004,0.3828,4.4589,0.09,0.034
2026-08-29 19:55:00,N004,0.3693,4.2469,0.102,0.0438
2026-08-29 20:00:00,N004,0.3375,4.0833,0.1035,0.0428
2026-08-29 20:05:00,N004,0.356,4.4373,0.1148,0.0472
2026-08-29 20:10:00,N004,0.3593,4.4166,0.0845,0.0547
2026-08-29 20:15:00,N004,0.3728,4.441,0.0775,0.0401
2026-08-29 20:20:00,N004,0.3514,4.3741,0.1065,0.074
2026-08-29 20:25:00,N004,0.3573,4.3052,0.1146,0.0561
2026-08-29 20:30:00,N004,0.3838,4.4023,0.0869,0.0318
2026-08-29 20:35:00,N004,0.3417,4.4499,0.115,0.0796
2026-08-29 20:40:00,N004,0.3777,4.5128,0.0938,0.0347
2026-08-29 20:45:00,N004,0.3779,4.4261,0.1021,0.0579
2026-08-29 20:50:00,N004,0.3701,4.5328,0.1163,0.0604
2026-08-29 20:55:00,N004,0.378,4.4432,0.0952,0.0637
2026-08-29 21:00:00,N004,0.3445,4.5108,0.0864,0.0567
2026-08-29 21:05:00,N004,0.3529,4.4535,0.1004,0.0286
2026-08-29 21:10:00,N004,0.372,4.3205,0.1113,0.0527
2026-08-29 21:15:00,N004,0.3717,4.2778,0.0937,0.0459
2026-08-29 21:20:00,N004,0.3787,4.5967,0.0911,0.069
2026-08-29 21:25:00,N004,0.3334,4.2549,0.0893,0.0327
2026-08-29 21:30:00,N004,0.3423,4.4506,0.0982,0.0587
2026-08-29 21:35:00,N004,0.3765,4.4356,0.1087,0.0521
2026-08-29 21:40:00,N004,0.3485,4.5335,0.0937,0.0392
2026-08-29 21:45:00,N004,0.3637,4.2998,0.0958,0.0585
2026-08-29 21:50:00,N004,0.3717,4.3044,0.0949,0.0696
2026-08-29 21:55:00,N004,0.374,4.6639,0.1149,0.0707
2026-08-29 22:00:00,N004,0.3459,4.5093,0.1001,0.0454
2026-08-29 22:05:00,N004,0.3693,4.5339,0.1068,0.0406
2026-08-29 22:10:00,N004,0.378,4.3467,0.1034,0.0493
2026-08-29 22:15:00,N004,0.3637,4.5179,0.0883,0.0832
2026-08-29 22:20:00,N004,0.3398,4.3571,0.1052,0.0629
2026-08-29 22:25:00,N004,0.3657,4.4247,0.1057,0.0507
2026-08-29 22:30:00,N004,0.3882,4.5351,0.1112,0.0398
2026-08-29 22:35:00,N004,0.3662,4.4011,0.0887,0.0598
2026-08-29 22:40:00,N004,0.3595,4.5185,0.0879,0.0803
2026-08-29 22:45:00,N004,0.3542,4.469,0.1103,0.0461
2026-08-29 22:50:00,N004,0.3805,4.2979,0.1182,0.0549
2026-08-29 22:55:00,N004,0.3589,4.4123,0.1105,0.0461
2026-08-29 23:00:00,N004,0.3567,4.4244,0.0866,0.0822
2026-08-29 23:05:00,N004,0.3596,4.5536,0.1033,0.0403
2026-08-29 23:10:00,N004,0.3681,4.5506,0.0985,0.073
2026-08-29 23:15:00,N004,0.3836,4.5696,0.0952,0.039
2026-08-29 23:20:00,N004,0.3592,4.4857,0.1073,0.0228
2026-08-29 23:25:00,N004,0.3683,4.4839,0.0974,0.0748
2026-08-29 23:30:00,N004,0.3749,4.6249,0.0982,0.0696
2026-08-29 23:35:00,N004,0.3932,4.6278,0.0877,0.0518
2026-08-29 23:40:00,N004,0.3636,4.5319,0.109,0.0432
2026-08-29 23:45:00,N004,0.3699,4.2336,0.1181,0.0482
2026-08-29 23:50:00,N004,0.3698,4.4416,0.1145,0.0134
2026-08-29 23:55:00,N004,0.3688,4.4689,0.0953,0.082
2026-08-29 00:00:00,N005,0.2864,2.3781,0.1501,0.0735
2026-08-29 00:05:00,N005,0.2734,2.4041,0.1416,0.0797
2026-08-29 00:10:00,N005,0.2865,2.1219,0.1432,0.049
2026-08-29 00:15:00,N005,0.2665,2.1345,0.1467,0.0693
2026-08-29 00:20:00,N005,0.2935,2.6438,0.1446,0.0917
2026-08-29 00:25:00,N005,0.2761,2.4758,0.1175,0.0642
2026-08-29 00:30:00,N005,0.2933,2.5579,0.1375,0.0771
2026-08-29 00:35:00,N005,0.3077,2.7441,0.1331,0.0537
2026-08-29 00:40:00,N005,0.301,2.392,0.1547,0.0637
2026-08-29 00:45:00,N005,0.2889,2.4345,0.1455,0.0656
2026-08-29 00:50:00,N005,0.2879,2.6937,0.1266,0.0686
2026-08-29 00:55:00,N005,0.3074,2.3008,0.1427,0.0524
2026-08-29 01:00:00,N005,0.31,2.3839,0.1452,0.0849
2026-08-29 01:05:00,N005,0.3107,2.5323,0.1341,0.0598
2026-08-29 01:10:00,N005,0.32,2.421,0.1245,0.0785
2026-08-29 01:15:00,N005,0.2861,2.3937,0.1196,0.0614
2026-08-29 01:20:00,N005,0.2969,2.5397,0.1483,0.0766
2026-08-29 01:25:00,N005,0.2954,2.4895,0.143,0.0879
2026-08-29 01:30:00,N005,0.3002,2.4597,0.125,0.0473
2026-08-29 01:35:00,N005,0.3084,2.5882,0.1438,0.0671
2026-08-29 01:40:00,N005,0.3196,2.4635,0.1484,0.0686
2026-08-29 01:45:00,N005,0.2895,2.5955,0.1418,0.0746
2026-08-29 01:50:00,N005,0.3,2.5226,0.1656,0.0871
2026-08-29 01:55:00,N005,0.3097,2.5433,0.149,0.0772
2026-08-29 02:00:00,N005,0.2993,2.4963,0.1359,0.022
2026-08-29 02:05:00,N005,0.3022,2.4769,0.156,0.07
2026-08-29 02:10:00,N005,0.2813,2.5323,0.1244,0.0769
2026-08-29 02:15:00,N005,0.3036,2.656,0.1274,0.0704
2026-08-29 02:20:00,N005,0.2789,2.628,0.1431,0.0774
2026-08-29 02:25:00,N005,0.2995,2.5964,0.1562,0.0658
2026-08-29 02:30:00,N005,0.3016,2.419,0.1265,0.0717
2026-08-29 02:35:00,N005,0.3162,2.5214,0.1341,0.0642
2026-08-29 02:40:00,N005,0.2918,2.5903,0.119,0.0896
2026-08-29 02:45:00,N005,0.2899,2.6443,0.1217,0.0805
2026-08-29 02:50:00,N005,0.3101,2.6066,0.125,0.0744
2026-08-29 02:55:00,N005,0.2823,2.5329,0.1493,0.0827
2026-08-29 03:00:00,N005,0.3004,2.4491,0.1447,0.0711
2026-08-29 03:05:00,N005,0.2655,2.6627,0.1366,0.089
2026-08-29 03:10:00,N005,0.284,2.1904,0.1403,0.0754
2026-08-29 03:15:00,N005,0.2751,2.457,0.17,0.0666
2026-08-29 03:20:00,N005,0.3116,2.4991,0.1118,0.0687
2026-08-29 03:25:00,N005,0.2967,2.5319,0.1355,0.0753
2026-08-29 03:30:00,N005,0.2986,2.431,0.1428,0.0422
2026-08-29 03:35:00,N005,0.2702,2.6742,0.143,0.0707
2026-08-29 03:40:00,N005,0.2801,2.5033,0.1338,0.0477
2026-08-29 03:45:00,N005,0.29,2.6693,0.154,0.0655
2026-08-29 03:50:00,N005,0.3126,2.3641,0.1448,0.0598
2026-08-29 03:55:00,N005,0.3059,2.5669,0.1528,0.0589
2026-08-29 04:00:00,N005,0.3109,2.5658,0.135,0.0693
2026-08-29 04:05:00,N005,0.2889,2.6005,0.1362,0.0758
2026-08-29 04:10:00,N005,0.3029,2.7007,0.148,0.0565
2026-08-29 04:15:00,N005,0.3148,2.4653,0.144,0.0817
2026-08-29 04:20:00,N005,0.2732,2.6216,0.1313,0.0611
2026-08-29 04:25:00,N005,0.3222,2.5348,0.1272,0.0737
2026-08-29 04:30:00,N005,0.3124,2.599,0.1509,0.0807
2026-08-29 04:35:00,N005,0.2695,2.5553,0.1302,0.08
2026-08-29 04:40:00,N005,0.2629,2.9275,0.1433,0.0751
2026-08-29 04:45:00,N005,0.3201,2.9056,0.1474,0.0872
2026-08-29 04:50:00,N005,0.3044,2.6102,0.1312,0.0607
2026-08-29 04:55:00,N005,0.2923,2.4679,0.136,0.048
2026-08-29 05:00:00,N005,0.3056,2.6283,0.1387,0.0655
2026-08-29 05:05:00,N005,0.349,2.7987,0.122,0.0769
2026-08-29 05:10:00,N005,0.2938,2.5165,0.1208,0.08
2026-08-29 05:15:00,N005,0.2928,2.7572,0.1488,0.0942
2026-08-29 05:20:00,N005,0.2903,2.7009,0.1445,0.0666
2026-08-29 05:25:00,N005,0.2916,2.8397,0.1396,0.0834
2026-08-29 05:30:00,N005,0.291,2.5031,0.1301,0.0721
2026-08-29 05:35:00,N005,0.2875,2.651,0.1167,0.0573
2026-08-29 05:40:00,N005,0.3136,2.7274,0.1322,0.0589
2026-08-29 05:45:00,N005,0.2882,2.6129,0.1447,0.0882
2026-08-29 05:50:00,N005,0.2963,2.5221,0.1401,0.062
2026-08-29 05:55:00,N005,0.2961,2.8223,0.1468,0.0768
2026-08-29 06:00:00,N005,0.2849,2.6914,0.1497,0.0689
2026-08-29 06:05:00,N005,0.3243,2.8239,0.1569,0.0793
2026-08-29 06:10:00,N005,0.313,2.8413,0.1423,0.0673
2026-08-29 06:15:00,N005,0.2975,2.703,0.1214,0.0727
2026-08-29 06:20:00,N005,0.3208,2.4142,0.1553,0.0918
2026-08-29 06:25:00,N005,0.2976,2.7451,0.137,0.0935
2026-08-29 06:30:00,N005,0.3193,2.5147,0.144,0.0721
2026-08-29 06:35:00,N005,0.3059,2.5981,0.1579,0.0909
2026-08-29 06:40:00,N005,0.2937,2.5281,0.1323,0.0819
2026-08-29 06:45:00,N005,0.3085,2.8414,0.1464,0.0901
2026-08-29 06:50:00,N005,0.3099,2.5271,0.1346,0.0915
2026-08-29 06:55:00,N005,0.3043,2.757,0.1331,0.0603
2026-08-29 07:00:00,N005,0.3033,2.7365,0.1291,0.0723
2026-08-29 07:05:00,N005,0.2912,2.8365,0.1334,0.0977
2026-08-29 07:10:00,N005,0.3283,2.6952,0.1248,0.0447
2026-08-29 07:15:00,N005,0.2834,2.5428,0.1535,0.0779
2026-08-29 07:20:00,N005,0.3115,2.444,0.1225,0.0895
2026-08-29 07:25:00,N005,0.31,2.6956,0.1437,0.1009
2026-08-29 07:30:00,N005,0.3025,2.7244,0.1392,0.1123
2026-08-29 07:35:00,N005,0.2744,2.8008,0.1355,0.0851
2026-08-29 07:40:00,N005,0.2962,2.7157,0.1455,0.1234
2026-08-29 07:45:00,N005,0.3183,2.6226,0.1318,0.07
2026-08-29 07:50:00,N005,0.2793,2.6875,0.1457,0.0578
2026-08-29 07:55:00,N005,0.3221,2.7885,0.1281,0.0748
2026-08-29 08:00:00,N005,0.3304,2.8207,0.137,0.0735
2026-08-29 08:05:00,N005,0.3077,2.6741,0.1117,0.1078
2026-08-29 08:10:00,N005,0.309,2.786,0.1362,0.0663
2026-08-29 08:15:00,N005,0.304,2.5491,0.1642,0.0589
2026-08-29 08:20:00,N005,0.2914,2.691,0.1524,0.0777
2026-08-29 08:25:00,N005,0.2884,2.8971,0.1457,0.0857
2026-08-29 08:30:00,N005,0.3178,3.0367,0.1631,0.0674
2026-08-29 08:35:00,N005,0.3315,2.7981,0.1429,0.0524
2026-08-29 08:40:00,N005,0.3047,2.6574,0.1469,0.094
2026-08-29 08:45:00,N005,0.2763,2.7551,0.1504,0.0752
2026-08-29 08:50:00,N005,0.3184,2.8026,0.141,0.074
2026-08-29 08:55:00,N005,0.2893,2.6287,0.1454,0.0785
2026-08-29 09:00:00,N005,0.3056,2.7152,0.1333,0.094
2026-08-29 09:05:00,N005,0.3028,2.6079,0.1458,0.0754
2026-08-29 09:10:00,N005,0.3084,2.9645,0.1367,0.0829
2026-08-29 09:15:00,N005,0.2903,2.748,0.1442,0.0553
2026-08-29 09:20:00,N005,0.3111,2.7892,0.1374,0.0943
2026-08-29 09:25:00,N005,0.3132,2.9573,0.125,0.0809
2026-08-29 09:30:00,N005,0.3096,2.6544,0.1484,0.1138
2026-08-29 09:35:00,N005,0.3082,2.8461,0.1379,0.0683
2026-08-29 09:40:00,N005,0.2812,2.7036,0.1202,0.1047
2026-08-29 09:45:00,N005,0.3069,2.7495,0.1476,0.0624
2026-08-29 09:50:00,N005,0.2972,2.802,0.1493,0.0869
2026-08-29 09:55:00,N005,0.3126,2.806,0.1417,0.0825
2026-08-29 10:00:00,N005,0.2935,2.8049,0.124,0.0808
2026-08-29 10:05:00,N005,0.3018,3.1069,0.1364,0.0586
2026-08-29 10:10:00,N005,0.3071,2.8672,0.157,0.0709
2026-08-29 10:15:00,N005,0.2855,2.9057,0.1204,0.0733
2026-08-29 10:20:00,N005,0.3055,2.8021,0.1452,0.0697
2026-08-29 10:25:00,N005,0.3054,2.8115,0.1387,0.0816
2026-08-29 10:30:00,N005,0.3161,2.9173,0.1416,0.087
2026-08-29 10:35:00,N005,0.2859,2.8248,0.1427,0.0912
2026-08-29 10:40:00,N005,0.2994,2.7425,0.13,0.0885
2026-08-29 10:45:00,N005,0.3254,2.7755,0.1478,0.0824
2026-08-29 10:50:00,N005,0.3081,2.8018,0.1459,0.0855
2026-08-29 10:55:00,N005,0.3442,2.7277,0.1431,0.0728
2026-08-29 11:00:00,N005,0.2972,2.8314,0.1386,0.1246
2026-08-29 11:05:00,N005,0.3075,2.6999,0.1402,0.0498
2026-08-29 11:10:00,N005,0.309,2.8402,0.1465,0.0956
2026-08-29 11:15:00,N005,0.303,2.823,0.1277,0.0642
2026-08-29 11:20:00,N005,0.3153,2.691,0.1319,0.0663
2026-08-29 11:25:00,N005,0.319,3.0628,0.1213,0.0536
2026-08-29 11:30:00,N005,0.3089,2.8513,0.1395,0.0748
2026-08-29 11:35:00,N005,0.3079,2.8963,0.1494,0.0522
2026-08-29 11:40:00,N005,0.3055,2.8806,0.1259,0.1076
2026-08-29 11:45:00,N005,0.3016,2.8527,0.1436,0.0729
2026-08-29 11:50:00,N005,0.2835,2.809,0.1493,0.0768
2026-08-29 11:55:00,N005,0.2986,2.9743,0.133,0.0743
2026-08-29 12:00:00,N005,0.3137,2.9585,0.1655,0.0945
2026-08-29 12:05:00,N005,0.3289,2.8081,0.1246,0.0831
2026-08-29 12:10:00,N005,0.3133,2.7422,0.1348,0.0883
2026-08-29 12:15:00,N005,0.3172,2.9349,0.1404,0.0748
2026-08-29 12:20:00,N005,0.3042,2.7333,0.1583,0.0827
2026-08-29 12:25:00,N005,0.3086,2.7685,0.1721,0.0665
2026-08-29 12:30:00,N005,0.3056,2.9326,0.1441,0.0971
2026-08-29 12:35:00,N005,0.3393,2.9462,0.1242,0.0789
2026-08-29 12:40:00,N005,0.3169,3.1364,0.1201,0.1009
2026-08-29 12:45:00,N005,0.3151,2.9916,0.1357,0.0704
2026-08-29 12:50:00,N005,0.3237,2.9723,0.1486,0.0829
2026-08-29 12:55:00,N005,0.3036,2.7095,0.1468,0.0896
2026-08-29 13:00:00,N005,0.2982,2.8347,0.1313,0.0611
2026-08-29 13:05:00,N005,0.3005,2.7661,0.132,0.0723
2026-08-29 13:10:00,N005,0.2885,3.1476,0.152,0.0718
2026-08-29 13:15:00,N005,0.3171,2.9578,0.1512,0.0714
2026-08-29 13:20:00,N005,0.3295,2.8447,0.1209,0.0946
2026-08-29 13:25:00,N005,0.3326,3.2238,0.1225,0.0943
2026-08-29 13:30:00,N005,0.3072,3.01,0.1193,0.065
2026-08-29 13:35:00,N005,0.3018,2.9283,0.1292,0.0939
2026-08-29 13:40:00,N005,0.3289,2.9935,0.1563,0.0904
2026-08-29 13:45:00,N005,0.2954,3.088,0.1297,0.0979
2026-08-29 13:50:00,N005,0.3373,2.982,0.119,0.0706
2026-08-29 13:55:00,N005,0.3337,2.9096,0.1379,0.0959
2026-08-29 14:00:00,N005,0.3244,2.9662,0.1344,0.0799
2026-08-29 14:05:00,N005,0.3269,3.0019,0.1338,0.1009
2026-08-29 14:10:00,N005,0.3122,2.8361,0.1278,0.0701
2026-08-29 14:15:00,N005,0.3102,3.0891,0.1273,0.0877
2026-08-29 14:20:00,N005,0.3045,2.9126,0.1188,0.0817
2026-08-29 14:25:00,N005,0.3116,3.0114,0.1396,0.0671
2026-08-29 14:30:00,N005,0.3308,2.9746,0.1393,0.0851
2026-08-29 14:35:00,N005,0.3069,2.9783,0.1426,0.0591
2026-08-29 14:40:00,N005,0.3067,2.9243,0.14,0.1033
2026-08-29 14:45:00,N005,0.3033,2.8979,0.1308,0.0735
2026-08-29 14:50:00,N005,0.3098,3.053,0.1243,0.092
2026-08-29 14:55:00,N005,0.2896,2.8959,0.133,0.1108
2026-08-29 15:00:00,N005,0.3111,2.7019,0.1129,0.0863
2026-08-29 15:05:00,N005,0.3245,3.0139,0.1389,0.1034
2026-08-29 15:10:00,N005,0.3073,3.079,0.1173,0.0725
2026-08-29 15:15:00,N005,0.2884,2.9414,0.1364,0.0878
2026-08-29 15:20:00,N005,0.3165,2.8658,0.1346,0.0638
2026-08-29 15:25:00,N005,0.3362,2.9435,0.1311,0.1102
2026-08-29 15:30:00,N005,0.2972,2.8476,0.1238,0.0854
2026-08-29 15:35:00,N005,0.3224,3.0742,0.1678,0.0528
2026-08-29 15:40:00,N005,0.3252,2.9214,0.1299,0.0774
2026-08-29 15:45:00,N005,0.3025,3.1932,0.147,0.0871
2026-08-29 15:50:00,N005,0.3365,2.8123,0.121,0.0542
2026-08-29 15:55:00,N005,0.3058,3.016,0.1382,0.0892
2026-08-29 16:00:00,N005,0.2953,3.0957,0.1398,0.0981
2026-08-29 16:05:00,N005,0.2882,3.0395,0.1227,0.0812
2026-08-29 16:10:00,N005,0.3247,3.0159,0.1267,0.0874
2026-08-29 16:15:00,N005,0.2938,3.1457,0.1345,0.1042
2026-08-29 16:20:00,N005,0.309,2.9477,0.1277,0.1006
2026-08-29 16:25:00,N005,0.3063,3.0906,0.1323,0.058
2026-08-29 16:30:00,N005,0.3085,2.8745,0.1373,0.0698
2026-08-29 16:35:00,N005,0.3311,3.0079,0.1348,0.0976
2026-08-29 16:40:00,N005,0.3317,3.0192,0.1277,0.0613
2026-08-29 16:45:00,N005,0.3071,2.9503,0.1382,0.0828
2026-08-29 16:50:00,N005,0.3278,2.9536,0.1362,0.1059
2026-08-29 16:55:00,N005,0.3227,3.0227,0.1297,0.0787
2026-08-29 17:00:00,N005,0.3049,2.9678,0.146,0.085
2026-08-29 17:05:00,N005,0.2976,3.2477,0.1408,0.0673
2026-08-29 17:10:00,N005,0.3113,3.0516,0.1574,0.0719
2026-08-29 17:15:00,N005,0.3326,3.209,0.1294,0.0845
2026-08-29 17:20:00,N005,0.3026,3.0194,0.1365,0.0986
2026-08-29 17:25:00,N005,0.3346,2.9568,0.1133,0.0885
2026-08-29 17:30:00,N005,0.3227,3.0793,0.133,0.0908
2026-08-29 17:35:00,N005,0.3412,3.098,0.1324,0.0816
2026-08-29 17:40:00,N005,0.316,3.2513,0.1347,0.0889
2026-08-29 17:45:00,N005,0.3114,3.1896,0.1604,0.096
2026-08-29 17:50:00,N005,0.32,3.0649,0.1083,0.1005
2026-08-29 17:55:00,N005,0.3209,3.1147,0.1284,0.0837
2026-08-29 18:00:00,N005,0.3128,3.1886,0.1324,0.1208
2026-08-29 18:05:00,N005,0.3255,2.9157,0.1354,0.0799
2026-08-29 18:10:00,N005,0.2862,3.2635,0.1454,0.0978
2026-08-29 18:15:00,N005,0.3217,2.9085,0.1311,0.1025
2026-08-29 18:20:00,N005,0.3036,2.7733,0.1342,0.0879
2026-08-29 18:25:00,N005,0.3215,3.1673,0.1446,0.094
2026-08-29 18:30:00,N005,0.3375,2.9004,0.143,0.0996
2026-08-29 18:35:00,N005,0.3011,2.9051,0.128,0.0804
2026-08-29 18:40:00,N005,0.3311,3.0145,0.1266,0.0812
2026-08-29 18:45:00,N005,0.3367,3.0926,0.1348,0.0889
2026-08-29 18:50:00,N005,0.3394,3.0039,0.1527,0.0938
2026-08-29 18:55:00,N005,0.3177,3.3967,0.1243,0.0854
2026-08-29 19:00:00,N005,0.3017,3.2137,0.1572,0.1159
2026-08-29 19:05:00,N005,0.3497,3.214,0.1356,0.0828
2026-08-29 19:10:00,N005,0.373,3.4324,0.1371,0.1449
2026-08-29 19:15:00,N005,0.339,3.5633,0.144,0.1516
2026-08-29 19:20:00,N005,0.3637,3.4787,0.15,0.1748
2026-08-29 19:25:00,N005,0.3754,3.8842,0.1396,0.1757
2026-08-29 19:30:00,N005,0.3776,4.0192,0.1556,0.2035
2026-08-29 19:35:00,N005,0.4144,4.151,0.1616,0.1952
2026-08-29 19:40:00,N005,0.4091,4.1424,0.1572,0.2216
2026-08-29 19:45:00,N005,0.4056,4.1098,0.1564,0.2472
2026-08-29 19:50:00,N005,0.4112,4.485,0.1902,0.2767
2026-08-29 19:55:00,N005,0.4672,4.6684,0.1845,0.2676
2026-08-29 20:00:00,N005,0.444,4.4311,0.1878,0.3186
2026-08-29 20:05:00,N005,0.4565,4.8677,0.1675,0.3183
2026-08-29 20:10:00,N005,0.4928,4.8274,0.1845,0.3254
2026-08-29 20:15:00,N005,0.4887,5.23,0.1804,0.3451
2026-08-29 20:20:00,N005,0.4949,5.4297,0.1908,0.367
2026-08-29 20:25:00,N005,0.4902,5.4062,0.1996,0.3813
2026-08-29 20:30:00,N005,0.5303,5.802,0.2043,0.3992
2026-08-29 20:35:00,N005,0.5238,5.422,0.1929,0.4099
2026-08-29 20:40:00,N005,0.5485,5.8483,0.1941,0.4052
2026-08-29 20:45:00,N005,0.5396,6.0624,0.2216,0.4475
2026-08-29 20:50:00,N005,0.5698,6.2578,0.1943,0.4715
2026-08-29 20:55:00,N005,0.5649,6.3857,0.2089,0.4875
2026-08-29 21:00:00,N005,0.5754,6.5051,0.2352,0.485
2026-08-29 21:05:00,N005,0.5931,6.5864,0.2226,0.5088
2026-08-29 21:10:00,N005,0.5668,6.8601,0.2254,0.5081
2026-08-29 21:15:00,N005,0.6114,7.0236,0.2367,0.5653
2026-08-29 21:20:00,N005,0.6289,6.9837,0.2208,0.5852
2026-08-29 21:25:00,N005,0.6296,7.0154,0.2375,0.5847
2026-08-29 21:30:00,N005,0.6745,7.1699,0.2278,0.5886
2026-08-29 21:35:00,N005,0.6651,7.2114,0.2256,0.5979
2026-08-29 21:40:00,N005,0.6865,7.6132,0.2138,0.6565
2026-08-29 21:45:00,N005,0.7247,7.6711,0.2299,0.6959
2026-08-29 21:50:00,N005,0.6785,7.8064,0.2428,0.6908
2026-08-29 21:55:00,N005,0.7148,7.8825,0.2323,0.6826
2026-08-29 22:00:00,N005,0.7055,8.0865,0.24,0.6823
2026-08-29 22:05:00,N005,0.7505,8.1594,0.2346,0.7193
2026-08-29 22:10:00,N005,0.7438,8.1479,0.2568,0.7231
2026-08-29 22:15:00,N005,0.7796,8.5587,0.2511,0.7447
2026-08-29 22:20:00,N005,0.7635,8.7077,0.2586,0.7697
2026-08-29 22:25:00,N005,0.777,8.7001,0.2579,0.7587
2026-08-29 22:30:00,N005,0.8019,8.9468,0.2558,0.8355
2026-08-29 22:35:00,N005,0.7997,8.925,0.2784,0.8301
2026-08-29 22:40:00,N005,0.8154,9.1366,0.2766,0.8372
2026-08-29 22:45:00,N005,0.829,9.0975,0.269,0.8841
2026-08-29 22:50:00,N005,0.8203,9.392,0.2719,0.8571
2026-08-29 22:55:00,N005,0.8098,9.5751,0.2819,0.8915
2026-08-29 23:00:00,N005,0.8518,9.7463,0.2956,0.9065
2026-08-29 23:05:00,N005,0.8565,9.8458,0.2934,0.9476
2026-08-29 23:10:00,N005,0.8668,10.0298,0.2935,0.9286
2026-08-29 23:15:00,N005,0.8877,9.9804,0.2713,0.966
2026-08-29 23:20:00,N005,0.8927,10.3189,0.2953,0.963
2026-08-29 23:25:00,N005,0.9089,10.2851,0.3153,0.9743
2026-08-29 23:30:00,N005,0.9178,10.4463,0.3085,1.0067
2026-08-29 23:35:00,N005,0.9241,10.8122,0.3051,1.0365
2026-08-29 23:40:00,N005,0.9283,10.6796,0.3091,1.041
2026-08-29 23:45:00,N005,0.9635,10.9769,0.3133,1.0385
2026-08-29 23:50:00,N005,0.9935,11.1052,0.3222,1.0674
2026-08-29 23:55:00,N005,0.981,11.1069,0.3223,1.0916
2026-08-29 00:00:00,N006,0.3453,3.2888,0.103,0.0476
2026-08-29 00:05:00,N006,0.3369,3.2728,0.0837,0.0402
2026-08-29 00:10:00,N006,0.3143,2.7418,0.1082,0.041
2026-08-29 00:15:00,N006,0.3345,3.0326,0.1418,0.0352
2026-08-29 00:20:00,N006,0.3465,2.9702,0.1082,0.0356
2026-08-29 00:25:00,N006,0.3328,3.2691,0.1188,0.0413
2026-08-29 00:30:00,N006,0.3045,3.0103,0.1371,0.0359
2026-08-29 00:35:00,N006,0.3557,3.2295,0.1073,0.0268
2026-08-29 00:40:00,N006,0.3027,3.1413,0.0949,0.0422
2026-08-29 00:45:00,N006,0.3206,3.0302,0.1051,0.0437
2026-08-29 00:50:00,N006,0.3228,3.2084,0.0975,0.0146
2026-08-29 00:55:00,N006,0.3379,3.0717,0.1066,0.0603
2026-08-29 01:00:00,N006,0.3361,3.056,0.0914,0.0523
2026-08-29 01:05:00,N006,0.3426,3.0227,0.0818,0.0617
2026-08-29 01:10:00,N006,0.3215,3.0049,0.109,0.0222
2026-08-29 01:15:00,N006,0.3176,2.8238,0.1133,0.0321
2026-08-29 01:20:00,N006,0.384,2.9621,0.0936,0.0319
2026-08-29 01:25:00,N006,0.3439,3.0278,0.112,0.0258
2026-08-29 01:30:00,N006,0.3196,2.8712,0.078,0.0328
2026-08-29 01:35:00,N006,0.3359,3.014,0.1196,0.0591
2026-08-29 01:40:00,N006,0.3355,2.8773,0.0979,0.0318
2026-08-29 01:45:00,N006,0.3308,3.0116,0.0968,0.0351
2026-08-29 01:50:00,N006,0.3312,3.1231,0.109,0.0274
2026-08-29 01:55:00,N006,0.3599,2.9833,0.0852,0.0468
2026-08-29 02:00:00,N006,0.3287,3.1422,0.0758,0.0621
2026-08-29 02:05:00,N006,0.3511,2.9264,0.0869,0.0664
2026-08-29 02:10:00,N006,0.3301,3.0091,0.0775,0.0362
2026-08-29 02:15:00,N006,0.3378,3.1978,0.0879,0.0187
2026-08-29 02:20:00,N006,0.3481,3.2356,0.0858,0.0579
2026-08-29 02:25:00,N006,0.342,3.2486,0.1038,0.0039
2026-08-29 02:30:00,N006,0.3393,3.2475,0.0939,0.036
2026-08-29 02:35:00,N006,0.339,2.7752,0.1247,0.0284
2026-08-29 02:40:00,N006,0.3494,3.1155,0.1198,0.0481
2026-08-29 02:45:00,N006,0.3384,3.0214,0.1142,0.0141
2026-08-29 02:50:00,N006,0.3517,2.9995,0.1197,0.0447
2026-08-29 02:55:00,N006,0.3517,3.144,0.0836,0.0295
2026-08-29 03:00:00,N006,0.3523,3.157,0.1188,0.0485
2026-08-29 03:05:00,N006,0.3278,3.0442,0.1059,0.0079
2026-08-29 03:10:00,N006,0.3675,3.1956,0.1194,0.019
2026-08-29 03:15:00,N006,0.3612,3.4131,0.0888,0.0544
2026-08-29 03:20:00,N006,0.3426,2.9628,0.1106,0.0554
2026-08-29 03:25:00,N006,0.3337,3.2908,0.0847,0.0206
2026-08-29 03:30:00,N006,0.3449,3.1567,0.0961,0.0552
2026-08-29 03:35:00,N006,0.3509,3.2594,0.1032,0.0522
2026-08-29 03:40:00,N006,0.3363,3.4057,0.0949,0.0749
2026-08-29 03:45:00,N006,0.3436,2.9969,0.1211,0.0453
2026-08-29 03:50:00,N006,0.356,3.3116,0.1087,0.0346
2026-08-29 03:55:00,N006,0.358,3.1676,0.1129,0.0113
2026-08-29 04:00:00,N006,0.3501,3.0937,0.1245,0.0531
2026-08-29 04:05:00,N006,0.3471,3.2315,0.0927,0.0682
2026-08-29 04:10:00,N006,0.3735,3.223,0.1237,0.0354
2026-08-29 04:15:00,N006,0.3318,3.1836,0.1099,0.0381
2026-08-29 04:20:00,N006,0.3519,3.2182,0.0927,0.0519
2026-08-29 04:25:00,N006,0.3569,3.2048,0.1185,0.026
2026-08-29 04:30:00,N006,0.3511,3.0466,0.0913,0.0349
2026-08-29 04:35:00,N006,0.33,3.124,0.1021,0.057
2026-08-29 04:40:00,N006,0.3395,3.0023,0.1183,0.032
2026-08-29 04:45:00,N006,0.3435,3.2489,0.1071,0.0611
2026-08-29 04:50:00,N006,0.3517,3.0947,0.1308,0.0477
2026-08-29 04:55:00,N006,0.3424,3.3165,0.1077,0.0509
2026-08-29 05:00:00,N006,0.3821,3.1706,0.1008,0.0467
2026-08-29 05:05:00,N006,0.3609,3.0256,0.0811,0.0363
2026-08-29 05:10:00,N006,0.3204,3.1582,0.1107,0.0318
2026-08-29 05:15:00,N006,0.3236,3.2203,0.115,0.0199
2026-08-29 05:20:00,N006,0.3574,3.3128,0.1161,0.0637
2026-08-29 05:25:00,N006,0.3782,3.1748,0.106,0.0392
2026-08-29 05:30:00,N006,0.3453,3.4043,0.0885,0.0327
2026-08-29 05:35:00,N006,0.3661,3.3455,0.1003,0.0585
2026-08-29 05:40:00,N006,0.3506,3.4059,0.1056,0.0612
2026-08-29 05:45:00,N006,0.3853,3.3004,0.1053,0.0567
2026-08-29 05:50:00,N006,0.3402,3.518,0.1068,0.0419
2026-08-29 05:55:00,N006,0.3333,3.3659,0.1151,0.0387
2026-08-29 06:00:00,N006,0.3546,3.056,0.1069,0.053
2026-08-29 06:05:00,N006,0.3717,3.1473,0.0893,0.0329
2026-08-29 06:10:00,N006,0.3261,3.4029,0.1232,0.0512
2026-08-29 06:15:00,N006,0.3646,3.2614,0.1035,0.0415
2026-08-29 06:20:00,N006,0.3417,3.0624,0.1078,0.046
2026-08-29 06:25:00,N006,0.3576,3.2621,0.1027,0.0337
2026-08-29 06:30:00,N006,0.3476,3.3422,0.0909,0.0482
2026-08-29 06:35:00,N006,0.3502,3.1703,0.0976,0.0504
2026-08-29 06:40:00,N006,0.3298,3.3012,0.0939,0.063
2026-08-29 06:45:00,N006,0.3819,3.1587,0.1111,0.0363
2026-08-29 06:50:00,N006,0.3626,3.1129,0.1104,0.0342
2026-08-29 06:55:00,N006,0.344,3.1438,0.1145,0.0348
2026-08-29 07:00:00,N006,0.3555,3.229,0.1033,0.0497
2026-08-29 07:05:00,N006,0.3359,3.2983,0.123,0.0359
2026-08-29 07:10:00,N006,0.365,3.4556,0.0949,0.0259
2026-08-29 07:15:00,N006,0.352,3.213,0.1271,0.0483
2026-08-29 07:20:00,N006,0.3356,3.1438,0.1177,0.0393
2026-08-29 07:25:00,N006,0.3484,3.3989,0.0989,0.0473
2026-08-29 07:30:00,N006,0.3476,3.369,0.1118,0.0448
2026-08-29 07:35:00,N006,0.3489,3.2452,0.0869,0.0521
2026-08-29 07:40:00,N006,0.3764,3.1865,0.0954,0.0352
2026-08-29 07:45:00,N006,0.359,3.3491,0.1028,0.0346
2026-08-29 07:50:00,N006,0.3496,3.1103,0.1064,0.0616
2026-08-29 07:55:00,N006,0.3296,3.117,0.1236,0.0394
2026-08-29 08:00:00,N006,0.3655,3.2852,0.1027,0.0553
2026-08-29 08:05:00,N006,0.3353,3.3223,0.1001,0.029
2026-08-29 08:10:00,N006,0.3537,3.2776,0.1028,0.0308
2026-08-29 08:15:00,N006,0.3726,3.4172,0.1162,0.0445
2026-08-29 08:20:00,N006,0.3229,3.5491,0.1039,0.0379
2026-08-29 08:25:00,N006,0.3552,3.4576,0.1044,0.0684
2026-08-29 08:30:00,N006,0.3653,3.1912,0.0966,0.0637
2026-08-29 08:35:00,N006,0.3085,3.3052,0.0875,0.0423
2026-08-29 08:40:00,N006,0.3448,3.2829,0.098,0.0331
2026-08-29 08:45:00,N006,0.3838,3.5527,0.0907,0.0734
2026-08-29 08:50:00,N006,0.3435,3.3469,0.1039,0.0399
2026-08-29 08:55:00,N006,0.3643,3.3493,0.0989,0.0303
2026-08-29 09:00:00,N006,0.3363,3.14,0.1048,0.032
2026-08-29 09:05:00,N006,0.3458,3.5042,0.1191,0.0496
2026-08-29 09:10:00,N006,0.3486,3.5681,0.1109,0.0453
2026-08-29 09:15:00,N006,0.3286,3.3926,0.1146,0.0408
2026-08-29 09:20:00,N006,0.3545,3.3045,0.1025,0.0131
2026-08-29 09:25:00,N006,0.3469,3.4672,0.0971,0.0513
2026-08-29 09:30:00,N006,0.339,3.3969,0.1021,0.0365
2026-08-29 09:35:00,N006,0.3704,3.4679,0.0974,0.0582
2026-08-29 09:40:00,N006,0.3586,3.4363,0.0843,0.0659
2026-08-29 09:45:00,N006,0.3421,3.319,0.1363,0.0554
2026-08-29 09:50:00,N006,0.3449,3.1001,0.1213,0.0308
2026-08-29 09:55:00,N006,0.3358,3.3278,0.1217,0.0627
2026-08-29 10:00:00,N006,0.3486,3.4073,0.0975,0.0533
2026-08-29 10:05:00,N006,0.3521,3.4893,0.1163,0.0587
2026-08-29 10:10:00,N006,0.3457,3.4649,0.1036,0.0352
2026-08-29 10:15:00,N006,0.3452,3.3888,0.1156,0.0488
2026-08-29 10:20:00,N006,0.3332,3.3882,0.106,0.0544
2026-08-29 10:25:00,N006,0.3653,3.5065,0.0975,0.0425
2026-08-29 10:30:00,N006,0.336,3.4708,0.122,0.0471
2026-08-29 10:35:00,N006,0.348,3.5658,0.1107,0.0585
2026-08-29 10:40:00,N006,0.3339,3.474,0.0935,0.035
2026-08-29 10:45:00,N006,0.3467,3.325,0.102,0.0305
2026-08-29 10:50:00,N006,0.3664,3.5334,0.0813,0.0669
2026-08-29 10:55:00,N006,0.3399,3.5037,0.1038,0.0528
2026-08-29 11:00:00,N006,0.3494,3.5491,0.0898,0.0616
2026-08-29 11:05:00,N006,0.3688,3.4924,0.1326,0.0446
2026-08-29 11:10:00,N006,0.3668,3.3965,0.1195,0.0526
2026-08-29 11:15:00,N006,0.3467,3.5687,0.0988,0.0316
2026-08-29 11:20:00,N006,0.3449,3.489,0.1214,0.0546
2026-08-29 11:25:00,N006,0.3725,3.2546,0.0993,0.0487
2026-08-29 11:30:00,N006,0.3511,3.4304,0.113,0.0464
2026-08-29 11:35:00,N006,0.355,3.4177,0.0936,0.0515
2026-08-29 11:40:00,N006,0.3509,3.4061,0.105,0.0544
2026-08-29 11:45:00,N006,0.3466,3.5814,0.0906,0.0426
2026-08-29 11:50:00,N006,0.3949,3.3069,0.0884,0.0645
2026-08-29 11:55:00,N006,0.3222,3.406,0.1304,0.0304
2026-08-29 12:00:00,N006,0.3237,3.2571,0.1154,0.0706
2026-08-29 12:05:00,N006,0.3459,3.5217,0.1213,0.0806
2026-08-29 12:10:00,N006,0.35,3.1664,0.0948,0.0475
2026-08-29 12:15:00,N006,0.3499,3.4228,0.1181,0.0732
2026-08-29 12:20:00,N006,0.3513,3.5799,0.109,0.0551
2026-08-29 12:25:00,N006,0.3676,3.4595,0.1294,0.0327
2026-08-29 12:30:00,N006,0.3463,3.4385,0.1099,0.0734
2026-08-29 12:35:00,N006,0.3538,3.2858,0.1148,0.0658
2026-08-29 12:40:00,N006,0.3251,3.4588,0.0856,0.0446
2026-08-29 12:45:00,N006,0.3408,3.5591,0.1061,0.0354
2026-08-29 12:50:00,N006,0.3677,3.2927,0.1086,0.0426
2026-08-29 12:55:00,N006,0.3491,3.5281,0.1109,0.0749
2026-08-29 13:00:00,N006,0.3535,3.5071,0.0994,0.0577
2026-08-29 13:05:00,N006,0.3614,3.4613,0.083,0.0601
2026-08-29 13:10:00,N006,0.3604,3.3943,0.0892,0.0773
2026-08-29 13:15:00,N006,0.3624,3.4512,0.091,0.043
2026-08-29 13:20:00,N006,0.3746,3.4979,0.0981,0.063
2026-08-29 13:25:00,N006,0.343,3.6643,0.1209,0.0485
2026-08-29 13:30:00,N006,0.3459,3.1728,0.0869,0.0355
2026-08-29 13:35:00,N006,0.3574,3.4506,0.0885,0.0515
2026-08-29 13:40:00,N006,0.3631,3.5559,0.0819,0.0539
2026-08-29 13:45:00,N006,0.3349,3.6035,0.1141,0.0424
2026-08-29 13:50:00,N006,0.3442,3.4427,0.0776,0.0611
2026-08-29 13:55:00,N006,0.3517,3.6173,0.0915,0.0468
2026-08-29 14:00:00,N006,0.3333,3.3831,0.0905,0.0712
2026-08-29 14:05:00,N006,0.3456,3.5213,0.1001,0.0373
2026-08-29 14:10:00,N006,0.3536,3.5811,0.0902,0.0686
2026-08-29 14:15:00,N006,0.3435,3.454,0.111,0.0466
2026-08-29 14:20:00,N006,0.3569,3.477,0.1062,0.0209
2026-08-29 14:25:00,N006,0.329,3.5915,0.1171,0.0431
2026-08-29 14:30:00,N006,0.3529,3.5557,0.113,0.0264
2026-08-29 14:35:00,N006,0.3434,3.4832,0.1131,0.0944
2026-08-29 14:40:00,N006,0.3534,3.357,0.1095,0.0769
2026-08-29 14:45:00,N006,0.3585,3.4199,0.1162,0.0671
2026-08-29 14:50:00,N006,0.3416,3.5772,0.1166,0.075
2026-08-29 14:55:00,N006,0.3561,3.4912,0.1194,0.0392
2026-08-29 15:00:00,N006,0.3638,3.3726,0.1174,0.0536
2026-08-29 15:05:00,N006,0.3763,3.5987,0.09,0.0789
2026-08-29 15:10:00,N006,0.3807,3.6484,0.0955,0.0531
2026-08-29 15:15:00,N006,0.3597,3.4609,0.125,0.06
2026-08-29 15:20:00,N006,0.3171,3.5888,0.1005,0.0568
2026-08-29 15:25:00,N006,0.3522,3.6477,0.1181,0.0622
2026-08-29 15:30:00,N006,0.3527,3.5487,0.1049,0.0461
2026-08-29 15:35:00,N006,0.3666,3.6116,0.1231,0.077
2026-08-29 15:40:00,N006,0.3477,3.6576,0.0933,0.0687
2026-08-29 15:45:00,N006,0.3504,3.4392,0.108,0.0183
2026-08-29 15:50:00,N006,0.332,3.5435,0.1057,0.053
2026-08-29 15:55:00,N006,0.3346,3.4694,0.1094,0.0673
2026-08-29 16:00:00,N006,0.3582,3.7091,0.1094,0.0475
2026-08-29 16:05:00,N006,0.3543,3.4048,0.1034,0.0755
2026-08-29 16:10:00,N006,0.3689,3.7441,0.101,0.0791
2026-08-29 16:15:00,N006,0.3559,3.7552,0.1044,0.0696
2026-08-29 16:20:00,N006,0.381,3.5582,0.1073,0.0785
2026-08-29 16:25:00,N006,0.357,3.4257,0.1304,0.0522
2026-08-29 16:30:00,N006,0.3614,3.7257,0.0974,0.0442
2026-08-29 16:35:00,N006,0.363,3.3746,0.1012,0.0631
2026-08-29 16:40:00,N006,0.3552,3.4073,0.1238,0.0611
2026-08-29 16:45:00,N006,0.3808,3.5641,0.0941,0.0637
2026-08-29 16:50:00,N006,0.3562,3.4568,0.1223,0.0504
2026-08-29 16:55:00,N006,0.332,3.7603,0.0986,0.0508
2026-08-29 17:00:00,N006,0.3332,3.8126,0.0892,0.0609
2026-08-29 17:05:00,N006,0.3735,3.657,0.1039,0.0346
2026-08-29 17:10:00,N006,0.3477,3.6317,0.0952,0.0632
2026-08-29 17:15:00,N006,0.3702,3.7275,0.0899,0.0932
2026-08-29 17:20:00,N006,0.3716,3.6146,0.1177,0.0959
2026-08-29 17:25:00,N006,0.3386,3.5905,0.0761,0.0634
2026-08-29 17:30:00,N006,0.3658,3.6156,0.0968,0.0299
2026-08-29 17:35:00,N006,0.366,3.7977,0.0976,0.0673
2026-08-29 17:40:00,N006,0.337,3.6807,0.0999,0.0494
2026-08-29 17:45:00,N006,0.3492,3.5814,0.1093,0.0412
2026-08-29 17:50:00,N006,0.3548,3.6265,0.0915,0.088
2026-08-29 17:55:00,N006,0.348,3.5539,0.0929,0.0881
2026-08-29 18:00:00,N006,0.3692,3.5246,0.1179,0.0642
2026-08-29 18:05:00,N006,0.3649,3.5984,0.0957,0.0664
2026-08-29 18:10:00,N006,0.353,3.8606,0.0894,0.0845
2026-08-29 18:15:00,N006,0.3596,3.6812,0.1147,0.0521
2026-08-29 18:20:00,N006,0.3743,3.3232,0.096,0.0478
2026-08-29 18:25:00,N006,0.3427,3.6251,0.1093,0.0723
2026-08-29 18:30:00,N006,0.3652,3.5738,0.1091,0.0637
2026-08-29 18:35:00,N006,0.3757,3.7497,0.105,0.0485
2026-08-29 18:40:00,N006,0.352,3.5932,0.1009,0.0661
2026-08-29 18:45:00,N006,0.3726,3.6559,0.1049,0.0643
2026-08-29 18:50:00,N006,0.3542,3.5537,0.0836,0.0518
2026-08-29 18:55:00,N006,0.3692,3.5832,0.1018,0.0694
2026-08-29 19:00:00,N006,0.37,3.5408,0.1166,0.0794
2026-08-29 19:05:00,N006,0.3564,3.7098,0.122,0.0773
2026-08-29 19:10:00,N006,0.3511,3.7791,0.1078,0.0791
2026-08-29 19:15:00,N006,0.3893,4.0893,0.1314,0.1093
2026-08-29 19:20:00,N006,0.4228,4.3953,0.1341,0.135
2026-08-29 19:25:00,N006,0.3883,4.4175,0.1325,0.1465
2026-08-29 19:30:00,N006,0.4551,4.6037,0.1298,0.1811
2026-08-29 19:35:00,N006,0.445,4.3398,0.12,0.1998
2026-08-29 19:40:00,N006,0.439,4.7505,0.1165,0.2257
2026-08-29 19:45:00,N006,0.4875,4.8096,0.1339,0.2057
2026-08-29 19:50:00,N006,0.4826,5.1152,0.1449,0.238
2026-08-29 19:55:00,N006,0.5286,5.069,0.1177,0.2442
2026-08-29 20:00:00,N006,0.4721,5.1517,0.1293,0.2533
2026-08-29 20:05:00,N006,0.4924,5.5313,0.1382,0.2815
2026-08-29 20:10:00,N006,0.5313,5.5156,0.1442,0.3067
2026-08-29 20:15:00,N006,0.4999,5.4597,0.1546,0.3257
2026-08-29 20:20:00,N006,0.5711,5.9032,0.1633,0.3324
2026-08-29 20:25:00,N006,0.5557,6.2227,0.131,0.3586
2026-08-29 20:30:00,N006,0.5944,6.1948,0.1794,0.36
2026-08-29 20:35:00,N006,0.573,6.3034,0.136,0.369
2026-08-29 20:40:00,N006,0.5682,6.5364,0.1761,0.4084
2026-08-29 20:45:00,N006,0.6081,6.5564,0.1832,0.4207
2026-08-29 20:50:00,N006,0.6077,6.6826,0.18,0.4313
2026-08-29 20:55:00,N006,0.6326,6.717,0.1616,0.465
2026-08-29 21:00:00,N006,0.6278,6.9368,0.1886,0.4626
2026-08-29 21:05:00,N006,0.6372,7.2975,0.1994,0.5124
2026-08-29 21:10:00,N006,0.6471,7.4156,0.1726,0.4923
2026-08-29 21:15:00,N006,0.6272,7.6071,0.1767,0.521
2026-08-29 21:20:00,N006,0.6599,7.6281,0.1856,0.5204
2026-08-29 21:25:00,N006,0.6913,7.511,0.1831,0.5254
2026-08-29 21:30:00,N006,0.6745,7.8429,0.1726,0.5519
2026-08-29 21:35:00,N006,0.7069,7.8946,0.2231,0.6186
2026-08-29 21:40:00,N006,0.705,8.165,0.2113,0.5992
2026-08-29 21:45:00,N006,0.7068,8.2351,0.2033,0.6187
2026-08-29 21:50:00,N006,0.7469,8.2848,0.1946,0.6439
2026-08-29 21:55:00,N006,0.7572,8.3721,0.2226,0.6328
2026-08-29 22:00:00,N006,0.7539,8.6207,0.2069,0.6679
2026-08-29 22:05:00,N006,0.8017,8.6879,0.2468,0.7
2026-08-29 22:10:00,N006,0.7862,8.9856,0.251,0.6956
2026-08-29 22:15:00,N006,0.7791,8.9762,0.224,0.7017
2026-08-29 22:20:00,N006,0.8074,9.4084,0.2285,0.7402
2026-08-29 22:25:00,N006,0.8089,9.4514,0.2198,0.7894
2026-08-29 22:30:00,N006,0.8583,9.5127,0.2327,0.7942
2026-08-29 22:35:00,N006,0.8568,9.5236,0.2295,0.7759
2026-08-29 22:40:00,N006,0.8577,9.8386,0.2227,0.806
2026-08-29 22:45:00,N006,0.8424,9.7892,0.2486,0.8189
2026-08-29 22:50:00,N006,0.8692,9.8401,0.2472,0.8463
2026-08-29 22:55:00,N006,0.8739,10.1511,0.2502,0.8518
2026-08-29 23:00:00,N006,0.8739,10.5288,0.2435,0.8796
2026-08-29 23:05:00,N006,0.9223,10.874,0.2392,0.9048
2026-08-29 23:10:00,N006,0.9076,10.5242,0.2486,0.8983
2026-08-29 23:15:00,N006,0.9287,10.5503,0.2716,0.933
2026-08-29 23:20:00,N006,0.9468,10.8097,0.2589,0.9536
2026-08-29 23:25:00,N006,0.9341,10.961,0.256,0.9529
2026-08-29 23:30:00,N006,0.9311,11.3031,0.2612,1.0008
2026-08-29 23:35:00,N006,0.9899,11.1264,0.2594,1.0388
2026-08-29 23:40:00,N006,1.0112,11.4153,0.2786,1.008
2026-08-29 23:45:00,N006,1.0026,11.4714,0.2542,1.0147
2026-08-29 23:50:00,N006,1.0075,11.5601,0.2808,1.0354
2026-08-29 23:55:00,N006,1.0066,11.9366,0.2876,1.0685
2026-08-29 00:00:00,N007,0.2809,3.5266,0.1039,0.0959
2026-08-29 00:05:00,N007,0.3069,3.8007,0.0875,0.0978
2026-08-29 00:10:00,N007,0.26,3.796,0.1046,0.0922
2026-08-29 00:15:00,N007,0.2677,3.8316,0.0915,0.0717
2026-08-29 00:20:00,N007,0.2728,3.4833,0.1102,0.1089
2026-08-29 00:25:00,N007,0.3279,3.7083,0.1224,0.0854
2026-08-29 00:30:00,N007,0.2954,3.6583,0.1114,0.0901
2026-08-29 00:35:00,N007,0.2794,3.6929,0.1083,0.0946
2026-08-29 00:40:00,N007,0.2722,3.6988,0.132,0.0997
2026-08-29 00:45:00,N007,0.3085,3.7106,0.1129,0.0974
2026-08-29 00:50:00,N007,0.3118,3.4763,0.0933,0.1021
2026-08-29 00:55:00,N007,0.2843,3.6327,0.094,0.0742
2026-08-29 01:00:00,N007,0.2675,3.967,0.1088,0.0818
2026-08-29 01:05:00,N007,0.2975,3.8343,0.1204,0.0989
2026-08-29 01:10:00,N007,0.2793,3.6859,0.1183,0.075
2026-08-29 01:15:00,N007,0.2888,3.7722,0.1185,0.0563
2026-08-29 01:20:00,N007,0.2997,3.6991,0.1175,0.0947
2026-08-29 01:25:00,N007,0.3132,3.8924,0.1252,0.1049
2026-08-29 01:30:00,N007,0.2936,3.7366,0.1195,0.0943
2026-08-29 01:35:00,N007,0.2847,3.7841,0.1086,0.0706
2026-08-29 01:40:00,N007,0.3088,3.7449,0.1336,0.0591
2026-08-29 01:45:00,N007,0.2812,3.745,0.1227,0.0896
2026-08-29 01:50:00,N007,0.2943,3.6086,0.0952,0.0886
2026-08-29 01:55:00,N007,0.2693,3.6828,0.1151,0.0691
2026-08-29 02:00:00,N007,0.3139,3.8963,0.0902,0.0699
2026-08-29 02:05:00,N007,0.2556,3.6582,0.1182,0.0778
2026-08-29 02:10:00,N007,0.297,3.5723,0.1186,0.0758
2026-08-29 02:15:00,N007,0.2903,3.7466,0.0938,0.0669
2026-08-29 02:20:00,N007,0.3048,3.8084,0.1216,0.0892
2026-08-29 02:25:00,N007,0.2925,3.5561,0.1058,0.084
2026-08-29 02:30:00,N007,0.3198,3.8485,0.1275,0.0935
2026-08-29 02:35:00,N007,0.2799,3.7829,0.1119,0.0706
2026-08-29 02:40:00,N007,0.2849,3.7469,0.1283,0.0536
2026-08-29 02:45:00,N007,0.3089,3.662,0.0926,0.1026
2026-08-29 02:50:00,N007,0.3019,3.9277,0.1186,0.1159
2026-08-29 02:55:00,N007,0.2994,3.7612,0.1132,0.1037
2026-08-29 03:00:00,N007,0.2794,3.7045,0.1053,0.0536
2026-08-29 03:05:00,N007,0.2933,3.5592,0.1097,0.0983
2026-08-29 03:10:00,N007,0.2841,3.9895,0.0915,0.1033
2026-08-29 03:15:00,N007,0.3015,3.5851,0.1416,0.0845
2026-08-29 03:20:00,N007,0.2783,3.625,0.1064,0.0837
2026-08-29 03:25:00,N007,0.2931,3.7609,0.1166,0.0799
2026-08-29 03:30:00,N007,0.2627,3.7815,0.0806,0.0911
2026-08-29 03:35:00,N007,0.2771,3.8218,0.1248,0.0717
2026-08-29 03:40:00,N007,0.3078,3.7529,0.1301,0.0805
2026-08-29 03:45:00,N007,0.2794,3.8902,0.1038,0.0735
2026-08-29 03:50:00,N007,0.285,3.8051,0.1251,0.0572
2026-08-29 03:55:00,N007,0.2926,3.8883,0.1114,0.106
2026-08-29 04:00:00,N007,0.2912,3.7939,0.1161,0.0879
2026-08-29 04:05:00,N007,0.2866,3.8808,0.1012,0.0774
2026-08-29 04:10:00,N007,0.2846,3.984,0.0704,0.0926
2026-08-29 04:15:00,N007,0.2932,3.6227,0.1128,0.0939
2026-08-29 04:20:00,N007,0.3016,3.5089,0.1254,0.0758
2026-08-29 04:25:00,N007,0.3031,3.9189,0.0985,0.0969
2026-08-29 04:30:00,N007,0.2872,3.5841,0.1231,0.0754
2026-08-29 04:35:00,N007,0.2802,3.7871,0.1123,0.0863
2026-08-29 04:40:00,N007,0.3014,3.6775,0.1001,0.0855
2026-08-29 04:45:00,N007,0.3217,3.8274,0.1221,0.0879
2026-08-29 04:50:00,N007,0.2861,3.8142,0.107,0.0965
2026-08-29 04:55:00,N007,0.3141,3.8898,0.1233,0.0731
2026-08-29 05:00:00,N007,0.2874,3.7625,0.1128,0.0823
2026-08-29 05:05:00,N007,0.3046,3.7404,0.1096,0.0981
2026-08-29 05:10:00,N007,0.2628,4.1095,0.1056,0.0575
2026-08-29 05:15:00,N007,0.2963,3.8617,0.1081,0.1029
2026-08-29 05:20:00,N007,0.3052,3.8962,0.1144,0.0865
2026-08-29 05:25:00,N007,0.3207,3.6858,0.1107,0.0892
2026-08-29 05:30:00,N007,0.3064,3.7648,0.0881,0.0907
2026-08-29 05:35:00,N007,0.2985,4.0476,0.0938,0.1057
2026-08-29 05:40:00,N007,0.3299,3.8263,0.0935,0.0824
2026-08-29 05:45:00,N007,0.2947,3.942,0.1019,0.1119
2026-08-29 05:50:00,N007,0.2779,3.6685,0.1223,0.0546
2026-08-29 05:55:00,N007,0.2917,4.2541,0.1089,0.072
2026-08-29 06:00:00,N007,0.294,3.8766,0.111,0.0989
2026-08-29 06:05:00,N007,0.2793,4.088,0.112,0.0999
2026-08-29 06:10:00,N007,0.2856,4.0426,0.106,0.0933
2026-08-29 06:15:00,N007,0.2811,3.7714,0.1173,0.0826
2026-08-29 06:20:00,N007,0.2824,3.8166,0.1174,0.0799
2026-08-29 06:25:00,N007,0.2936,3.8984,0.086,0.0674
2026-08-29 06:30:00,N007,0.3005,3.8109,0.1217,0.1041
2026-08-29 06:35:00,N007,0.3063,4.1205,0.108,0.0994
2026-08-29 06:40:00,N007,0.2869,4.1992,0.1328,0.0899
2026-08-29 06:45:00,N007,0.3016,4.0708,0.1073,0.08
2026-08-29 06:50:00,N007,0.309,3.9199,0.1112,0.0775
2026-08-29 06:55:00,N007,0.2702,3.9416,0.1199,0.0867
2026-08-29 07:00:00,N007,0.3176,3.8316,0.0964,0.0892
2026-08-29 07:05:00,N007,0.2949,4.0112,0.0997,0.1108
2026-08-29 07:10:00,N007,0.3258,3.9169,0.124,0.0745
2026-08-29 07:15:00,N007,0.3125,4.0501,0.1194,0.0903
2026-08-29 07:20:00,N007,0.2522,3.8502,0.1015,0.0759
2026-08-29 07:25:00,N007,0.2984,3.8797,0.0991,0.0748
2026-08-29 07:30:00,N007,0.286,4.0673,0.1011,0.0831
2026-08-29 07:35:00,N007,0.29,3.9762,0.1145,0.0452
2026-08-29 07:40:00,N007,0.3122,4.1106,0.0964,0.0764
2026-08-29 07:45:00,N007,0.2903,3.8503,0.1117,0.0619
2026-08-29 07:50:00,N007,0.2804,4.1285,0.0979,0.1099
2026-08-29 07:55:00,N007,0.3026,3.7295,0.1167,0.0896
2026-08-29 08:00:00,N007,0.2905,3.9788,0.1147,0.102
2026-08-29 08:05:00,N007,0.3151,4.0011,0.0925,0.0844
2026-08-29 08:10:00,N007,0.3417,4.0419,0.1375,0.1126
2026-08-29 08:15:00,N007,0.3013,3.9939,0.1086,0.0657
2026-08-29 08:20:00,N007,0.298,4.1058,0.1018,0.098
2026-08-29 08:25:00,N007,0.3106,3.8541,0.1036,0.0767
2026-08-29 08:30:00,N007,0.2856,3.8115,0.0982,0.1133
2026-08-29 08:35:00,N007,0.2843,3.984,0.103,0.1098
2026-08-29 08:40:00,N007,0.3178,4.0753,0.1127,0.0888
2026-08-29 08:45:00,N007,0.2804,4.2076,0.0999,0.1023
2026-08-29 08:50:00,N007,0.3143,3.9105,0.1215,0.1039
2026-08-29 08:55:00,N007,0.3244,3.9236,0.0936,0.085
2026-08-29 09:00:00,N007,0.3017,3.9897,0.1043,0.064
2026-08-29 09:05:00,N007,0.3057,4.2222,0.1146,0.1019
2026-08-29 09:10:00,N007,0.3074,4.0359,0.1202,0.0988
2026-08-29 09:15:00,N007,0.2942,3.8955,0.1061,0.0977
2026-08-29 09:20:00,N007,0.2943,4.0315,0.1143,0.1056
2026-08-29 09:25:00,N007,0.3183,4.006,0.0933,0.088
2026-08-29 09:30:00,N007,0.2999,3.7791,0.1257,0.0954
2026-08-29 09:35:00,N007,0.305,4.166,0.1015,0.102
2026-08-29 09:40:00,N007,0.2978,3.9828,0.0998,0.1185
2026-08-29 09:45:00,N007,0.2939,4.0916,0.0865,0.1113
2026-08-29 09:50:00,N007,0.3154,4.0222,0.1063,0.0997
2026-08-29 09:55:00,N007,0.3341,3.8017,0.1184,0.0802
2026-08-29 10:00:00,N007,0.2995,3.9863,0.1039,0.0938
2026-08-29 10:05:00,N007,0.2829,4.1423,0.0875,0.1021
2026-08-29 10:10:00,N007,0.2951,3.8811,0.1115,0.0708
2026-08-29 10:15:00,N007,0.3007,3.8536,0.1146,0.0804
2026-08-29 10:20:00,N007,0.2935,4.0624,0.0998,0.0935
2026-08-29 10:25:00,N007,0.2776,4.1056,0.1302,0.1363
2026-08-29 10:30:00,N007,0.3018,4.1273,0.0877,0.1171
2026-08-29 10:35:00,N007,0.3122,3.9774,0.1239,0.0908
2026-08-29 10:40:00,N007,0.2938,4.0953,0.0963,0.1101
2026-08-29 10:45:00,N007,0.2849,3.915,0.0981,0.1063
2026-08-29 10:50:00,N007,0.2916,3.8821,0.1018,0.0945
2026-08-29 10:55:00,N007,0.2833,3.9084,0.1344,0.0822
2026-08-29 11:00:00,N007,0.2962,4.0053,0.104,0.1045
2026-08-29 11:05:00,N007,0.3154,4.0154,0.0942,0.1144
2026-08-29 11:10:00,N007,0.2999,4.2626,0.0821,0.0983
2026-08-29 11:15:00,N007,0.3302,4.0153,0.1063,0.0999
2026-08-29 11:20:00,N007,0.2931,4.023,0.105,0.0862
2026-08-29 11:25:00,N007,0.32,4.1186,0.112,0.1078
2026-08-29 11:30:00,N007,0.2977,3.9731,0.1018,0.0958
2026-08-29 11:35:00,N007,0.2859,4.0088,0.1028,0.1278
2026-08-29 11:40:00,N007,0.2603,4.05,0.1297,0.0978
2026-08-29 11:45:00,N007,0.3133,4.0864,0.101,0.0625
2026-08-29 11:50:00,N007,0.3052,3.9841,0.0994,0.0887
2026-08-29 11:55:00,N007,0.3284,4.3685,0.1116,0.0894
2026-08-29 12:00:00,N007,0.2847,4.1389,0.1304,0.0927
2026-08-29 12:05:00,N007,0.2667,4.1659,0.1209,0.0727
2026-08-29 12:10:00,N007,0.3052,4.1424,0.1082,0.0848
2026-08-29 12:15:00,N007,0.3179,4.0426,0.0912,0.066
2026-08-29 12:20:00,N007,0.3217,4.1678,0.1101,0.0902
2026-08-29 12:25:00,N007,0.2949,3.9675,0.1039,0.0651
2026-08-29 12:30:00,N007,0.2919,4.0621,0.1164,0.0965
2026-08-29 12:35:00,N007,0.315,4.2641,0.1217,0.1042
2026-08-29 12:40:00,N007,0.3033,3.9872,0.1179,0.1225
2026-08-29 12:45:00,N007,0.3084,4.3378,0.0907,0.0801
2026-08-29 12:50:00,N007,0.3162,4.1422,0.1248,0.0972
2026-08-29 12:55:00,N007,0.2905,4.0876,0.0906,0.0806
2026-08-29 13:00:00,N007,0.3182,4.2208,0.1134,0.0719
2026-08-29 13:05:00,N007,0.2983,3.9718,0.1232,0.089
2026-08-29 13:10:00,N007,0.2875,4.1252,0.1014,0.1201
2026-08-29 13:15:00,N007,0.2929,3.9565,0.0832,0.0975
2026-08-29 13:20:00,N007,0.2956,3.9557,0.1233,0.1081
2026-08-29 13:25:00,N007,0.3037,4.2937,0.117,0.0859
2026-08-29 13:30:00,N007,0.2886,4.2309,0.1138,0.1009
2026-08-29 13:35:00,N007,0.2916,4.2084,0.1,0.0969
2026-08-29 13:40:00,N007,0.3261,4.059,0.0902,0.0827
2026-08-29 13:45:00,N007,0.3194,4.1716,0.1075,0.091
2026-08-29 13:50:00,N007,0.3119,4.0419,0.1127,0.0878
2026-08-29 13:55:00,N007,0.2913,4.0701,0.1045,0.0981
2026-08-29 14:00:00,N007,0.3084,3.7068,0.0993,0.0931
2026-08-29 14:05:00,N007,0.3275,4.0226,0.111,0.1215
2026-08-29 14:10:00,N007,0.2853,4.2022,0.0994,0.0916
2026-08-29 14:15:00,N007,0.2931,4.0699,0.1417,0.1119
2026-08-29 14:20:00,N007,0.3218,4.2195,0.0898,0.1053
2026-08-29 14:25:00,N007,0.3214,4.0609,0.1206,0.11
2026-08-29 14:30:00,N007,0.3332,4.1159,0.0959,0.0941
2026-08-29 14:35:00,N007,0.3271,3.9494,0.0842,0.101
2026-08-29 14:40:00,N007,0.299,4.1725,0.1204,0.0915
2026-08-29 14:45:00,N007,0.2777,4.4197,0.0971,0.084
2026-08-29 14:50:00,N007,0.3224,4.131,0.1083,0.1072
2026-08-29 14:55:00,N007,0.3222,4.1399,0.1273,0.068
2026-08-29 15:00:00,N007,0.3175,4.082,0.1255,0.1023
2026-08-29 15:05:00,N007,0.2961,4.265,0.1198,0.1099
2026-08-29 15:10:00,N007,0.2908,4.1302,0.109,0.0998
2026-08-29 15:15:00,N007,0.3176,3.9493,0.1131,0.0961
2026-08-29 15:20:00,N007,0.2939,4.1047,0.1065,0.0466
2026-08-29 15:25:00,N007,0.2961,4.0915,0.1154,0.0886
2026-08-29 15:30:00,N007,0.3035,4.3845,0.121,0.1143
2026-08-29 15:35:00,N007,0.2993,4.2673,0.1062,0.098
2026-08-29 15:40:00,N007,0.3131,4.1333,0.127,0.0986
2026-08-29 15:45:00,N007,0.3163,4.3824,0.1214,0.08
2026-08-29 15:50:00,N007,0.3138,4.3126,0.1197,0.0845
2026-08-29 15:55:00,N007,0.2974,4.3326,0.0999,0.0968
2026-08-29 16:00:00,N007,0.331,4.2103,0.1003,0.0883
2026-08-29 16:05:00,N007,0.3124,4.0588,0.1061,0.1065
2026-08-29 16:10:00,N007,0.327,4.3017,0.1005,0.1193
2026-08-29 16:15:00,N007,0.3031,4.0761,0.107,0.1233
2026-08-29 16:20:00,N007,0.3102,4.2287,0.1287,0.0804
2026-08-29 16:25:00,N007,0.2886,4.036,0.1135,0.1044
2026-08-29 16:30:00,N007,0.3311,4.2619,0.1042,0.1021
2026-08-29 16:35:00,N007,0.3098,4.0349,0.1416,0.11
2026-08-29 16:40:00,N007,0.3113,4.3121,0.1176,0.1002
2026-08-29 16:45:00,N007,0.2988,4.313,0.1137,0.0902
2026-08-29 16:50:00,N007,0.3297,4.279,0.1178,0.1233
2026-08-29 16:55:00,N007,0.3088,4.2846,0.1188,0.0917
2026-08-29 17:00:00,N007,0.3094,4.2644,0.0976,0.1374
2026-08-29 17:05:00,N007,0.2876,4.0964,0.1248,0.1135
2026-08-29 17:10:00,N007,0.2934,4.3278,0.1267,0.1024
2026-08-29 17:15:00,N007,0.3479,4.0508,0.1174,0.1205
2026-08-29 17:20:00,N007,0.3224,4.236,0.1056,0.1098
2026-08-29 17:25:00,N007,0.3213,4.3356,0.1215,0.0879
2026-08-29 17:30:00,N007,0.3058,4.1532,0.1044,0.1185
2026-08-29 17:35:00,N007,0.3109,4.5816,0.1114,0.1043
2026-08-29 17:40:00,N007,0.311,4.1951,0.1083,0.1204
2026-08-29 17:45:00,N007,0.3112,4.1792,0.0979,0.0969
2026-08-29 17:50:00,N007,0.3107,4.4204,0.093,0.0989
2026-08-29 17:55:00,N007,0.3119,4.0599,0.099,0.0936
2026-08-29 18:00:00,N007,0.2979,4.3057,0.1071,0.0956
2026-08-29 18:05:00,N007,0.3164,4.4923,0.1287,0.0752
2026-08-29 18:10:00,N007,0.3187,4.2669,0.1109,0.0982
2026-08-29 18:15:00,N007,0.3119,4.3092,0.1021,0.0908
2026-08-29 18:20:00,N007,0.3035,4.3219,0.1162,0.1171
2026-08-29 18:25:00,N007,0.3029,4.3307,0.1206,0.1219
2026-08-29 18:30:00,N007,0.3096,4.2729,0.1113,0.0873
2026-08-29 18:35:00,N007,0.3077,4.3915,0.1167,0.1006
2026-08-29 18:40:00,N007,0.3139,4.206,0.1175,0.1036
2026-08-29 18:45:00,N007,0.3066,4.2643,0.1083,0.0981
2026-08-29 18:50:00,N007,0.3207,4.2631,0.1282,0.1269
2026-08-29 18:55:00,N007,0.2976,4.3216,0.1012,0.1002
2026-08-29 19:00:00,N007,0.3411,4.2791,0.1134,0.1133
2026-08-29 19:05:00,N007,0.2962,4.2162,0.0946,0.092
2026-08-29 19:10:00,N007,0.2685,4.387,0.1337,0.1076
2026-08-29 19:15:00,N007,0.2901,4.2472,0.1035,0.0902
2026-08-29 19:20:00,N007,0.3244,4.4244,0.0952,0.1165
2026-08-29 19:25:00,N007,0.3345,4.5582,0.1434,0.0922
2026-08-29 19:30:00,N007,0.3541,4.2902,0.1019,0.1107
2026-08-29 19:35:00,N007,0.3031,4.3834,0.0932,0.1023
2026-08-29 19:40:00,N007,0.3312,4.3314,0.1107,0.1131
2026-08-29 19:45:00,N007,0.3296,4.1424,0.1161,0.1021
2026-08-29 19:50:00,N007,0.3146,4.471,0.0947,0.091
2026-08-29 19:55:00,N007,0.2832,4.2807,0.125,0.1045
2026-08-29 20:00:00,N007,0.2922,4.2911,0.0912,0.0896
2026-08-29 20:05:00,N007,0.3183,4.2113,0.1224,0.1055
2026-08-29 20:10:00,N007,0.3138,4.3215,0.1183,0.1184
2026-08-29 20:15:00,N007,0.3177,4.4255,0.1065,0.1149
2026-08-29 20:20:00,N007,0.3077,4.3608,0.1057,0.1
2026-08-29 20:25:00,N007,0.3025,4.4194,0.1248,0.1245
2026-08-29 20:30:00,N007,0.2941,4.5208,0.1052,0.1161
2026-08-29 20:35:00,N007,0.2995,4.3859,0.1128,0.0849
2026-08-29 20:40:00,N007,0.3223,4.5331,0.1069,0.1277
2026-08-29 20:45:00,N007,0.3104,4.4763,0.0824,0.1436
2026-08-29 20:50:00,N007,0.3358,4.343,0.0854,0.1118
2026-08-29 20:55:00,N007,0.2918,4.4333,0.114,0.0935
2026-08-29 21:00:00,N007,0.3304,4.4794,0.1207,0.1078
2026-08-29 21:05:00,N007,0.2925,4.5028,0.1058,0.0869
2026-08-29 21:10:00,N007,0.3341,4.6402,0.1085,0.1403
2026-08-29 21:15:00,N007,0.3153,4.3454,0.1015,0.1325
2026-08-29 21:20:00,N007,0.3023,4.4821,0.1023,0.1012
2026-08-29 21:25:00,N007,0.3296,4.351,0.1042,0.1252
2026-08-29 21:30:00,N007,0.3382,4.4767,0.1012,0.1006
2026-08-29 21:35:00,N007,0.3155,4.4407,0.0972,0.1193
2026-08-29 21:40:00,N007,0.3157,4.1991,0.0979,0.101
2026-08-29 21:45:00,N007,0.3134,4.6344,0.1119,0.096
2026-08-29 21:50:00,N007,0.3179,4.3682,0.1129,0.1174
2026-08-29 21:55:00,N007,0.3329,4.4104,0.1287,0.1224
2026-08-29 22:00:00,N007,0.3042,4.6812,0.113,0.0964
2026-08-29 22:05:00,N007,0.3397,4.6682,0.1086,0.1015
2026-08-29 22:10:00,N007,0.3125,4.5074,0.1244,0.1177
2026-08-29 22:15:00,N007,0.3167,4.6041,0.1053,0.1247
2026-08-29 22:20:00,N007,0.3109,4.4789,0.1077,0.1085
2026-08-29 22:25:00,N007,0.3097,4.5913,0.1002,0.0983
2026-08-29 22:30:00,N007,0.3473,4.5501,0.0804,0.1011
2026-08-29 22:35:00,N007,0.2884,4.3214,0.0714,0.1076
2026-08-29 22:40:00,N007,0.2985,4.4455,0.0895,0.111
2026-08-29 22:45:00,N007,0.3095,4.6213,0.126,0.1216
2026-08-29 22:50:00,N007,0.311,4.6821,0.0904,0.0889
2026-08-29 22:55:00,N007,0.3147,4.7171,0.1066,0.1073
2026-08-29 23:00:00,N007,0.2945,4.5629,0.1205,0.122
2026-08-29 23:05:00,N007,0.3067,4.3674,0.0935,0.1115
2026-08-29 23:10:00,N007,0.3001,4.3136,0.104,0.103
2026-08-29 23:15:00,N007,0.3083,4.5137,0.11,0.1062
2026-08-29 23:20:00,N007,0.3192,4.3415,0.1103,0.1129
2026-08-29 23:25:00,N007,0.2941,4.5828,0.0985,0.1121
2026-08-29 23:30:00,N007,0.3342,4.5771,0.1095,0.1054
2026-08-29 23:35:00,N007,0.331,4.5498,0.1016,0.099
2026-08-29 23:40:00,N007,0.2858,4.4901,0.108,0.1281
2026-08-29 23:45:00,N007,0.3224,4.6345,0.1007,0.1282
2026-08-29 23:50:00,N007,0.3092,4.5705,0.0915,0.1147
2026-08-29 23:55:00,N007,0.2875,4.4479,0.1143,0.1035
2026-08-29 00:00:00,N008,0.3453,1.9811,0.1294,0.0798
2026-08-29 00:05:00,N008,0.3642,2.1821,0.1342,0.0428
2026-08-29 00:10:00,N008,0.3111,1.9639,0.1232,0.0123
2026-08-29 00:15:00,N008,0.3298,1.8104,0.1285,0.0528
2026-08-29 00:20:00,N008,0.3639,2.1007,0.1174,0.0117
2026-08-29 00:25:00,N008,0.321,1.9014,0.1183,0.0384
2026-08-29 00:30:00,N008,0.3322,2.0971,0.1261,0.041
2026-08-29 00:35:00,N008,0.3647,1.9176,0.134,0.0408
2026-08-29 00:40:00,N008,0.3427,2.1683,0.1395,0.0269
2026-08-29 00:45:00,N008,0.345,2.0985,0.1257,0.0499
2026-08-29 00:50:00,N008,0.3521,2.2875,0.1106,0.0394
2026-08-29 00:55:00,N008,0.3344,2.1429,0.1095,0.0466
2026-08-29 01:00:00,N008,0.3386,1.985,0.1116,0.0345
2026-08-29 01:05:00,N008,0.3645,2.0729,0.1365,0.0666
2026-08-29 01:10:00,N008,0.3522,2.0116,0.1345,0.0335
2026-08-29 01:15:00,N008,0.3408,1.8991,0.14,0.036
2026-08-29 01:20:00,N008,0.3512,1.9599,0.1342,0.0305
2026-08-29 01:25:00,N008,0.3465,2.1924,0.1384,0.0417
2026-08-29 01:30:00,N008,0.3222,2.4489,0.1499,0.0529
2026-08-29 01:35:00,N008,0.3375,2.0789,0.1224,0.0612
2026-08-29 01:40:00,N008,0.3529,2.0013,0.1233,0.0591
2026-08-29 01:45:00,N008,0.373,2.2815,0.138,0.0386
2026-08-29 01:50:00,N008,0.3005,2.1366,0.1289,0.0446
2026-08-29 01:55:00,N008,0.35,1.9445,0.1356,0.0521
2026-08-29 02:00:00,N008,0.3596,2.2201,0.1362,0.0366
2026-08-29 02:05:00,N008,0.3484,2.1202,0.1302,0.0578
2026-08-29 02:10:00,N008,0.3592,2.3613,0.1554,0.0441
2026-08-29 02:15:00,N008,0.2921,2.2632,0.1224,0.031
2026-08-29 02:20:00,N008,0.3438,2.064,0.1363,0.0198
2026-08-29 02:25:00,N008,0.3337,2.1615,0.1364,0.0529
2026-08-29 02:30:00,N008,0.3382,2.0057,0.1229,0.047
2026-08-29 02:35:00,N008,0.3723,1.8802,0.1263,0.0235
2026-08-29 02:40:00,N008,0.3254,2.2447,0.1355,0.0503
2026-08-29 02:45:00,N008,0.3641,2.0739,0.1237,0.0765
2026-08-29 02:50:00,N008,0.3467,2.2225,0.129,0.0161
2026-08-29 02:55:00,N008,0.3198,2.0675,0.1416,0.0557
2026-08-29 03:00:00,N008,0.3643,2.0214,0.1483,0.0295
2026-08-29 03:05:00,N008,0.3539,2.1413,0.1268,0.0642
2026-08-29 03:10:00,N008,0.3402,1.9834,0.1292,0.0382
2026-08-29 03:15:00,N008,0.4016,2.2293,0.124,0.0285
2026-08-29 03:20:00,N008,0.3228,2.0279,0.1303,0.0658
2026-08-29 03:25:00,N008,0.3679,2.1812,0.1251,0.0485
2026-08-29 03:30:00,N008,0.3434,2.3627,0.1267,0.0433
2026-08-29 03:35:00,N008,0.3181,2.1358,0.139,0.0287
2026-08-29 03:40:00,N008,0.3402,2.2572,0.1112,0.0607
2026-08-29 03:45:00,N008,0.3435,2.1182,0.1154,0.0506
2026-08-29 03:50:00,N008,0.3885,2.2614,0.1186,0.0621
2026-08-29 03:55:00,N008,0.347,2.3353,0.1386,0.001
2026-08-29 04:00:00,N008,0.3368,2.2865,0.1308,0.0299
2026-08-29 04:05:00,N008,0.3424,1.9472,0.1279,0.0785
2026-08-29 04:10:00,N008,0.3641,2.4415,0.1395,0.0609
2026-08-29 04:15:00,N008,0.3818,2.2267,0.1267,0.061
2026-08-29 04:20:00,N008,0.3741,2.1267,0.1203,0.0477
2026-08-29 04:25:00,N008,0.3648,2.2828,0.1118,0.0744
2026-08-29 04:30:00,N008,0.3428,2.158,0.1181,0.0863
2026-08-29 04:35:00,N008,0.3562,2.0905,0.1393,0.0575
2026-08-29 04:40:00,N008,0.3499,2.2962,0.119,0.0387
2026-08-29 04:45:00,N008,0.3226,2.0393,0.1506,0.0708
2026-08-29 04:50:00,N008,0.3539,2.4005,0.127,0.0426
2026-08-29 04:55:00,N008,0.3538,2.1887,0.1263,0.0635
2026-08-29 05:00:00,N008,0.3553,2.292,0.1413,0.0523
2026-08-29 05:05:00,N008,0.3386,2.0469,0.1307,0.044
2026-08-29 05:10:00,N008,0.3546,2.2101,0.1599,0.0267
2026-08-29 05:15:00,N008,0.3235,2.2547,0.1244,0.0515
2026-08-29 05:20:00,N008,0.3623,2.3717,0.1108,0.0385
2026-08-29 05:25:00,N008,0.36,2.3128,0.1553,0.0613
2026-08-29 05:30:00,N008,0.3529,2.1163,0.1222,0.0382
2026-08-29 05:35:00,N008,0.3636,2.2568,0.113,0.0407
2026-08-29 05:40:00,N008,0.3671,2.2709,0.1358,0.0531
2026-08-29 05:45:00,N008,0.3784,2.2598,0.1243,0.0337
2026-08-29 05:50:00,N008,0.3579,1.9414,0.1267,0.0444
2026-08-29 05:55:00,N008,0.3338,2.1256,0.1386,0.0511
2026-08-29 06:00:00,N008,0.3559,2.2766,0.13,0.0664
2026-08-29 06:05:00,N008,0.3563,2.0676,0.1485,0.0534
2026-08-29 06:10:00,N008,0.3457,2.095,0.1337,0.0462
2026-08-29 06:15:00,N008,0.3783,2.2066,0.1189,0.0615
2026-08-29 06:20:00,N008,0.3686,2.2712,0.137,0.0476
2026-08-29 06:25:00,N008,0.3584,2.3935,0.1364,0.0457
2026-08-29 06:30:00,N008,0.3752,1.9727,0.1536,0.0228
2026-08-29 06:35:00,N008,0.3457,2.2543,0.1272,0.0636
2026-08-29 06:40:00,N008,0.3393,2.2933,0.122,0.053
2026-08-29 06:45:00,N008,0.3543,2.276,0.1223,0.041
2026-08-29 06:50:00,N008,0.3597,2.3808,0.1218,0.0357
2026-08-29 06:55:00,N008,0.3647,2.2665,0.1389,0.0353
2026-08-29 07:00:00,N008,0.3289,2.2092,0.1197,0.0478
2026-08-29 07:05:00,N008,0.3461,2.3648,0.1255,0.0513
2026-08-29 07:10:00,N008,0.3582,2.3021,0.1286,0.0569
2026-08-29 07:15:00,N008,0.344,2.4494,0.1261,0.0296
2026-08-29 07:20:00,N008,0.3588,2.1821,0.1369,0.0825
2026-08-29 07:25:00,N008,0.3443,2.3269,0.1079,0.0563
2026-08-29 07:30:00,N008,0.3429,2.2148,0.1157,0.0606
2026-08-29 07:35:00,N008,0.3714,2.2954,0.1186,0.0736
2026-08-29 07:40:00,N008,0.3452,2.0359,0.1344,0.0332
2026-08-29 07:45:00,N008,0.3713,2.2524,0.1362,0.0709
2026-08-29 07:50:00,N008,0.3385,2.233,0.128,0.0731
2026-08-29 07:55:00,N008,0.3469,2.2324,0.1347,0.0415
2026-08-29 08:00:00,N008,0.3591,2.1203,0.1555,0.03
2026-08-29 08:05:00,N008,0.3521,2.3053,0.1519,0.0305
2026-08-29 08:10:00,N008,0.3868,2.4029,0.1339,0.0357
2026-08-29 08:15:00,N008,0.3657,2.228,0.1441,0.036
2026-08-29 08:20:00,N008,0.3556,2.2509,0.1171,0.0618
2026-08-29 08:25:00,N008,0.3654,2.4654,0.1076,0.0667
2026-08-29 08:30:00,N008,0.395,2.2689,0.1517,0.0469
2026-08-29 08:35:00,N008,0.337,2.2892,0.1415,0.0384
2026-08-29 08:40:00,N008,0.3487,2.3999,0.129,0.0598
2026-08-29 08:45:00,N008,0.3613,2.389,0.1237,0.0546
2026-08-29 08:50:00,N008,0.344,2.4889,0.1213,0.0682
2026-08-29 08:55:00,N008,0.3545,2.3613,0.123,0.0361
2026-08-29 09:00:00,N008,0.3319,2.2132,0.125,0.0547
2026-08-29 09:05:00,N008,0.3733,2.2891,0.1183,0.0299
2026-08-29 09:10:00,N008,0.3655,2.5113,0.1441,0.0623
2026-08-29 09:15:00,N008,0.368,2.5519,0.1329,0.0615
2026-08-29 09:20:00,N008,0.3537,2.1875,0.1207,0.0518
2026-08-29 09:25:00,N008,0.3595,2.5848,0.1299,0.0697
2026-08-29 09:30:00,N008,0.3522,2.3191,0.113,0.041
2026-08-29 09:35:00,N008,0.3667,2.3602,0.1402,0.0549
2026-08-29 09:40:00,N008,0.3536,2.6198,0.1278,0.0698
2026-08-29 09:45:00,N008,0.353,2.45,0.1401,0.0555
2026-08-29 09:50:00,N008,0.3238,2.3698,0.1437,0.0604
2026-08-29 09:55:00,N008,0.3659,2.1637,0.1203,0.0588
2026-08-29 10:00:00,N008,0.3655,2.5189,0.1272,0.0588
2026-08-29 10:05:00,N008,0.3597,2.2575,0.1019,0.0593
2026-08-29 10:10:00,N008,0.3622,2.3045,0.1095,0.0624
2026-08-29 10:15:00,N008,0.3557,2.4483,0.1513,0.0209
2026-08-29 10:20:00,N008,0.3493,2.3591,0.1464,0.0286
2026-08-29 10:25:00,N008,0.3889,2.4033,0.1278,0.0503
2026-08-29 10:30:00,N008,0.3534,2.5156,0.1161,0.0585
2026-08-29 10:35:00,N008,0.3543,2.3011,0.16,0.0597
2026-08-29 10:40:00,N008,0.3694,2.5319,0.1119,0.0799
2026-08-29 10:45:00,N008,0.3226,2.3059,0.1234,0.0624
2026-08-29 10:50:00,N008,0.3637,2.3809,0.1288,0.0391
2026-08-29 10:55:00,N008,0.338,2.4909,0.1373,0.0776
2026-08-29 11:00:00,N008,0.3487,2.4896,0.1255,0.0718
2026-08-29 11:05:00,N008,0.376,2.4346,0.1249,0.0685
2026-08-29 11:10:00,N008,0.3705,2.3299,0.113,0.0499
2026-08-29 11:15:00,N008,0.3836,2.5524,0.1156,0.0368
2026-08-29 11:20:00,N008,0.3801,2.2813,0.135,0.0452
2026-08-29 11:25:00,N008,0.3854,2.3279,0.1427,0.0573
2026-08-29 11:30:00,N008,0.365,2.1867,0.1025,0.0513
2026-08-29 11:35:00,N008,0.365,2.2909,0.1159,0.0631
2026-08-29 11:40:00,N008,0.3699,2.4122,0.1383,0.0372
2026-08-29 11:45:00,N008,0.3562,2.6292,0.1298,0.0568
2026-08-29 11:50:00,N008,0.3962,2.2663,0.1385,0.08
2026-08-29 11:55:00,N008,0.3569,2.5402,0.1171,0.0448
2026-08-29 12:00:00,N008,0.3676,2.5356,0.1424,0.0788
2026-08-29 12:05:00,N008,0.3609,2.5858,0.1248,0.0689
2026-08-29 12:10:00,N008,0.3652,2.4988,0.134,0.0314
2026-08-29 12:15:00,N008,0.3453,2.4604,0.1087,0.068
2026-08-29 12:20:00,N008,0.3753,2.4902,0.1155,0.0764
2026-08-29 12:25:00,N008,0.3929,2.4713,0.1351,0.0588
2026-08-29 12:30:00,N008,0.3704,2.4421,0.1285,0.0694
2026-08-29 12:35:00,N008,0.3977,2.2912,0.1277,0.0383
2026-08-29 12:40:00,N008,0.3865,2.3915,0.1116,0.0656
2026-08-29 12:45:00,N008,0.3889,2.5444,0.1314,0.0623
2026-08-29 12:50:00,N008,0.3841,2.3627,0.1276,0.0495
2026-08-29 12:55:00,N008,0.3455,2.431,0.1422,0.0649
2026-08-29 13:00:00,N008,0.3727,2.4907,0.1352,0.0445
2026-08-29 13:05:00,N008,0.3585,2.499,0.1323,0.0614
2026-08-29 13:10:00,N008,0.3612,2.4334,0.1668,0.0703
2026-08-29 13:15:00,N008,0.3696,2.4535,0.1235,0.0548
2026-08-29 13:20:00,N008,0.3679,2.2586,0.1101,0.0473
2026-08-29 13:25:00,N008,0.3667,2.4583,0.1467,0.0348
2026-08-29 13:30:00,N008,0.3524,2.6722,0.1305,0.0704
2026-08-29 13:35:00,N008,0.3946,2.4093,0.1277,0.0531
2026-08-29 13:40:00,N008,0.3346,2.4581,0.1395,0.0654
2026-08-29 13:45:00,N008,0.3733,2.4531,0.1211,0.0765
2026-08-29 13:50:00,N008,0.3567,2.5362,0.1309,0.0795
2026-08-29 13:55:00,N008,0.3788,2.3483,0.1147,0.0663
2026-08-29 14:00:00,N008,0.3634,2.4518,0.1411,0.0605
2026-08-29 14:05:00,N008,0.3652,2.6028,0.1244,0.0814
2026-08-29 14:10:00,N008,0.3527,2.5909,0.1461,0.0373
2026-08-29 14:15:00,N008,0.3595,2.6519,0.1428,0.0555
2026-08-29 14:20:00,N008,0.3537,2.6323,0.1431,0.0407
2026-08-29 14:25:00,N008,0.3468,2.5474,0.1365,0.0538
2026-08-29 14:30:00,N008,0.3751,2.4379,0.1036,0.052
2026-08-29 14:35:00,N008,0.366,2.4928,0.115,0.0312
2026-08-29 14:40:00,N008,0.3575,2.6364,0.144,0.0764
2026-08-29 14:45:00,N008,0.353,2.393,0.1349,0.0682
2026-08-29 14:50:00,N008,0.3714,2.2926,0.1185,0.0583
2026-08-29 14:55:00,N008,0.3728,2.6291,0.1307,0.0638
2026-08-29 15:00:00,N008,0.3669,2.6221,0.1327,0.06
2026-08-29 15:05:00,N008,0.3617,2.5523,0.1347,0.0631
2026-08-29 15:10:00,N008,0.3715,2.7065,0.1321,0.0495
2026-08-29 15:15:00,N008,0.3791,2.3842,0.116,0.0643
2026-08-29 15:20:00,N008,0.3737,2.4015,0.1243,0.0503
2026-08-29 15:25:00,N008,0.3588,2.6669,0.1374,0.0592
2026-08-29 15:30:00,N008,0.358,2.3945,0.146,0.0685
2026-08-29 15:35:00,N008,0.3557,2.6456,0.1281,0.0554
2026-08-29 15:40:00,N008,0.3729,2.473,0.1248,0.0616
2026-08-29 15:45:00,N008,0.359,2.6451,0.1514,0.0486
2026-08-29 15:50:00,N008,0.3416,2.3274,0.1271,0.0501
2026-08-29 15:55:00,N008,0.3698,2.5863,0.1097,0.0329
2026-08-29 16:00:00,N008,0.3713,2.5894,0.1238,0.0354
2026-08-29 16:05:00,N008,0.374,2.7285,0.1323,0.0476
2026-08-29 16:10:00,N008,0.3677,2.4148,0.1416,0.0617
2026-08-29 16:15:00,N008,0.3406,2.5454,0.1345,0.0555
2026-08-29 16:20:00,N008,0.3631,2.4373,0.1357,0.0509
2026-08-29 16:25:00,N008,0.335,2.5425,0.1407,0.0549
2026-08-29 16:30:00,N008,0.3935,2.6413,0.133,0.0589
2026-08-29 16:35:00,N008,0.3665,2.561,0.1253,0.0689
2026-08-29 16:40:00,N008,0.3536,2.4663,0.1155,0.0918
2026-08-29 16:45:00,N008,0.3757,2.6347,0.1162,0.0705
2026-08-29 16:50:00,N008,0.3661,2.6266,0.1172,0.0637
2026-08-29 16:55:00,N008,0.3616,2.5118,0.1377,0.0383
2026-08-29 17:00:00,N008,0.3766,2.6886,0.1184,0.0492
2026-08-29 17:05:00,N008,0.3648,2.6431,0.1271,0.0681
2026-08-29 17:10:00,N008,0.3947,2.5511,0.1083,0.0741
2026-08-29 17:15:00,N008,0.3936,2.6619,0.1159,0.0599
2026-08-29 17:20:00,N008,0.3517,2.6947,0.1127,0.0574
2026-08-29 17:25:00,N008,0.3535,2.6356,0.1245,0.0647
2026-08-29 17:30:00,N008,0.369,2.5047,0.1365,0.0614
2026-08-29 17:35:00,N008,0.354,2.8948,0.1346,0.0599
2026-08-29 17:40:00,N008,0.3901,2.8497,0.1272,0.0675
2026-08-29 17:45:00,N008,0.3542,2.6138,0.1265,0.0652
2026-08-29 17:50:00,N008,0.3741,2.7014,0.1318,0.0444
2026-08-29 17:55:00,N008,0.3552,2.5715,0.1255,0.0784
2026-08-29 18:00:00,N008,0.3519,2.5969,0.1404,0.0582
2026-08-29 18:05:00,N008,0.3763,2.6258,0.132,0.0594
2026-08-29 18:10:00,N008,0.3795,2.46,0.1246,0.0674
2026-08-29 18:15:00,N008,0.3777,2.8273,0.1242,0.0852
2026-08-29 18:20:00,N008,0.3599,2.8104,0.1387,0.0494
2026-08-29 18:25:00,N008,0.3745,2.6475,0.1364,0.0599
2026-08-29 18:30:00,N008,0.3653,2.8208,0.1277,0.0758
2026-08-29 18:35:00,N008,0.3667,2.8592,0.1208,0.0542
2026-08-29 18:40:00,N008,0.393,2.6086,0.1481,0.0769
2026-08-29 18:45:00,N008,0.368,2.4472,0.1287,0.0652
2026-08-29 18:50:00,N008,0.3879,2.8582,0.1207,0.0758
2026-08-29 18:55:00,N008,0.382,2.7992,0.1349,0.0347
2026-08-29 19:00:00,N008,0.3683,2.5345,0.1265,0.0787
2026-08-29 19:05:00,N008,0.3753,2.8137,0.133,0.0446
2026-08-29 19:10:00,N008,0.333,2.6965,0.1264,0.0495
2026-08-29 19:15:00,N008,0.3454,2.5933,0.1266,0.0743
2026-08-29 19:20:00,N008,0.3738,2.8772,0.1165,0.0776
2026-08-29 19:25:00,N008,0.3718,2.7704,0.1237,0.0806
2026-08-29 19:30:00,N008,0.3756,2.6083,0.1288,0.061
2026-08-29 19:35:00,N008,0.3786,2.551,0.1286,0.0706
2026-08-29 19:40:00,N008,0.3719,2.857,0.1382,0.0647
2026-08-29 19:45:00,N008,0.3748,2.7336,0.1338,0.0375
2026-08-29 19:50:00,N008,0.3671,2.5228,0.1443,0.0641
2026-08-29 19:55:00,N008,0.3688,2.8113,0.134,0.0482
2026-08-29 20:00:00,N008,0.3708,2.6662,0.108,0.0549
2026-08-29 20:05:00,N008,0.3692,2.6955,0.1111,0.0826
2026-08-29 20:10:00,N008,0.3705,2.7165,0.1337,0.0536
2026-08-29 20:15:00,N008,0.379,2.6708,0.1182,0.0741
2026-08-29 20:20:00,N008,0.3946,2.8046,0.14,0.0578
2026-08-29 20:25:00,N008,0.3484,2.8992,0.1536,0.0889
2026-08-29 20:30:00,N008,0.3674,2.5846,0.1161,0.0406
2026-08-29 20:35:00,N008,0.371,2.9186,0.1272,0.0705
2026-08-29 20:40:00,N008,0.3933,2.6802,0.1534,0.0959
2026-08-29 20:45:00,N008,0.3708,2.6622,0.1373,0.061
2026-08-29 20:50:00,N008,0.3555,2.888,0.1435,0.0686
2026-08-29 20:55:00,N008,0.354,2.5895,0.1302,0.0589
2026-08-29 21:00:00,N008,0.368,2.8624,0.1377,0.0872
2026-08-29 21:05:00,N008,0.3583,2.7014,0.138,0.0733
2026-08-29 21:10:00,N008,0.3963,2.7958,0.1511,0.0748
2026-08-29 21:15:00,N008,0.3893,2.7093,0.1291,0.0805
2026-08-29 21:20:00,N008,0.3977,2.8384,0.1279,0.0876
2026-08-29 21:25:00,N008,0.3407,2.583,0.1371,0.0672
2026-08-29 21:30:00,N008,0.3828,2.7642,0.1358,0.0549
2026-08-29 21:35:00,N008,0.3824,2.8786,0.1436,0.0974
2026-08-29 21:40:00,N008,0.3776,2.7949,0.1107,0.0593
2026-08-29 21:45:00,N008,0.3711,2.8908,0.1216,0.0794
2026-08-29 21:50:00,N008,0.3741,2.7463,0.1319,0.0617
2026-08-29 21:55:00,N008,0.3678,2.5658,0.126,0.0604
2026-08-29 22:00:00,N008,0.3666,2.8232,0.1368,0.0712
2026-08-29 22:05:00,N008,0.3894,2.845,0.1254,0.0609
2026-08-29 22:10:00,N008,0.3792,2.8475,0.1457,0.0858
2026-08-29 22:15:00,N008,0.3665,2.7692,0.137,0.0841
2026-08-29 22:20:00,N008,0.3888,2.7766,0.1139,0.0532
2026-08-29 22:25:00,N008,0.3789,2.8281,0.1157,0.0689
2026-08-29 22:30:00,N008,0.3844,2.6517,0.1422,0.0627
2026-08-29 22:35:00,N008,0.3939,2.7286,0.1166,0.0616
2026-08-29 22:40:00,N008,0.3737,2.7487,0.1263,0.0736
2026-08-29 22:45:00,N008,0.3727,2.7902,0.1084,0.0745
2026-08-29 22:50:00,N008,0.374,2.9941,0.1177,0.0417
2026-08-29 22:55:00,N008,0.3847,2.8453,0.1168,0.0459
2026-08-29 23:00:00,N008,0.3986,2.9762,0.0991,0.0621
2026-08-29 23:05:00,N008,0.4007,2.7521,0.123,0.0648
2026-08-29 23:10:00,N008,0.359,2.6075,0.1416,0.0415
2026-08-29 23:15:00,N008,0.3796,2.9212,0.1115,0.0554
2026-08-29 23:20:00,N008,0.3942,2.8815,0.1215,0.0874
2026-08-29 23:25:00,N008,0.3942,2.8526,0.1181,0.0633
2026-08-29 23:30:00,N008,0.3805,2.8005,0.1402,0.0467
2026-08-29 23:35:00,N008,0.3539,2.8476,0.123,0.0603
2026-08-29 23:40:00,N008,0.3499,2.831,0.1283,0.0796
2026-08-29 23:45:00,N008,0.3776,2.8156,0.1431,0.0502
2026-08-29 23:50:00,N008,0.3847,2.6337,0.1189,0.0518
2026-08-29 23:55:00,N008,0.3885,2.8292,0.1288,0.0535
2026-08-29 00:00:00,N009,0.1913,2.4901,0.0807,0.096
2026-08-29 00:05:00,N009,0.1649,2.5362,0.093,0.0639
2026-08-29 00:10:00,N009,0.159,2.5652,0.1236,0.0673
2026-08-29 00:15:00,N009,0.1428,2.8787,0.0977,0.0597
2026-08-29 00:20:00,N009,0.1577,2.7831,0.0874,0.0424
2026-08-29 00:25:00,N009,0.1987,2.653,0.1083,0.0906
2026-08-29 00:30:00,N009,0.1569,2.8318,0.0826,0.0435
2026-08-29 00:35:00,N009,0.1657,2.7583,0.0848,0.067
2026-08-29 00:40:00,N009,0.1893,2.7262,0.0803,0.0822
2026-08-29 00:45:00,N009,0.1752,2.4136,0.0955,0.0777
2026-08-29 00:50:00,N009,0.1727,2.8259,0.0823,0.077
2026-08-29 00:55:00,N009,0.149,2.7706,0.1138,0.0571
2026-08-29 01:00:00,N009,0.1612,2.6393,0.0919,0.0562
2026-08-29 01:05:00,N009,0.179,2.8289,0.0968,0.0457
2026-08-29 01:10:00,N009,0.1877,2.8425,0.1003,0.0779
2026-08-29 01:15:00,N009,0.1762,2.8567,0.1135,0.0582
2026-08-29 01:20:00,N009,0.1892,2.7253,0.0888,0.0495
2026-08-29 01:25:00,N009,0.1688,2.6187,0.0848,0.0562
2026-08-29 01:30:00,N009,0.1665,2.6924,0.0915,0.0485
2026-08-29 01:35:00,N009,0.1516,2.7874,0.0808,0.089
2026-08-29 01:40:00,N009,0.1768,2.8195,0.1073,0.0683
2026-08-29 01:45:00,N009,0.1649,2.8541,0.0965,0.0703
2026-08-29 01:50:00,N009,0.1945,2.7268,0.0908,0.0735
2026-08-29 01:55:00,N009,0.1597,2.7644,0.1071,0.08
2026-08-29 02:00:00,N009,0.1743,2.7384,0.0944,0.0846
2026-08-29 02:05:00,N009,0.1831,2.7208,0.0943,0.0807
2026-08-29 02:10:00,N009,0.1589,2.7836,0.0645,0.0808
2026-08-29 02:15:00,N009,0.184,2.8559,0.0856,0.0783
2026-08-29 02:20:00,N009,0.1956,2.9386,0.09,0.0759
2026-08-29 02:25:00,N009,0.191,2.5916,0.0865,0.0939
2026-08-29 02:30:00,N009,0.1891,2.8188,0.0723,0.0733
2026-08-29 02:35:00,N009,0.1657,2.817,0.0807,0.0587
2026-08-29 02:40:00,N009,0.1437,2.9267,0.0856,0.0766
2026-08-29 02:45:00,N009,0.1747,2.6547,0.0753,0.0592
2026-08-29 02:50:00,N009,0.164,2.8296,0.0808,0.1006
2026-08-29 02:55:00,N009,0.1904,2.8854,0.089,0.0972
2026-08-29 03:00:00,N009,0.1718,2.7874,0.0924,0.0852
2026-08-29 03:05:00,N009,0.1847,2.7369,0.084,0.0843
2026-08-29 03:10:00,N009,0.186,2.7495,0.0713,0.0717
2026-08-29 03:15:00,N009,0.1847,3.0161,0.076,0.0685
2026-08-29 03:20:00,N009,0.1696,2.965,0.09,0.0614
2026-08-29 03:25:00,N009,0.184,2.7565,0.0757,0.0618
2026-08-29 03:30:00,N009,0.2017,2.8539,0.0917,0.0715
2026-08-29 03:35:00,N009,0.1802,2.8442,0.0939,0.0771
2026-08-29 03:40:00,N009,0.1889,2.8162,0.0787,0.0663
2026-08-29 03:45:00,N009,0.1463,3.0594,0.1007,0.0631
2026-08-29 03:50:00,N009,0.1719,2.7425,0.1089,0.0544
2026-08-29 03:55:00,N009,0.1779,2.8087,0.1003,0.0742
2026-08-29 04:00:00,N009,0.15,2.7944,0.0787,0.0771
2026-08-29 04:05:00,N009,0.1979,2.6185,0.0808,0.0677
2026-08-29 04:10:00,N009,0.1708,2.9189,0.0883,0.0823
2026-08-29 04:15:00,N009,0.1672,2.8604,0.0997,0.0652
2026-08-29 04:20:00,N009,0.1885,2.8419,0.1029,0.0733
2026-08-29 04:25:00,N009,0.1826,2.8335,0.0892,0.0803
2026-08-29 04:30:00,N009,0.185,2.6912,0.1076,0.0486
2026-08-29 04:35:00,N009,0.1668,2.8326,0.0953,0.1003
2026-08-29 04:40:00,N009,0.1493,2.7858,0.0649,0.0772
2026-08-29 04:45:00,N009,0.1813,3.0404,0.0918,0.0925
2026-08-29 04:50:00,N009,0.1861,2.8,0.0735,0.081
2026-08-29 04:55:00,N009,0.1551,3.0105,0.0884,0.095
2026-08-29 05:00:00,N009,0.1704,2.8901,0.0929,0.0765
2026-08-29 05:05:00,N009,0.1712,2.9077,0.0793,0.0591
2026-08-29 05:10:00,N009,0.1964,2.9506,0.0912,0.1023
2026-08-29 05:15:00,N009,0.1739,3.0249,0.0925,0.0621
2026-08-29 05:20:00,N009,0.2057,2.9878,0.0889,0.0885
2026-08-29 05:25:00,N009,0.172,2.9712,0.0617,0.0624
2026-08-29 05:30:00,N009,0.1929,2.8445,0.0929,0.0576
2026-08-29 05:35:00,N009,0.206,3.0201,0.088,0.0718
2026-08-29 05:40:00,N009,0.1939,3.1179,0.1018,0.1105
2026-08-29 05:45:00,N009,0.1647,2.7845,0.0761,0.0847
2026-08-29 05:50:00,N009,0.1812,2.8674,0.1001,0.0967
2026-08-29 05:55:00,N009,0.1558,2.8167,0.1002,0.0713
2026-08-29 06:00:00,N009,0.1669,3.0134,0.0749,0.0739
2026-08-29 06:05:00,N009,0.1839,2.8251,0.0998,0.07
2026-08-29 06:10:00,N009,0.2002,2.8816,0.0984,0.0898
2026-08-29 06:15:00,N009,0.1697,2.6531,0.0947,0.0798
2026-08-29 06:20:00,N009,0.1876,2.8751,0.0852,0.1089
2026-08-29 06:25:00,N009,0.1573,2.9931,0.0835,0.0739
2026-08-29 06:30:00,N009,0.1747,2.8114,0.0972,0.0999
2026-08-29 06:35:00,N009,0.1866,2.923,0.0785,0.0869
2026-08-29 06:40:00,N009,0.212,2.8677,0.0859,0.0708
2026-08-29 06:45:00,N009,0.1724,2.5867,0.0952,0.0666
2026-08-29 06:50:00,N009,0.1557,3.0093,0.0774,0.0743
2026-08-29 06:55:00,N009,0.202,2.7526,0.072,0.0836
2026-08-29 07:00:00,N009,0.1973,2.7356,0.0953,0.0883
2026-08-29 07:05:00,N009,0.1493,3.0231,0.1009,0.0751
2026-08-29 07:10:00,N009,0.1991,3.0664,0.0916,0.0731
2026-08-29 07:15:00,N009,0.1658,2.9283,0.0972,0.0751
2026-08-29 07:20:00,N009,0.1475,3.0879,0.0927,0.0744
2026-08-29 07:25:00,N009,0.1935,3.1213,0.0568,0.0867
2026-08-29 07:30:00,N009,0.1593,3.0011,0.0919,0.0898
2026-08-29 07:35:00,N009,0.1733,2.7192,0.085,0.0865
2026-08-29 07:40:00,N009,0.1961,2.8061,0.1027,0.0707
2026-08-29 07:45:00,N009,0.1864,2.8883,0.0926,0.0939
2026-08-29 07:50:00,N009,0.1627,2.8707,0.0926,0.1167
2026-08-29 07:55:00,N009,0.1683,3.1999,0.1144,0.0793
2026-08-29 08:00:00,N009,0.1769,2.8748,0.0896,0.0598
2026-08-29 08:05:00,N009,0.1803,3.1402,0.0831,0.0774
2026-08-29 08:10:00,N009,0.156,3.0083,0.0936,0.082
2026-08-29 08:15:00,N009,0.1784,2.931,0.0964,0.0808
2026-08-29 08:20:00,N009,0.1865,2.9947,0.1039,0.0915
2026-08-29 08:25:00,N009,0.1847,3.1539,0.0954,0.101
2026-08-29 08:30:00,N009,0.1911,2.7535,0.106,0.0835
2026-08-29 08:35:00,N009,0.1813,3.011,0.0862,0.085
2026-08-29 08:40:00,N009,0.1733,3.133,0.089,0.076
2026-08-29 08:45:00,N009,0.1684,3.0151,0.0926,0.0876
2026-08-29 08:50:00,N009,0.167,2.7935,0.0979,0.1042
2026-08-29 08:55:00,N009,0.1671,3.1791,0.0938,0.0819
2026-08-29 09:00:00,N009,0.1766,2.825,0.1022,0.0705
2026-08-29 09:05:00,N009,0.171,3.113,0.0678,0.0594
2026-08-29 09:10:00,N009,0.1825,3.0319,0.0962,0.0778
2026-08-29 09:15:00,N009,0.2208,2.9721,0.0876,0.0705
2026-08-29 09:20:00,N009,0.1848,3.0761,0.1048,0.0602
2026-08-29 09:25:00,N009,0.1794,3.0587,0.0974,0.0828
2026-08-29 09:30:00,N009,0.1913,2.9108,0.1091,0.0976
2026-08-29 09:35:00,N009,0.1631,2.8816,0.0778,0.093
2026-08-29 09:40:00,N009,0.1641,2.9737,0.0958,0.082
2026-08-29 09:45:00,N009,0.1874,2.8883,0.0975,0.0739
2026-08-29 09:50:00,N009,0.1787,3.0475,0.0916,0.0835
2026-08-29 09:55:00,N009,0.1725,2.9858,0.0904,0.0627
2026-08-29 10:00:00,N009,0.1769,3.071,0.0751,0.1007
2026-08-29 10:05:00,N009,0.203,2.8779,0.1067,0.0813
2026-08-29 10:10:00,N009,0.1903,2.9705,0.1015,0.0897
2026-08-29 10:15:00,N009,0.1719,2.893,0.0729,0.0865
2026-08-29 10:20:00,N009,0.1928,3.1137,0.089,0.0664
2026-08-29 10:25:00,N009,0.1741,3.1767,0.0846,0.0861
2026-08-29 10:30:00,N009,0.1683,3.0816,0.0849,0.0997
2026-08-29 10:35:00,N009,0.1962,2.9845,0.0889,0.0758
2026-08-29 10:40:00,N009,0.1634,2.9438,0.0928,0.0891
2026-08-29 10:45:00,N009,0.187,3.0133,0.1016,0.0853
2026-08-29 10:50:00,N009,0.1954,2.8394,0.0433,0.0887
2026-08-29 10:55:00,N009,0.1636,3.0296,0.0868,0.1083
2026-08-29 11:00:00,N009,0.1911,3.0777,0.1004,0.0902
2026-08-29 11:05:00,N009,0.1783,3.1892,0.0771,0.0896
2026-08-29 11:10:00,N009,0.1621,3.0879,0.0927,0.11
2026-08-29 11:15:00,N009,0.1619,2.9941,0.1003,0.09
2026-08-29 11:20:00,N009,0.1882,2.9542,0.0833,0.1037
2026-08-29 11:25:00,N009,0.1848,3.1168,0.089,0.0674
2026-08-29 11:30:00,N009,0.1997,3.1349,0.1181,0.07
2026-08-29 11:35:00,N009,0.1981,2.9199,0.0923,0.1
2026-08-29 11:40:00,N009,0.1548,3.0555,0.0836,0.0749
2026-08-29 11:45:00,N009,0.1918,3.2173,0.0888,0.0887
2026-08-29 11:50:00,N009,0.1878,3.0858,0.0773,0.1023
2026-08-29 11:55:00,N009,0.1906,3.1358,0.0807,0.0789
2026-08-29 12:00:00,N009,0.1837,2.9071,0.0701,0.0769
2026-08-29 12:05:00,N009,0.1943,3.0156,0.0782,0.0738
2026-08-29 12:10:00,N009,0.1797,3.0543,0.1164,0.1019
2026-08-29 12:15:00,N009,0.202,3.2397,0.0784,0.0679
2026-08-29 12:20:00,N009,0.1701,3.2624,0.0838,0.0675
2026-08-29 12:25:00,N009,0.1804,3.0764,0.0936,0.0902
2026-08-29 12:30:00,N009,0.1745,3.1901,0.0827,0.0842
2026-08-29 12:35:00,N009,0.1974,3.0336,0.0836,0.0955
2026-08-29 12:40:00,N009,0.1743,3.0672,0.0971,0.1175
2026-08-29 12:45:00,N009,0.1963,3.1729,0.0968,0.0707
2026-08-29 12:50:00,N009,0.1891,3.1154,0.0942,0.0887
2026-08-29 12:55:00,N009,0.1932,3.0843,0.0911,0.0686
2026-08-29 13:00:00,N009,0.1828,3.2914,0.0942,0.0868
2026-08-29 13:05:00,N009,0.2161,2.964,0.0771,0.1129
2026-08-29 13:10:00,N009,0.1885,3.1009,0.076,0.0941
2026-08-29 13:15:00,N009,0.1961,3.0015,0.0887,0.0824
2026-08-29 13:20:00,N009,0.1918,3.0013,0.1054,0.1013
2026-08-29 13:25:00,N009,0.1826,3.1124,0.0887,0.076
2026-08-29 13:30:00,N009,0.1815,3.1087,0.1097,0.102
2026-08-29 13:35:00,N009,0.2023,3.1883,0.077,0.0872
2026-08-29 13:40:00,N009,0.203,2.9957,0.098,0.1228
2026-08-29 13:45:00,N009,0.2044,3.3192,0.093,0.1026
2026-08-29 13:50:00,N009,0.1778,3.2478,0.0982,0.0925
2026-08-29 13:55:00,N009,0.2085,3.0904,0.0881,0.0897
2026-08-29 14:00:00,N009,0.1734,3.1851,0.0698,0.1041
2026-08-29 14:05:00,N009,0.1896,3.0981,0.0804,0.085
2026-08-29 14:10:00,N009,0.1994,3.2291,0.0819,0.0759
2026-08-29 14:15:00,N009,0.199,3.0795,0.0911,0.0906
2026-08-29 14:20:00,N009,0.1939,3.2719,0.0752,0.0601
2026-08-29 14:25:00,N009,0.1808,3.3879,0.1147,0.1164
2026-08-29 14:30:00,N009,0.1866,2.9606,0.0623,0.0798
2026-08-29 14:35:00,N009,0.1866,3.3333,0.1008,0.0925
2026-08-29 14:40:00,N009,0.1763,3.0648,0.0934,0.0997
2026-08-29 14:45:00,N009,0.1956,3.0587,0.0982,0.0957
2026-08-29 14:50:00,N009,0.1738,3.0915,0.0986,0.0859
2026-08-29 14:55:00,N009,0.2138,3.2485,0.0845,0.0894
2026-08-29 15:00:00,N009,0.191,3.1038,0.0794,0.1002
2026-08-29 15:05:00,N009,0.2029,3.2664,0.1086,0.0816
2026-08-29 15:10:00,N009,0.2154,3.0886,0.0782,0.0634
2026-08-29 15:15:00,N009,0.1837,3.139,0.0967,0.0936
2026-08-29 15:20:00,N009,0.1726,3.1551,0.0859,0.0634
2026-08-29 15:25:00,N009,0.1759,3.1126,0.1076,0.093
2026-08-29 15:30:00,N009,0.2006,3.028,0.1047,0.1098
2026-08-29 15:35:00,N009,0.1608,3.126,0.0963,0.1
2026-08-29 15:40:00,N009,0.1807,3.1767,0.0832,0.0921
2026-08-29 15:45:00,N009,0.209,3.1236,0.1024,0.0788
2026-08-29 15:50:00,N009,0.1784,3.3172,0.1015,0.1034
2026-08-29 15:55:00,N009,0.1715,3.1658,0.1003,0.0914
2026-08-29 16:00:00,N009,0.1752,3.2795,0.0818,0.1178
2026-08-29 16:05:00,N009,0.2146,3.2998,0.1067,0.092
2026-08-29 16:10:00,N009,0.203,3.4074,0.0933,0.0873
2026-08-29 16:15:00,N009,0.1661,3.2229,0.1003,0.1054
2026-08-29 16:20:00,N009,0.1993,3.1707,0.0667,0.0839
2026-08-29 16:25:00,N009,0.1873,3.2008,0.0978,0.1212
2026-08-29 16:30:00,N009,0.1938,3.2152,0.0873,0.0934
2026-08-29 16:35:00,N009,0.1796,3.2584,0.0958,0.0948
2026-08-29 16:40:00,N009,0.199,3.2988,0.0691,0.1013
2026-08-29 16:45:00,N009,0.1822,3.118,0.0771,0.0983
2026-08-29 16:50:00,N009,0.189,3.0504,0.0961,0.0703
2026-08-29 16:55:00,N009,0.1946,3.2837,0.101,0.1188
2026-08-29 17:00:00,N009,0.1721,3.2515,0.0871,0.0986
2026-08-29 17:05:00,N009,0.1959,3.2183,0.0851,0.0755
2026-08-29 17:10:00,N009,0.2076,3.3185,0.1014,0.0877
2026-08-29 17:15:00,N009,0.183,3.1368,0.0947,0.0768
2026-08-29 17:20:00,N009,0.2207,3.112,0.0937,0.1161
2026-08-29 17:25:00,N009,0.2021,3.2928,0.0788,0.0719
2026-08-29 17:30:00,N009,0.2047,3.4552,0.0851,0.0757
2026-08-29 17:35:00,N009,0.1564,3.1596,0.089,0.1168
2026-08-29 17:40:00,N009,0.2035,3.3167,0.0856,0.0842
2026-08-29 17:45:00,N009,0.2146,3.3069,0.0652,0.083
2026-08-29 17:50:00,N009,0.1807,3.2201,0.0971,0.0916
2026-08-29 17:55:00,N009,0.1926,3.446,0.082,0.1212
2026-08-29 18:00:00,N009,0.1838,3.3019,0.087,0.0952
2026-08-29 18:05:00,N009,0.2006,3.346,0.0813,0.0766
2026-08-29 18:10:00,N009,0.2316,3.2386,0.0988,0.0695
2026-08-29 18:15:00,N009,0.1899,3.2842,0.0961,0.0529
2026-08-29 18:20:00,N009,0.1967,3.1643,0.0943,0.0783
2026-08-29 18:25:00,N009,0.1815,3.2722,0.0778,0.0868
2026-08-29 18:30:00,N009,0.1765,3.0878,0.1026,0.0746
2026-08-29 18:35:00,N009,0.1919,3.401,0.083,0.0817
2026-08-29 18:40:00,N009,0.1981,3.4475,0.0764,0.092
2026-08-29 18:45:00,N009,0.1688,3.269,0.0908,0.0815
2026-08-29 18:50:00,N009,0.188,3.15,0.0913,0.1103
2026-08-29 18:55:00,N009,0.1785,3.247,0.0964,0.1127
2026-08-29 19:00:00,N009,0.1727,3.3042,0.0938,0.0931
2026-08-29 19:05:00,N009,0.158,3.3874,0.1086,0.0965
2026-08-29 19:10:00,N009,0.1798,3.2685,0.1116,0.1085
2026-08-29 19:15:00,N009,0.205,3.3756,0.0825,0.0919
2026-08-29 19:20:00,N009,0.1943,3.4016,0.1085,0.1118
2026-08-29 19:25:00,N009,0.1743,3.3653,0.0992,0.1044
2026-08-29 19:30:00,N009,0.1863,3.6909,0.0751,0.079
2026-08-29 19:35:00,N009,0.1993,3.598,0.0804,0.0914
2026-08-29 19:40:00,N009,0.2121,3.3446,0.0864,0.104
2026-08-29 19:45:00,N009,0.2001,3.4731,0.1059,0.1002
2026-08-29 19:50:00,N009,0.2005,3.378,0.0963,0.0965
2026-08-29 19:55:00,N009,0.1962,3.4986,0.1086,0.0732
2026-08-29 20:00:00,N009,0.1965,3.2752,0.0867,0.1019
2026-08-29 20:05:00,N009,0.2065,3.3472,0.0674,0.0815
2026-08-29 20:10:00,N009,0.21,3.0345,0.1046,0.1039
2026-08-29 20:15:00,N009,0.2164,3.3423,0.0657,0.1027
2026-08-29 20:20:00,N009,0.2159,3.4799,0.0824,0.0976
2026-08-29 20:25:00,N009,0.1889,3.2734,0.1019,0.0784
2026-08-29 20:30:00,N009,0.1835,3.242,0.0725,0.0987
2026-08-29 20:35:00,N009,0.2145,3.3551,0.0723,0.1092
2026-08-29 20:40:00,N009,0.2224,3.3025,0.0846,0.1045
2026-08-29 20:45:00,N009,0.2216,3.3204,0.0744,0.1063
2026-08-29 20:50:00,N009,0.2094,3.3863,0.0837,0.1118
2026-08-29 20:55:00,N009,0.2054,3.2962,0.091,0.0768
2026-08-29 21:00:00,N009,0.2079,3.3597,0.0852,0.0966
2026-08-29 21:05:00,N009,0.1983,3.5013,0.0975,0.0949
2026-08-29 21:10:00,N009,0.2092,3.4448,0.0853,0.0955
2026-08-29 21:15:00,N009,0.1957,3.4601,0.086,0.0916
2026-08-29 21:20:00,N009,0.2275,3.515,0.0813,0.1061
2026-08-29 21:25:00,N009,0.1999,3.452,0.092,0.1155
2026-08-29 21:30:00,N009,0.2034,3.4004,0.1029,0.1013
2026-08-29 21:35:00,N009,0.2001,3.4483,0.0893,0.098
2026-08-29 21:40:00,N009,0.1896,3.3232,0.0784,0.0771
2026-08-29 21:45:00,N009,0.1853,3.3952,0.0916,0.094
2026-08-29 21:50:00,N009,0.1633,3.6079,0.1034,0.1049
2026-08-29 21:55:00,N009,0.2273,3.3044,0.113,0.0838
2026-08-29 22:00:00,N009,0.2024,3.2716,0.0906,0.1042
2026-08-29 22:05:00,N009,0.1966,3.5129,0.0916,0.0907
2026-08-29 22:10:00,N009,0.1905,3.5274,0.0825,0.1123
2026-08-29 22:15:00,N009,0.2175,3.2326,0.104,0.1296
2026-08-29 22:20:00,N009,0.203,3.5075,0.1028,0.0947
2026-08-29 22:25:00,N009,0.2021,3.2807,0.0921,0.1064
2026-08-29 22:30:00,N009,0.2072,3.569,0.0811,0.091
2026-08-29 22:35:00,N009,0.228,3.4259,0.0928,0.0981
2026-08-29 22:40:00,N009,0.1873,3.6415,0.0841,0.0823
2026-08-29 22:45:00,N009,0.193,3.2093,0.0826,0.0848
2026-08-29 22:50:00,N009,0.2091,3.3715,0.101,0.1204
2026-08-29 22:55:00,N009,0.2117,3.4292,0.0921,0.0767
2026-08-29 23:00:00,N009,0.1981,3.3546,0.0987,0.1382
2026-08-29 23:05:00,N009,0.2077,3.2217,0.0861,0.1016
2026-08-29 23:10:00,N009,0.2016,3.3757,0.0933,0.0812
2026-08-29 23:15:00,N009,0.1862,3.5437,0.0782,0.108
2026-08-29 23:20:00,N009,0.1799,3.6807,0.0811,0.0967
2026-08-29 23:25:00,N009,0.2056,3.4039,0.0921,0.1088
2026-08-29 23:30:00,N009,0.2151,3.5695,0.0883,0.0981
2026-08-29 23:35:00,N009,0.236,3.5913,0.0793,0.1019
2026-08-29 23:40:00,N009,0.1959,3.4638,0.0756,0.0943
2026-08-29 23:45:00,N009,0.2282,3.5523,0.0605,0.1188
2026-08-29 23:50:00,N009,0.2175,3.4425,0.099,0.0878
2026-08-29 23:55:00,N009,0.1942,3.6682,0.0871,0.0727
2026-08-29 00:00:00,N010,0.1866,2.0936,0.0828,0.0506
2026-08-29 00:05:00,N010,0.1706,2.0046,0.1017,0.038
2026-08-29 00:10:00,N010,0.1689,2.1188,0.075,0.0273
2026-08-29 00:15:00,N010,0.169,2.0768,0.1031,0.0385
2026-08-29 00:20:00,N010,0.1819,2.1041,0.1005,0.0414
2026-08-29 00:25:00,N010,0.1694,2.1042,0.0764,0.0431
2026-08-29 00:30:00,N010,0.1687,2.0483,0.1011,0.0168
2026-08-29 00:35:00,N010,0.163,2.2346,0.0916,0.035
2026-08-29 00:40:00,N010,0.1732,2.1356,0.0696,0.0306
2026-08-29 00:45:00,N010,0.1938,2.0377,0.084,0.0278
2026-08-29 00:50:00,N010,0.1684,2.0497,0.0937,0.039
2026-08-29 00:55:00,N010,0.1814,1.9963,0.0837,0.0327
2026-08-29 01:00:00,N010,0.1767,2.03,0.0988,0.054
2026-08-29 01:05:00,N010,0.1552,2.0691,0.0814,0.0758
2026-08-29 01:10:00,N010,0.1637,2.3321,0.0726,0.0216
2026-08-29 01:15:00,N010,0.1599,2.032,0.0846,0.0259
2026-08-29 01:20:00,N010,0.158,2.2753,0.1025,0.0509
2026-08-29 01:25:00,N010,0.1783,2.1502,0.0818,0.0224
2026-08-29 01:30:00,N010,0.176,2.001,0.0759,0.0541
2026-08-29 01:35:00,N010,0.1991,2.1918,0.1011,0.0333
2026-08-29 01:40:00,N010,0.1507,2.2209,0.0946,0.0381
2026-08-29 01:45:00,N010,0.1672,2.2657,0.076,0.0256
2026-08-29 01:50:00,N010,0.1558,2.1632,0.0748,0.027
2026-08-29 01:55:00,N010,0.1605,2.1245,0.07,0.0387
2026-08-29 02:00:00,N010,0.1899,2.1748,0.1063,0.0575
2026-08-29 02:05:00,N010,0.1829,2.1703,0.0881,0.049
2026-08-29 02:10:00,N010,0.1655,1.9382,0.0937,0.0207
2026-08-29 02:15:00,N010,0.157,2.1669,0.0867,0.0166
2026-08-29 02:20:00,N010,0.174,2.2856,0.0743,0.057
2026-08-29 02:25:00,N010,0.1483,2.4265,0.0829,0.0402
2026-08-29 02:30:00,N010,0.1434,2.1677,0.0906,0.0368
2026-08-29 02:35:00,N010,0.1634,2.0644,0.1014,0.0387
2026-08-29 02:40:00,N010,0.1951,2.1176,0.0826,0.0505
2026-08-29 02:45:00,N010,0.1477,2.0379,0.101,0.0208
2026-08-29 02:50:00,N010,0.1449,2.4105,0.0711,0.0413
2026-08-29 02:55:00,N010,0.1733,1.8518,0.0846,0.0453
2026-08-29 03:00:00,N010,0.1777,2.3003,0.0832,0.0494
2026-08-29 03:05:00,N010,0.1622,2.0254,0.0722,0.0169
2026-08-29 03:10:00,N010,0.1877,2.0157,0.0911,0.0349
2026-08-29 03:15:00,N010,0.1712,2.3638,0.0826,0.0482
2026-08-29 03:20:00,N010,0.1734,2.1847,0.1154,0.0175
2026-08-29 03:25:00,N010,0.1923,2.2845,0.0821,0.0637
2026-08-29 03:30:00,N010,0.1453,2.1459,0.0733,0.0455
2026-08-29 03:35:00,N010,0.1564,2.2633,0.0856,0.0323
2026-08-29 03:40:00,N010,0.1791,2.1818,0.0747,0.0816
2026-08-29 03:45:00,N010,0.166,1.9507,0.0777,0.0206
2026-08-29 03:50:00,N010,0.1858,2.2582,0.0926,0.0342
2026-08-29 03:55:00,N010,0.1693,2.1779,0.0868,0.0524
2026-08-29 04:00:00,N010,0.1787,2.2852,0.0938,0.0532
2026-08-29 04:05:00,N010,0.1781,2.271,0.1021,0.0301
2026-08-29 04:10:00,N010,0.161,2.0884,0.09,0.0124
2026-08-29 04:15:00,N010,0.1809,2.2204,0.1014,0.0302
2026-08-29 04:20:00,N010,0.171,2.371,0.1044,0.0302
2026-08-29 04:25:00,N010,0.1769,2.2744,0.0923,0.0366
2026-08-29 04:30:00,N010,0.1935,2.0151,0.0828,0.0473
2026-08-29 04:35:00,N010,0.1812,2.407,0.1022,0.0364
2026-08-29 04:40:00,N010,0.194,2.1617,0.099,0.068
2026-08-29 04:45:00,N010,0.1928,2.2629,0.0838,0.018
2026-08-29 04:50:00,N010,0.1793,2.1191,0.0783,0.0232
2026-08-29 04:55:00,N010,0.1679,2.2524,0.0911,0.0321
2026-08-29 05:00:00,N010,0.1909,2.2335,0.0784,0.0446
2026-08-29 05:05:00,N010,0.2045,2.3015,0.0835,0.0184
2026-08-29 05:10:00,N010,0.1718,2.2923,0.0832,0.0164
2026-08-29 05:15:00,N010,0.1624,2.4414,0.105,0.0282
2026-08-29 05:20:00,N010,0.1854,2.1282,0.1047,0.0453
2026-08-29 05:25:00,N010,0.1897,2.0666,0.0959,0.0416
2026-08-29 05:30:00,N010,0.1883,2.385,0.0886,0.0328
2026-08-29 05:35:00,N010,0.1873,2.2708,0.0773,0.0281
2026-08-29 05:40:00,N010,0.1536,2.2195,0.101,0.0447
2026-08-29 05:45:00,N010,0.1679,2.3801,0.0778,0.0436
2026-08-29 05:50:00,N010,0.1732,2.3798,0.0689,0.0295
2026-08-29 05:55:00,N010,0.1515,2.2579,0.1023,0.0348
2026-08-29 06:00:00,N010,0.1685,2.3965,0.1006,0.0411
2026-08-29 06:05:00,N010,0.1865,2.1654,0.1043,0.0748
2026-08-29 06:10:00,N010,0.1842,2.0473,0.0811,0.0519
2026-08-29 06:15:00,N010,0.1701,2.4529,0.0949,0.0322
2026-08-29 06:20:00,N010,0.177,2.1957,0.0856,0.0346
2026-08-29 06:25:00,N010,0.1943,2.5597,0.0706,0.0141
2026-08-29 06:30:00,N010,0.1731,2.1263,0.0884,0.0543
2026-08-29 06:35:00,N010,0.1993,2.3355,0.0855,0.0135
2026-08-29 06:40:00,N010,0.1774,2.3226,0.0955,0.0327
2026-08-29 06:45:00,N010,0.1706,2.1395,0.0603,0.0268
2026-08-29 06:50:00,N010,0.1536,2.36,0.0816,0.0354
2026-08-29 06:55:00,N010,0.1625,1.9345,0.1059,0.0286
2026-08-29 07:00:00,N010,0.1712,2.1506,0.0995,0.0459
2026-08-29 07:05:00,N010,0.1651,2.2809,0.108,0.0427
2026-08-29 07:10:00,N010,0.1749,2.2178,0.0651,0.0415
2026-08-29 07:15:00,N010,0.1826,2.4655,0.0608,0.0272
2026-08-29 07:20:00,N010,0.1691,2.3359,0.0861,0.0423
2026-08-29 07:25:00,N010,0.184,2.2307,0.099,0.0507
2026-08-29 07:30:00,N010,0.1732,2.534,0.1065,0.0583
2026-08-29 07:35:00,N010,0.1328,2.5341,0.0973,0.0745
2026-08-29 07:40:00,N010,0.1968,2.5368,0.0984,0.0648
2026-08-29 07:45:00,N010,0.2082,2.3762,0.0689,0.04
2026-08-29 07:50:00,N010,0.1843,2.362,0.0729,0.0203
2026-08-29 07:55:00,N010,0.1674,2.4527,0.1068,0.0586
2026-08-29 08:00:00,N010,0.1945,2.3488,0.0669,0.0381
2026-08-29 08:05:00,N010,0.1749,2.3017,0.0885,0.0517
2026-08-29 08:10:00,N010,0.1916,2.3307,0.065,0.0379
2026-08-29 08:15:00,N010,0.1796,2.5136,0.081,0.053
2026-08-29 08:20:00,N010,0.1834,2.3749,0.099,0.0355
2026-08-29 08:25:00,N010,0.1705,2.371,0.0801,0.0531
2026-08-29 08:30:00,N010,0.1686,2.4023,0.0866,0.0488
2026-08-29 08:35:00,N010,0.1725,2.3373,0.089,0.0487
2026-08-29 08:40:00,N010,0.1794,2.5854,0.0759,0.0448
2026-08-29 08:45:00,N010,0.156,2.4282,0.0744,0.0417
2026-08-29 08:50:00,N010,0.1741,2.42,0.0812,0.0371
2026-08-29 08:55:00,N010,0.2013,2.4232,0.0811,0.0424
2026-08-29 09:00:00,N010,0.2046,2.3636,0.0795,0.0359
2026-08-29 09:05:00,N010,0.1718,2.3233,0.0725,0.0295
2026-08-29 09:10:00,N010,0.1677,2.4684,0.0832,0.0433
2026-08-29 09:15:00,N010,0.1993,2.5556,0.0844,0.0371
2026-08-29 09:20:00,N010,0.1673,2.4861,0.0854,0.0408
2026-08-29 09:25:00,N010,0.1682,2.3134,0.0917,0.027
2026-08-29 09:30:00,N010,0.1954,2.3445,0.086,0.0268
2026-08-29 09:35:00,N010,0.1804,2.3719,0.0872,0.069
2026-08-29 09:40:00,N010,0.1834,2.3187,0.0793,0.056
2026-08-29 09:45:00,N010,0.2003,2.4507,0.0961,0.0563
2026-08-29 09:50:00,N010,0.2022,2.1857,0.0958,0.062
2026-08-29 09:55:00,N010,0.161,2.3161,0.0776,0.0364
2026-08-29 10:00:00,N010,0.1739,2.4543,0.0982,0.0637
2026-08-29 10:05:00,N010,0.1687,2.3266,0.1036,0.0573
2026-08-29 10:10:00,N010,0.1826,2.4875,0.0875,0.0555
2026-08-29 10:15:00,N010,0.1764,2.4658,0.0697,0.0375
2026-08-29 10:20:00,N010,0.1714,2.3914,0.0767,0.0399
2026-08-29 10:25:00,N010,0.1589,2.5049,0.0868,0.0224
2026-08-29 10:30:00,N010,0.1692,2.4823,0.0813,0.0376
2026-08-29 10:35:00,N010,0.1808,2.4859,0.0706,0.0565
2026-08-29 10:40:00,N010,0.17,2.4453,0.0874,0.0404
2026-08-29 10:45:00,N010,0.1667,2.4159,0.1073,0.028
2026-08-29 10:50:00,N010,0.2076,2.4218,0.0882,0.0322
2026-08-29 10:55:00,N010,0.1707,2.3954,0.0753,0.0455
2026-08-29 11:00:00,N010,0.1763,2.6806,0.0738,0.0503
2026-08-29 11:05:00,N010,0.1862,2.3329,0.0961,0.0429
2026-08-29 11:10:00,N010,0.1452,2.5433,0.0744,0.0332
2026-08-29 11:15:00,N010,0.193,2.4252,0.0988,0.0672
2026-08-29 11:20:00,N010,0.1731,2.5648,0.0787,0.0826
2026-08-29 11:25:00,N010,0.1725,2.5955,0.0979,0.054
2026-08-29 11:30:00,N010,0.173,2.457,0.062,0.0527
2026-08-29 11:35:00,N010,0.1884,2.494,0.0521,0.0305
2026-08-29 11:40:00,N010,0.172,2.5157,0.0913,0.047
2026-08-29 11:45:00,N010,0.1929,2.3604,0.0951,0.0568
2026-08-29 11:50:00,N010,0.1891,2.4645,0.1098,0.0572
2026-08-29 11:55:00,N010,0.169,2.5189,0.0968,0.041
2026-08-29 12:00:00,N010,0.2,2.5377,0.0597,0.0545
2026-08-29 12:05:00,N010,0.1777,2.5591,0.0991,0.053
2026-08-29 12:10:00,N010,0.2088,2.476,0.0953,0.0623
2026-08-29 12:15:00,N010,0.1825,2.5936,0.0807,0.0439
2026-08-29 12:20:00,N010,0.1644,2.5319,0.0917,0.0681
2026-08-29 12:25:00,N010,0.196,2.4716,0.0737,0.057
2026-08-29 12:30:00,N010,0.2009,2.5991,0.1008,0.0474
2026-08-29 12:35:00,N010,0.1774,2.4229,0.0871,0.0495
2026-08-29 12:40:00,N010,0.1876,2.4986,0.0862,0.0392
2026-08-29 12:45:00,N010,0.1987,2.526,0.0857,0.0397
2026-08-29 12:50:00,N010,0.1647,2.6766,0.0945,0.0267
2026-08-29 12:55:00,N010,0.1962,2.6331,0.0893,0.0751
2026-08-29 13:00:00,N010,0.1881,2.3552,0.0922,0.0549
2026-08-29 13:05:00,N010,0.1759,2.5968,0.0678,0.0662
2026-08-29 13:10:00,N010,0.1719,2.4126,0.0864,0.0579
2026-08-29 13:15:00,N010,0.1877,2.4444,0.0817,0.0345
2026-08-29 13:20:00,N010,0.1819,2.6653,0.0878,0.0645
2026-08-29 13:25:00,N010,0.2072,2.4685,0.0856,0.0843
2026-08-29 13:30:00,N010,0.2072,2.3412,0.0925,0.0519
2026-08-29 13:35:00,N010,0.198,2.4552,0.0777,0.0418
2026-08-29 13:40:00,N010,0.1771,2.6453,0.0736,0.0427
2026-08-29 13:45:00,N010,0.159,2.671,0.1031,0.0473
2026-08-29 13:50:00,N010,0.1815,2.6074,0.1055,0.0584
2026-08-29 13:55:00,N010,0.1756,2.3615,0.0744,0.0535
2026-08-29 14:00:00,N010,0.1763,2.5819,0.0812,0.0366
2026-08-29 14:05:00,N010,0.1686,2.7488,0.0985,0.0785
2026-08-29 14:10:00,N010,0.1945,2.5125,0.1037,0.0522
2026-08-29 14:15:00,N010,0.1898,2.5617,0.0524,0.0769
2026-08-29 14:20:00,N010,0.1939,2.6092,0.0871,0.0553
2026-08-29 14:25:00,N010,0.1777,2.6464,0.0721,0.0558
2026-08-29 14:30:00,N010,0.1952,2.5514,0.0923,0.0382
2026-08-29 14:35:00,N010,0.1724,2.6064,0.096,0.0251
2026-08-29 14:40:00,N010,0.1948,2.5156,0.0855,0.0332
2026-08-29 14:45:00,N010,0.1743,2.6995,0.0882,0.0477
2026-08-29 14:50:00,N010,0.1854,2.645,0.0931,0.0524
2026-08-29 14:55:00,N010,0.2037,2.7055,0.0928,0.0544
2026-08-29 15:00:00,N010,0.1973,2.6296,0.1005,0.0672
2026-08-29 15:05:00,N010,0.1722,2.4643,0.0794,0.0685
2026-08-29 15:10:00,N010,0.164,2.6448,0.0922,0.0714
2026-08-29 15:15:00,N010,0.1904,2.439,0.0763,0.0363
2026-08-29 15:20:00,N010,0.1797,2.581,0.0738,0.0762
2026-08-29 15:25:00,N010,0.168,2.7673,0.102,0.0677
2026-08-29 15:30:00,N010,0.1776,2.6496,0.0725,0.068
2026-08-29 15:35:00,N010,0.187,2.5622,0.0731,0.0173
2026-08-29 15:40:00,N010,0.1726,2.7476,0.083,0.052
2026-08-29 15:45:00,N010,0.1982,2.8335,0.1037,0.0401
2026-08-29 15:50:00,N010,0.1593,2.9028,0.115,0.0576
2026-08-29 15:55:00,N010,0.1695,2.738,0.0865,0.0532
2026-08-29 16:00:00,N010,0.2021,2.6653,0.0736,0.0501
2026-08-29 16:05:00,N010,0.1987,2.6892,0.091,0.0691
2026-08-29 16:10:00,N010,0.1834,2.6522,0.0473,0.0484
2026-08-29 16:15:00,N010,0.2004,2.5867,0.0822,0.0397
2026-08-29 16:20:00,N010,0.2041,2.7021,0.0977,0.0295
2026-08-29 16:25:00,N010,0.1868,2.6055,0.0844,0.0463
2026-08-29 16:30:00,N010,0.1841,2.7438,0.0649,0.0823
2026-08-29 16:35:00,N010,0.1966,2.6396,0.0987,0.0339
2026-08-29 16:40:00,N010,0.1795,2.6329,0.1042,0.0551
2026-08-29 16:45:00,N010,0.1963,2.5794,0.0937,0.0811
2026-08-29 16:50:00,N010,0.2046,2.6432,0.0959,0.0647
2026-08-29 16:55:00,N010,0.1974,2.7892,0.1011,0.0542
2026-08-29 17:00:00,N010,0.1995,2.6126,0.0767,0.0522
2026-08-29 17:05:00,N010,0.1889,2.4619,0.0981,0.0148
2026-08-29 17:10:00,N010,0.2308,2.8443,0.0847,0.0566
2026-08-29 17:15:00,N010,0.1947,2.5962,0.0901,0.0544
2026-08-29 17:20:00,N010,0.1889,2.6914,0.072,0.0572
2026-08-29 17:25:00,N010,0.1929,2.6879,0.0852,0.0738
2026-08-29 17:30:00,N010,0.1852,2.7025,0.1034,0.0557
2026-08-29 17:35:00,N010,0.1938,2.6664,0.1027,0.0531
2026-08-29 17:40:00,N010,0.21,2.6683,0.0775,0.0672
2026-08-29 17:45:00,N010,0.1863,2.758,0.0551,0.0572
2026-08-29 17:50:00,N010,0.184,2.5587,0.0812,0.0487
2026-08-29 17:55:00,N010,0.1903,2.525,0.0916,0.0779
2026-08-29 18:00:00,N010,0.1954,2.7889,0.1009,0.076
2026-08-29 18:05:00,N010,0.2193,2.6347,0.0792,0.0693
2026-08-29 18:10:00,N010,0.202,2.7905,0.1105,0.0579
2026-08-29 18:15:00,N010,0.1978,2.5825,0.1134,0.0527
2026-08-29 18:20:00,N010,0.1869,2.6614,0.0801,0.0469
2026-08-29 18:25:00,N010,0.1838,2.5419,0.0784,0.0872
2026-08-29 18:30:00,N010,0.2028,2.8196,0.1019,0.0856
2026-08-29 18:35:00,N010,0.1653,2.5637,0.0782,0.0512
2026-08-29 18:40:00,N010,0.1875,2.6604,0.0904,0.0588
2026-08-29 18:45:00,N010,0.1812,2.4558,0.0759,0.0502
2026-08-29 18:50:00,N010,0.1885,2.5841,0.0819,0.0415
2026-08-29 18:55:00,N010,0.1904,2.5936,0.0776,0.039
2026-08-29 19:00:00,N010,0.1901,2.6212,0.0987,0.0648
2026-08-29 19:05:00,N010,0.1914,2.6323,0.0924,0.0692
2026-08-29 19:10:00,N010,0.1947,2.9232,0.0933,0.0726
2026-08-29 19:15:00,N010,0.1947,2.8146,0.0783,0.0522
2026-08-29 19:20:00,N010,0.198,2.7774,0.0939,0.0756
2026-08-29 19:25:00,N010,0.1715,2.6221,0.0906,0.0484
2026-08-29 19:30:00,N010,0.2437,2.8037,0.0869,0.0516
2026-08-29 19:35:00,N010,0.1859,2.7483,0.0892,0.0526
2026-08-29 19:40:00,N010,0.1891,2.9087,0.1044,0.0633
2026-08-29 19:45:00,N010,0.1732,2.8148,0.1065,0.0802
2026-08-29 19:50:00,N010,0.2045,2.9237,0.0885,0.0692
2026-08-29 19:55:00,N010,0.1833,2.7908,0.1038,0.051
2026-08-29 20:00:00,N010,0.1807,2.7702,0.0851,0.0697
2026-08-29 20:05:00,N010,0.1869,2.9675,0.0723,0.0789
2026-08-29 20:10:00,N010,0.1824,2.5486,0.0907,0.0564
2026-08-29 20:15:00,N010,0.1773,2.5651,0.0877,0.0749
2026-08-29 20:20:00,N010,0.2028,2.7764,0.0936,0.06
2026-08-29 20:25:00,N010,0.1727,2.6019,0.0854,0.0581
2026-08-29 20:30:00,N010,0.207,2.8661,0.0951,0.0564
2026-08-29 20:35:00,N010,0.1737,2.8274,0.0941,0.0249
2026-08-29 20:40:00,N010,0.182,2.6978,0.0892,0.0488
2026-08-29 20:45:00,N010,0.194,2.7583,0.0859,0.0502
2026-08-29 20:50:00,N010,0.1851,2.6567,0.0924,0.0696
2026-08-29 20:55:00,N010,0.1832,2.9716,0.084,0.0841
2026-08-29 21:00:00,N010,0.1853,2.5487,0.0926,0.0649
2026-08-29 21:05:00,N010,0.1955,2.7176,0.0874,0.0537
2026-08-29 21:10:00,N010,0.1906,2.8984,0.09,0.0706
2026-08-29 21:15:00,N010,0.1917,2.7592,0.074,0.056
2026-08-29 21:20:00,N010,0.1455,2.7321,0.0868,0.0701
2026-08-29 21:25:00,N010,0.1914,2.8475,0.0617,0.0609
2026-08-29 21:30:00,N010,0.1703,2.6635,0.0856,0.081
2026-08-29 21:35:00,N010,0.2012,2.8135,0.0876,0.0512
2026-08-29 21:40:00,N010,0.1876,2.8654,0.0712,0.071
2026-08-29 21:45:00,N010,0.19,2.9159,0.0993,0.0371
2026-08-29 21:50:00,N010,0.1872,2.717,0.0661,0.0468
2026-08-29 21:55:00,N010,0.2327,2.8956,0.1108,0.0748
2026-08-29 22:00:00,N010,0.185,2.7794,0.0949,0.069
2026-08-29 22:05:00,N010,0.1876,2.6468,0.1273,0.0605
2026-08-29 22:10:00,N010,0.1915,2.8443,0.0849,0.0645
2026-08-29 22:15:00,N010,0.2158,2.8186,0.0739,0.0604
2026-08-29 22:20:00,N010,0.1896,3.0072,0.1019,0.0645
2026-08-29 22:25:00,N010,0.1775,2.692,0.088,0.068
2026-08-29 22:30:00,N010,0.1911,2.7842,0.0807,0.0627
2026-08-29 22:35:00,N010,0.1611,2.7125,0.0803,0.0813
2026-08-29 22:40:00,N010,0.1848,2.8691,0.0905,0.0828
2026-08-29 22:45:00,N010,0.216,2.8433,0.0821,0.0535
2026-08-29 22:50:00,N010,0.1936,2.8009,0.0945,0.0698
2026-08-29 22:55:00,N010,0.2062,3.0069,0.1102,0.0655
2026-08-29 23:00:00,N010,0.2139,2.8163,0.102,0.0796
2026-08-29 23:05:00,N010,0.2126,2.8726,0.0798,0.0429
2026-08-29 23:10:00,N010,0.197,3.048,0.0841,0.0757
2026-08-29 23:15:00,N010,0.2104,2.8328,0.1036,0.0204
2026-08-29 23:20:00,N010,0.1795,2.7598,0.078,0.0692
2026-08-29 23:25:00,N010,0.2023,2.9197,0.095,0.05
2026-08-29 23:30:00,N010,0.1797,2.9228,0.0802,0.0408
2026-08-29 23:35:00,N010,0.2127,3.0454,0.1065,0.0673
2026-08-29 23:40:00,N010,0.2076,3.0451,0.0801,0.0812
2026-08-29 23:45:00,N010,0.2025,2.9932,0.09,0.0841
2026-08-29 23:50:00,N010,0.2018,2.7082,0.1052,0.0506
2026-08-29 23:55:00,N010,0.2173,2.8783,0.1019,0.0819
2026-08-29 00:00:00,N011,0.1998,3.7268,0.1403,0.0664
2026-08-29 00:05:00,N011,0.1961,3.8341,0.1247,0.1073
2026-08-29 00:10:00,N011,0.2097,3.9736,0.1411,0.0796
2026-08-29 00:15:00,N011,0.2023,3.8957,0.1508,0.0796
2026-08-29 00:20:00,N011,0.1876,3.9822,0.1318,0.0885
2026-08-29 00:25:00,N011,0.1859,4.0386,0.1535,0.0729
2026-08-29 00:30:00,N011,0.1921,4.0405,0.1337,0.0907
2026-08-29 00:35:00,N011,0.2025,4.1179,0.1316,0.0697
2026-08-29 00:40:00,N011,0.1897,3.8746,0.1457,0.0665
2026-08-29 00:45:00,N011,0.2294,4.149,0.1391,0.0971
2026-08-29 00:50:00,N011,0.1699,4.2991,0.1318,0.0824
2026-08-29 00:55:00,N011,0.1667,4.0574,0.1256,0.0858
2026-08-29 01:00:00,N011,0.1865,3.8725,0.1293,0.0878
2026-08-29 01:05:00,N011,0.1756,3.9148,0.1469,0.1235
2026-08-29 01:10:00,N011,0.2021,3.8973,0.1345,0.0851
2026-08-29 01:15:00,N011,0.1898,4.1185,0.1415,0.0983
2026-08-29 01:20:00,N011,0.1904,4.172,0.1369,0.0702
2026-08-29 01:25:00,N011,0.2279,3.7967,0.1301,0.0755
2026-08-29 01:30:00,N011,0.2329,4.2353,0.1568,0.08
2026-08-29 01:35:00,N011,0.2318,4.0655,0.1506,0.0878
2026-08-29 01:40:00,N011,0.1948,3.9938,0.1364,0.0943
2026-08-29 01:45:00,N011,0.2011,4.0231,0.157,0.0408
2026-08-29 01:50:00,N011,0.2034,4.1157,0.1527,0.0844
2026-08-29 01:55:00,N011,0.1989,4.1507,0.1568,0.081
2026-08-29 02:00:00,N011,0.1999,4.2366,0.1134,0.0753
2026-08-29 02:05:00,N011,0.218,4.169,0.1452,0.079
2026-08-29 02:10:00,N011,0.1829,3.9698,0.1575,0.0764
2026-08-29 02:15:00,N011,0.1978,3.9531,0.149,0.0779
2026-08-29 02:20:00,N011,0.1949,3.8443,0.1196,0.0862
2026-08-29 02:25:00,N011,0.1766,4.3017,0.1142,0.0741
2026-08-29 02:30:00,N011,0.1968,4.008,0.1257,0.0719
2026-08-29 02:35:00,N011,0.1818,4.0202,0.1623,0.0875
2026-08-29 02:40:00,N011,0.2145,4.1182,0.1523,0.0445
2026-08-29 02:45:00,N011,0.1923,4.217,0.1321,0.113
2026-08-29 02:50:00,N011,0.2192,4.0066,0.1329,0.0715
2026-08-29 02:55:00,N011,0.1876,3.9178,0.1441,0.0649
2026-08-29 03:00:00,N011,0.2062,4.1439,0.119,0.1101
2026-08-29 03:05:00,N011,0.205,4.1612,0.1298,0.0963
2026-08-29 03:10:00,N011,0.2143,4.0622,0.1629,0.0877
2026-08-29 03:15:00,N011,0.2146,4.112,0.1459,0.0621
2026-08-29 03:20:00,N011,0.2032,3.9914,0.1288,0.1134
2026-08-29 03:25:00,N011,0.1945,3.962,0.1346,0.0679
2026-08-29 03:30:00,N011,0.2193,4.0017,0.1453,0.1078
2026-08-29 03:35:00,N011,0.1904,4.1518,0.1266,0.1243
2026-08-29 03:40:00,N011,0.2121,4.0676,0.1296,0.086
2026-08-29 03:45:00,N011,0.193,4.3279,0.1242,0.0898
2026-08-29 03:50:00,N011,0.1979,4.0822,0.1376,0.0862
2026-08-29 03:55:00,N011,0.2114,4.1721,0.1439,0.0425
2026-08-29 04:00:00,N011,0.2029,3.9032,0.1467,0.1102
2026-08-29 04:05:00,N011,0.1846,4.0732,0.1317,0.1068
2026-08-29 04:10:00,N011,0.2001,4.3148,0.1439,0.092
2026-08-29 04:15:00,N011,0.1998,4.2083,0.1181,0.0897
2026-08-29 04:20:00,N011,0.1978,4.2,0.1367,0.073
2026-08-29 04:25:00,N011,0.1991,3.9858,0.1158,0.0995
2026-08-29 04:30:00,N011,0.2077,4.1746,0.1546,0.0788
2026-08-29 04:35:00,N011,0.1777,4.1129,0.1347,0.0762
2026-08-29 04:40:00,N011,0.1981,4.0507,0.1169,0.0823
2026-08-29 04:45:00,N011,0.1823,4.1546,0.131,0.1057
2026-08-29 04:50:00,N011,0.2235,4.2111,0.1203,0.1117
2026-08-29 04:55:00,N011,0.2232,4.1346,0.1548,0.081
2026-08-29 05:00:00,N011,0.1717,4.0439,0.1597,0.067
2026-08-29 05:05:00,N011,0.1998,4.142,0.1328,0.0828
2026-08-29 05:10:00,N011,0.201,4.0733,0.1219,0.0928
2026-08-29 05:15:00,N011,0.2161,4.2478,0.1292,0.0709
2026-08-29 05:20:00,N011,0.1958,4.3344,0.1467,0.1003
2026-08-29 05:25:00,N011,0.2135,4.1995,0.1404,0.0998
2026-08-29 05:30:00,N011,0.1921,3.9821,0.1476,0.1086
2026-08-29 05:35:00,N011,0.1836,4.2532,0.1591,0.0901
2026-08-29 05:40:00,N011,0.1882,4.1722,0.1323,0.081
2026-08-29 05:45:00,N011,0.2071,3.9677,0.1216,0.0906
2026-08-29 05:50:00,N011,0.2004,4.2042,0.1614,0.092
2026-08-29 05:55:00,N011,0.2098,4.0487,0.1481,0.0826
2026-08-29 06:00:00,N011,0.202,4.1554,0.1513,0.071
2026-08-29 06:05:00,N011,0.1668,4.1457,0.1445,0.093
2026-08-29 06:10:00,N011,0.2196,4.2265,0.1322,0.0559
2026-08-29 06:15:00,N011,0.1977,4.3002,0.1342,0.0914
2026-08-29 06:20:00,N011,0.2077,4.0578,0.1464,0.1156
2026-08-29 06:25:00,N011,0.1989,4.0469,0.1381,0.0578
2026-08-29 06:30:00,N011,0.2066,4.2394,0.159,0.0883
2026-08-29 06:35:00,N011,0.2078,4.0846,0.1346,0.0685
2026-08-29 06:40:00,N011,0.1988,4.1541,0.1425,0.0821
2026-08-29 06:45:00,N011,0.2031,4.1535,0.1349,0.0928
2026-08-29 06:50:00,N011,0.2026,4.2876,0.1375,0.0864
2026-08-29 06:55:00,N011,0.1994,4.1133,0.1346,0.1222
2026-08-29 07:00:00,N011,0.1885,4.1684,0.1343,0.0882
2026-08-29 07:05:00,N011,0.1973,4.2381,0.1184,0.1075
2026-08-29 07:10:00,N011,0.2119,4.0582,0.1117,0.0774
2026-08-29 07:15:00,N011,0.1989,4.5198,0.1454,0.0651
2026-08-29 07:20:00,N011,0.1923,4.2066,0.142,0.0726
2026-08-29 07:25:00,N011,0.2007,4.1296,0.1257,0.0963
2026-08-29 07:30:00,N011,0.2144,4.3194,0.1458,0.085
2026-08-29 07:35:00,N011,0.2136,4.2584,0.1405,0.0834
2026-08-29 07:40:00,N011,0.1956,4.2329,0.1682,0.0972
2026-08-29 07:45:00,N011,0.194,4.1269,0.133,0.1255
2026-08-29 07:50:00,N011,0.1972,4.3384,0.1344,0.0968
2026-08-29 07:55:00,N011,0.2152,4.1638,0.1312,0.1179
2026-08-29 08:00:00,N011,0.2182,4.33,0.1484,0.1
2026-08-29 08:05:00,N011,0.2338,4.2432,0.1458,0.0715
2026-08-29 08:10:00,N011,0.1913,4.0966,0.1542,0.055
2026-08-29 08:15:00,N011,0.1977,3.8843,0.1289,0.0861
2026-08-29 08:20:00,N011,0.2246,4.2939,0.1289,0.1095
2026-08-29 08:25:00,N011,0.2042,4.2536,0.1245,0.0788
2026-08-29 08:30:00,N011,0.1917,4.2574,0.1399,0.1169
2026-08-29 08:35:00,N011,0.2099,3.9297,0.1421,0.0721
2026-08-29 08:40:00,N011,0.1898,4.1599,0.131,0.0733
2026-08-29 08:45:00,N011,0.2074,4.0909,0.1432,0.1276
2026-08-29 08:50:00,N011,0.1845,4.2288,0.1086,0.0896
2026-08-29 08:55:00,N011,0.2142,4.3522,0.1398,0.1076
2026-08-29 09:00:00,N011,0.2429,4.474,0.1326,0.0726
2026-08-29 09:05:00,N011,0.1987,4.1576,0.1443,0.0768
2026-08-29 09:10:00,N011,0.2038,4.3746,0.1377,0.0804
2026-08-29 09:15:00,N011,0.2226,4.0514,0.135,0.0941
2026-08-29 09:20:00,N011,0.2053,4.3013,0.1462,0.0943
2026-08-29 09:25:00,N011,0.1997,4.2335,0.1316,0.1067
2026-08-29 09:30:00,N011,0.1956,4.3868,0.1391,0.0872
2026-08-29 09:35:00,N011,0.2147,4.2006,0.1466,0.0983
2026-08-29 09:40:00,N011,0.1966,4.3542,0.1455,0.1126
2026-08-29 09:45:00,N011,0.2201,4.3525,0.1254,0.132
2026-08-29 09:50:00,N011,0.1847,4.4102,0.1441,0.0778
2026-08-29 09:55:00,N011,0.204,4.2896,0.1546,0.0848
2026-08-29 10:00:00,N011,0.202,4.0215,0.1597,0.0796
2026-08-29 10:05:00,N011,0.2109,4.2924,0.1377,0.1079
2026-08-29 10:10:00,N011,0.2312,4.3376,0.1468,0.1008
2026-08-29 10:15:00,N011,0.2215,4.2546,0.1518,0.1126
2026-08-29 10:20:00,N011,0.2226,4.2337,0.1369,0.0996
2026-08-29 10:25:00,N011,0.1859,4.5071,0.1388,0.1004
2026-08-29 10:30:00,N011,0.1979,4.1593,0.1317,0.0995
2026-08-29 10:35:00,N011,0.2168,4.3407,0.1431,0.0913
2026-08-29 10:40:00,N011,0.2142,4.502,0.1474,0.1086
2026-08-29 10:45:00,N011,0.2113,4.1465,0.1264,0.1034
2026-08-29 10:50:00,N011,0.2068,4.3824,0.159,0.1076
2026-08-29 10:55:00,N011,0.226,4.3438,0.1292,0.0959
2026-08-29 11:00:00,N011,0.1951,4.5222,0.1484,0.1047
2026-08-29 11:05:00,N011,0.2258,4.0955,0.146,0.0773
2026-08-29 11:10:00,N011,0.2073,4.3033,0.1469,0.1005
2026-08-29 11:15:00,N011,0.2277,4.2713,0.1474,0.0996
2026-08-29 11:20:00,N011,0.1831,4.236,0.1371,0.114
2026-08-29 11:25:00,N011,0.2147,4.209,0.1372,0.1277
2026-08-29 11:30:00,N011,0.2095,4.3126,0.1448,0.1089
2026-08-29 11:35:00,N011,0.2011,4.4149,0.135,0.1084
2026-08-29 11:40:00,N011,0.2106,4.4152,0.1298,0.0854
2026-08-29 11:45:00,N011,0.2223,4.3506,0.1423,0.0932
2026-08-29 11:50:00,N011,0.2217,4.29,0.1373,0.1097
2026-08-29 11:55:00,N011,0.2259,4.3029,0.1624,0.1027
2026-08-29 12:00:00,N011,0.1928,4.4128,0.1343,0.1046
2026-08-29 12:05:00,N011,0.2079,4.3802,0.128,0.1131
2026-08-29 12:10:00,N011,0.1913,4.241,0.1433,0.1224
2026-08-29 12:15:00,N011,0.2035,4.4609,0.1518,0.1107
2026-08-29 12:20:00,N011,0.2042,4.2487,0.1124,0.0946
2026-08-29 12:25:00,N011,0.2266,4.2475,0.1473,0.0844
2026-08-29 12:30:00,N011,0.2106,4.4701,0.131,0.1013
2026-08-29 12:35:00,N011,0.2029,4.4726,0.1417,0.0997
2026-08-29 12:40:00,N011,0.2326,4.4702,0.1306,0.0977
2026-08-29 12:45:00,N011,0.2082,4.4031,0.1692,0.1046
2026-08-29 12:50:00,N011,0.1789,4.3311,0.1157,0.0942
2026-08-29 12:55:00,N011,0.1798,4.2945,0.1207,0.105
2026-08-29 13:00:00,N011,0.2097,4.4382,0.1377,0.0785
2026-08-29 13:05:00,N011,0.2175,4.6353,0.1438,0.0931
2026-08-29 13:10:00,N011,0.1885,4.2984,0.1444,0.1157
2026-08-29 13:15:00,N011,0.2139,4.5062,0.1474,0.1073
2026-08-29 13:20:00,N011,0.2002,4.4338,0.1287,0.1
2026-08-29 13:25:00,N011,0.2152,4.6172,0.1232,0.1071
2026-08-29 13:30:00,N011,0.2325,4.5096,0.1489,0.1088
2026-08-29 13:35:00,N011,0.2299,4.2908,0.1223,0.1
2026-08-29 13:40:00,N011,0.1781,4.5717,0.1536,0.0937
2026-08-29 13:45:00,N011,0.2051,4.4182,0.1395,0.1022
2026-08-29 13:50:00,N011,0.2191,4.4089,0.1502,0.1071
2026-08-29 13:55:00,N011,0.2017,4.5926,0.1226,0.0991
2026-08-29 14:00:00,N011,0.2254,4.3484,0.1426,0.1088
2026-08-29 14:05:00,N011,0.1981,4.4292,0.137,0.0924
2026-08-29 14:10:00,N011,0.2457,4.3491,0.151,0.0949
2026-08-29 14:15:00,N011,0.1949,4.4558,0.1467,0.1147
2026-08-29 14:20:00,N011,0.2348,4.7997,0.1419,0.0911
2026-08-29 14:25:00,N011,0.2182,4.4171,0.15,0.0817
2026-08-29 14:30:00,N011,0.2471,4.5546,0.1187,0.0906
2026-08-29 14:35:00,N011,0.2239,4.5958,0.1237,0.112
2026-08-29 14:40:00,N011,0.1826,4.4467,0.1523,0.0932
2026-08-29 14:45:00,N011,0.1893,4.4777,0.1317,0.111
2026-08-29 14:50:00,N011,0.1987,4.3702,0.1147,0.1042
2026-08-29 14:55:00,N011,0.2097,4.3231,0.1412,0.1172
2026-08-29 15:00:00,N011,0.2089,4.5007,0.1422,0.0838
2026-08-29 15:05:00,N011,0.2431,4.4148,0.1468,0.1135
2026-08-29 15:10:00,N011,0.2103,4.5469,0.1419,0.0808
2026-08-29 15:15:00,N011,0.2075,4.4033,0.1334,0.0826
2026-08-29 15:20:00,N011,0.2295,4.6718,0.1507,0.1213
2026-08-29 15:25:00,N011,0.2075,4.406,0.1296,0.1121
2026-08-29 15:30:00,N011,0.2162,4.4759,0.1545,0.1086
2026-08-29 15:35:00,N011,0.2003,4.4062,0.1471,0.1182
2026-08-29 15:40:00,N011,0.2213,4.7183,0.1585,0.1093
2026-08-29 15:45:00,N011,0.2005,4.3363,0.1343,0.1141
2026-08-29 15:50:00,N011,0.2406,4.5464,0.1529,0.0992
2026-08-29 15:55:00,N011,0.2227,4.5979,0.1152,0.0968
2026-08-29 16:00:00,N011,0.2277,4.5348,0.1246,0.0667
2026-08-29 16:05:00,N011,0.208,4.496,0.1283,0.1054
2026-08-29 16:10:00,N011,0.2212,4.5879,0.1106,0.0836
2026-08-29 16:15:00,N011,0.2092,4.5788,0.1448,0.1105
2026-08-29 16:20:00,N011,0.2081,4.4736,0.1302,0.1151
2026-08-29 16:25:00,N011,0.2001,4.6177,0.1414,0.103
2026-08-29 16:30:00,N011,0.2042,4.3558,0.1311,0.0988
2026-08-29 16:35:00,N011,0.1786,4.4976,0.15,0.1124
2026-08-29 16:40:00,N011,0.2068,4.5297,0.1322,0.1062
2026-08-29 16:45:00,N011,0.2375,4.6431,0.1452,0.0967
2026-08-29 16:50:00,N011,0.2257,4.3272,0.1359,0.1129
2026-08-29 16:55:00,N011,0.2257,4.6128,0.1425,0.1013
2026-08-29 17:00:00,N011,0.2228,4.4208,0.1288,0.1053
2026-08-29 17:05:00,N011,0.2174,4.3189,0.1444,0.1161
2026-08-29 17:10:00,N011,0.2137,4.8257,0.1307,0.0992
2026-08-29 17:15:00,N011,0.2091,4.5344,0.135,0.0836
2026-08-29 17:20:00,N011,0.2069,4.5346,0.1537,0.1378
2026-08-29 17:25:00,N011,0.2352,4.456,0.1306,0.1025
2026-08-29 17:30:00,N011,0.2421,4.532,0.123,0.0975
2026-08-29 17:35:00,N011,0.2268,4.6374,0.1365,0.1154
2026-08-29 17:40:00,N011,0.1814,4.5698,0.1492,0.0927
2026-08-29 17:45:00,N011,0.2031,4.3362,0.158,0.0945
2026-08-29 17:50:00,N011,0.2193,4.6354,0.1571,0.1031
2026-08-29 17:55:00,N011,0.2077,4.5865,0.1543,0.103
2026-08-29 18:00:00,N011,0.2016,4.3836,0.1243,0.1186
2026-08-29 18:05:00,N011,0.2112,4.4984,0.1303,0.107
2026-08-29 18:10:00,N011,0.2125,4.5413,0.1551,0.1289
2026-08-29 18:15:00,N011,0.1921,4.6161,0.1296,0.1022
2026-08-29 18:20:00,N011,0.221,4.5541,0.1417,0.1161
2026-08-29 18:25:00,N011,0.2209,4.5048,0.1314,0.0845
2026-08-29 18:30:00,N011,0.2037,4.8206,0.1294,0.0883
2026-08-29 18:35:00,N011,0.2215,4.5747,0.1366,0.1275
2026-08-29 18:40:00,N011,0.225,4.5271,0.1338,0.0989
2026-08-29 18:45:00,N011,0.23,4.5565,0.1174,0.1058
2026-08-29 18:50:00,N011,0.1939,4.8584,0.1273,0.1042
2026-08-29 18:55:00,N011,0.2209,4.5644,0.1354,0.1131
2026-08-29 19:00:00,N011,0.2401,4.6939,0.1567,0.0912
2026-08-29 19:05:00,N011,0.222,4.6232,0.1431,0.1276
2026-08-29 19:10:00,N011,0.2141,4.5587,0.1453,0.0804
2026-08-29 19:15:00,N011,0.2139,4.5941,0.1279,0.123
2026-08-29 19:20:00,N011,0.2017,4.5966,0.1424,0.1276
2026-08-29 19:25:00,N011,0.2175,4.7281,0.1473,0.1092
2026-08-29 19:30:00,N011,0.2015,4.4463,0.1402,0.0994
2026-08-29 19:35:00,N011,0.2317,4.7108,0.1367,0.0902
2026-08-29 19:40:00,N011,0.2257,4.5019,0.1298,0.093
2026-08-29 19:45:00,N011,0.216,4.7673,0.1389,0.1012
2026-08-29 19:50:00,N011,0.1953,4.6959,0.1296,0.1097
2026-08-29 19:55:00,N011,0.213,4.733,0.137,0.1071
2026-08-29 20:00:00,N011,0.2257,4.888,0.1496,0.1068
2026-08-29 20:05:00,N011,0.2186,4.575,0.1275,0.0999
2026-08-29 20:10:00,N011,0.2071,4.7191,0.1261,0.1283
2026-08-29 20:15:00,N011,0.23,4.646,0.1389,0.1001
2026-08-29 20:20:00,N011,0.2229,4.7768,0.1305,0.0855
2026-08-29 20:25:00,N011,0.2295,4.688,0.1255,0.0976
2026-08-29 20:30:00,N011,0.2062,4.5649,0.135,0.1047
2026-08-29 20:35:00,N011,0.2094,4.5636,0.1362,0.1114
2026-08-29 20:40:00,N011,0.2145,4.7964,0.145,0.0851
2026-08-29 20:45:00,N011,0.2272,4.7328,0.1337,0.0866
2026-08-29 20:50:00,N011,0.2196,4.662,0.1255,0.0874
2026-08-29 20:55:00,N011,0.2183,4.6378,0.1339,0.108
2026-08-29 21:00:00,N011,0.2031,4.6163,0.1453,0.1041
2026-08-29 21:05:00,N011,0.1947,4.6146,0.1261,0.1135
2026-08-29 21:10:00,N011,0.2247,4.475,0.148,0.0929
2026-08-29 21:15:00,N011,0.2434,4.671,0.124,0.0926
2026-08-29 21:20:00,N011,0.2253,4.6327,0.1378,0.134
2026-08-29 21:25:00,N011,0.2097,4.6896,0.156,0.1139
2026-08-29 21:30:00,N011,0.1962,4.7458,0.125,0.1311
2026-08-29 21:35:00,N011,0.2081,5.0443,0.1565,0.0982
2026-08-29 21:40:00,N011,0.2208,4.7812,0.1483,0.1168
2026-08-29 21:45:00,N011,0.2394,4.6787,0.1345,0.1051
2026-08-29 21:50:00,N011,0.2336,4.7401,0.1424,0.1223
2026-08-29 21:55:00,N011,0.1901,4.7363,0.1415,0.1355
2026-08-29 22:00:00,N011,0.198,4.8887,0.1398,0.118
2026-08-29 22:05:00,N011,0.2462,4.7719,0.1437,0.1144
2026-08-29 22:10:00,N011,0.2139,4.704,0.1303,0.1102
2026-08-29 22:15:00,N011,0.1862,4.7617,0.1375,0.1059
2026-08-29 22:20:00,N011,0.2246,4.5409,0.1621,0.1095
2026-08-29 22:25:00,N011,0.2193,4.5999,0.1392,0.1319
2026-08-29 22:30:00,N011,0.2371,4.821,0.1455,0.1059
2026-08-29 22:35:00,N011,0.1999,4.6972,0.1361,0.1271
2026-08-29 22:40:00,N011,0.2264,4.9175,0.1533,0.1046
2026-08-29 22:45:00,N011,0.1949,4.8931,0.1552,0.0911
2026-08-29 22:50:00,N011,0.2446,4.7755,0.1408,0.1359
2026-08-29 22:55:00,N011,0.2422,4.8105,0.1446,0.121
2026-08-29 23:00:00,N011,0.2162,4.7286,0.1281,0.1069
2026-08-29 23:05:00,N011,0.2168,4.6617,0.1406,0.1071
2026-08-29 23:10:00,N011,0.2299,4.546,0.1376,0.1141
2026-08-29 23:15:00,N011,0.2178,4.7228,0.1199,0.1175
2026-08-29 23:20:00,N011,0.2323,4.8055,0.1514,0.1153
2026-08-29 23:25:00,N011,0.2299,4.7678,0.1472,0.0887
2026-08-29 23:30:00,N011,0.2094,4.9423,0.1094,0.1104
2026-08-29 23:35:00,N011,0.2405,4.7434,0.1341,0.1145
2026-08-29 23:40:00,N011,0.2177,4.7611,0.1307,0.1293
2026-08-29 23:45:00,N011,0.2445,4.7442,0.1223,0.105
2026-08-29 23:50:00,N011,0.2205,4.8236,0.1268,0.1014
2026-08-29 23:55:00,N011,0.231,4.8784,0.1315,0.093
2026-08-29 00:00:00,N012,0.2495,3.1603,0.1441,0.0518
2026-08-29 00:05:00,N012,0.2497,2.8854,0.1655,0.0364
2026-08-29 00:10:00,N012,0.2312,3.0363,0.1307,0.0499
2026-08-29 00:15:00,N012,0.262,3.184,0.152,0.0462
2026-08-29 00:20:00,N012,0.2525,3.1163,0.1211,0.0594
2026-08-29 00:25:00,N012,0.23,3.315,0.1374,0.0482
2026-08-29 00:30:00,N012,0.2404,2.9974,0.1695,0.0652
2026-08-29 00:35:00,N012,0.2288,3.2562,0.1565,0.047
2026-08-29 00:40:00,N012,0.2568,3.0767,0.1659,0.0393
2026-08-29 00:45:00,N012,0.2545,3.0299,0.125,0.0843
2026-08-29 00:50:00,N012,0.2347,3.1105,0.1213,0.0455
2026-08-29 00:55:00,N012,0.2588,2.9879,0.1493,0.0476
2026-08-29 01:00:00,N012,0.27,3.253,0.1352,0.0528
2026-08-29 01:05:00,N012,0.2554,3.1667,0.1424,0.0547
2026-08-29 01:10:00,N012,0.2491,3.109,0.1578,0.0616
2026-08-29 01:15:00,N012,0.2634,3.1847,0.1404,0.0568
2026-08-29 01:20:00,N012,0.2367,3.253,0.1088,0.0508
2026-08-29 01:25:00,N012,0.2702,2.9398,0.147,0.042
2026-08-29 01:30:00,N012,0.2477,3.2198,0.1446,0.0218
2026-08-29 01:35:00,N012,0.2387,3.2261,0.1476,0.0786
2026-08-29 01:40:00,N012,0.2787,3.0708,0.1722,0.0529
2026-08-29 01:45:00,N012,0.2391,3.0386,0.1151,0.0767
2026-08-29 01:50:00,N012,0.2776,2.9955,0.1395,0.0542
2026-08-29 01:55:00,N012,0.2393,2.9096,0.1397,0.048
2026-08-29 02:00:00,N012,0.248,3.1497,0.1594,0.0484
2026-08-29 02:05:00,N012,0.2565,3.2129,0.1489,0.0438
2026-08-29 02:10:00,N012,0.2555,3.1942,0.1287,0.0721
2026-08-29 02:15:00,N012,0.2756,3.0445,0.1445,0.0629
2026-08-29 02:20:00,N012,0.2461,3.1919,0.1442,0.0313
2026-08-29 02:25:00,N012,0.2613,3.0048,0.1535,0.0434
2026-08-29 02:30:00,N012,0.252,3.3043,0.1482,0.0374
2026-08-29 02:35:00,N012,0.2393,3.0705,0.1469,0.059
2026-08-29 02:40:00,N012,0.242,3.0051,0.1456,0.0511
2026-08-29 02:45:00,N012,0.2871,3.1523,0.164,0.0363
2026-08-29 02:50:00,N012,0.2313,3.0163,0.1565,0.0803
2026-08-29 02:55:00,N012,0.2433,3.0982,0.1282,0.0269
2026-08-29 03:00:00,N012,0.2659,3.183,0.1423,0.0332
2026-08-29 03:05:00,N012,0.2798,3.0987,0.1486,0.0325
2026-08-29 03:10:00,N012,0.2524,3.1968,0.1461,0.0567
2026-08-29 03:15:00,N012,0.2628,3.029,0.1446,0.0562
2026-08-29 03:20:00,N012,0.259,3.1761,0.1269,0.0348
2026-08-29 03:25:00,N012,0.2224,3.2683,0.1521,0.0674
2026-08-29 03:30:00,N012,0.2603,2.917,0.1299,0.0574
2026-08-29 03:35:00,N012,0.2579,3.149,0.1466,0.0551
2026-08-29 03:40:00,N012,0.2577,3.1018,0.154,0.0486
2026-08-29 03:45:00,N012,0.2361,3.0888,0.138,0.07
2026-08-29 03:50:00,N012,0.2555,3.1617,0.1272,0.067
2026-08-29 03:55:00,N012,0.2465,3.1748,0.16,0.063
2026-08-29 04:00:00,N012,0.2319,2.9773,0.1414,0.0373
2026-08-29 04:05:00,N012,0.2662,3.1975,0.1442,0.0449
2026-08-29 04:10:00,N012,0.2827,3.5363,0.1389,0.0609
2026-08-29 04:15:00,N012,0.2581,3.1668,0.1322,0.0395
2026-08-29 04:20:00,N012,0.2397,3.2494,0.136,0.0172
2026-08-29 04:25:00,N012,0.2635,3.1989,0.1584,0.0616
2026-08-29 04:30:00,N012,0.2348,2.9387,0.1336,0.0467
2026-08-29 04:35:00,N012,0.2712,3.208,0.1558,0.0363
2026-08-29 04:40:00,N012,0.2717,3.2984,0.118,0.0761
2026-08-29 04:45:00,N012,0.2587,3.2617,0.1318,0.0755
2026-08-29 04:50:00,N012,0.2396,3.3172,0.1521,0.0419
2026-08-29 04:55:00,N012,0.2872,3.248,0.1501,0.0337
2026-08-29 05:00:00,N012,0.2894,3.076,0.1545,0.0418
2026-08-29 05:05:00,N012,0.2484,3.3204,0.1545,0.0377
2026-08-29 05:10:00,N012,0.2742,3.3539,0.131,0.0809
2026-08-29 05:15:00,N012,0.2361,3.1563,0.148,0.0442
2026-08-29 05:20:00,N012,0.262,3.263,0.14,0.0696
2026-08-29 05:25:00,N012,0.2547,3.2646,0.156,0.0691
2026-08-29 05:30:00,N012,0.27,3.1017,0.1485,0.0441
2026-08-29 05:35:00,N012,0.2391,3.2338,0.1314,0.0693
2026-08-29 05:40:00,N012,0.2706,3.0169,0.1323,0.0356
2026-08-29 05:45:00,N012,0.2516,3.3026,0.1393,0.0488
2026-08-29 05:50:00,N012,0.2781,2.9741,0.1571,0.0496
2026-08-29 05:55:00,N012,0.2576,3.1902,0.1607,0.0394
2026-08-29 06:00:00,N012,0.259,3.3196,0.1229,0.0441
2026-08-29 06:05:00,N012,0.2567,3.1527,0.1324,0.0528
2026-08-29 06:10:00,N012,0.2688,3.2207,0.1552,0.0432
2026-08-29 06:15:00,N012,0.2404,3.4958,0.1343,0.0386
2026-08-29 06:20:00,N012,0.2331,3.3964,0.1381,0.0546
2026-08-29 06:25:00,N012,0.257,3.3917,0.1401,0.0936
2026-08-29 06:30:00,N012,0.2615,3.4004,0.1519,0.058
2026-08-29 06:35:00,N012,0.2508,3.3156,0.1483,0.0501
2026-08-29 06:40:00,N012,0.2622,3.4268,0.1671,0.0716
2026-08-29 06:45:00,N012,0.2877,3.2058,0.1506,0.079
2026-08-29 06:50:00,N012,0.2464,3.2258,0.1631,0.0444
2026-08-29 06:55:00,N012,0.2399,3.4702,0.1566,0.0656
2026-08-29 07:00:00,N012,0.2594,3.237,0.1456,0.0829
2026-08-29 07:05:00,N012,0.2638,3.5524,0.1314,0.059
2026-08-29 07:10:00,N012,0.2547,3.165,0.1404,0.0657
2026-08-29 07:15:00,N012,0.2683,3.5584,0.1478,0.0768
2026-08-29 07:20:00,N012,0.2615,3.5021,0.171,0.0676
2026-08-29 07:25:00,N012,0.2457,3.2376,0.1456,0.0666
2026-08-29 07:30:00,N012,0.2712,3.3615,0.1423,0.0503
2026-08-29 07:35:00,N012,0.2668,3.5317,0.1545,0.0679
2026-08-29 07:40:00,N012,0.2764,3.2673,0.1361,0.0488
2026-08-29 07:45:00,N012,0.2592,3.264,0.1567,0.053
2026-08-29 07:50:00,N012,0.2491,3.5505,0.1368,0.0625
2026-08-29 07:55:00,N012,0.268,3.1838,0.157,0.0699
2026-08-29 08:00:00,N012,0.2847,3.2414,0.1434,0.061
2026-08-29 08:05:00,N012,0.2654,3.1512,0.1435,0.0392
2026-08-29 08:10:00,N012,0.2669,3.0731,0.12,0.0729
2026-08-29 08:15:00,N012,0.2535,3.2127,0.1575,0.0657
2026-08-29 08:20:00,N012,0.2748,3.3141,0.1744,0.0518
2026-08-29 08:25:00,N012,0.288,3.3295,0.1224,0.0682
2026-08-29 08:30:00,N012,0.2667,3.2135,0.1311,0.0607
2026-08-29 08:35:00,N012,0.2673,3.0459,0.1548,0.0538
2026-08-29 08:40:00,N012,0.2422,3.4581,0.1419,0.0795
2026-08-29 08:45:00,N012,0.2688,3.3478,0.1404,0.0686
2026-08-29 08:50:00,N012,0.2562,3.2484,0.1495,0.0593
2026-08-29 08:55:00,N012,0.263,3.4842,0.1408,0.0618
2026-08-29 09:00:00,N012,0.2536,3.408,0.1464,0.0752
2026-08-29 09:05:00,N012,0.254,3.3041,0.1517,0.0656
2026-08-29 09:10:00,N012,0.2492,3.5186,0.1218,0.0737
2026-08-29 09:15:00,N012,0.2439,3.5909,0.1237,0.0793
2026-08-29 09:20:00,N012,0.2618,3.3234,0.1444,0.0716
2026-08-29 09:25:00,N012,0.2495,3.2723,0.15,0.0366
2026-08-29 09:30:00,N012,0.2545,3.7378,0.1306,0.0795
2026-08-29 09:35:00,N012,0.2545,3.4368,0.1501,0.0794
2026-08-29 09:40:00,N012,0.2604,3.6172,0.1351,0.066
2026-08-29 09:45:00,N012,0.2672,3.2466,0.1388,0.0651
2026-08-29 09:50:00,N012,0.2572,3.677,0.1321,0.0804
2026-08-29 09:55:00,N012,0.2766,3.3852,0.1318,0.0513
2026-08-29 10:00:00,N012,0.2561,3.1753,0.1302,0.0407
2026-08-29 10:05:00,N012,0.2841,3.4666,0.1516,0.0719
2026-08-29 10:10:00,N012,0.2666,3.5705,0.1349,0.0648
2026-08-29 10:15:00,N012,0.2754,3.2394,0.1794,0.0637
2026-08-29 10:20:00,N012,0.2664,3.5515,0.1532,0.0639
2026-08-29 10:25:00,N012,0.2663,3.223,0.1355,0.0712
2026-08-29 10:30:00,N012,0.2711,3.5528,0.1408,0.0428
2026-08-29 10:35:00,N012,0.2804,3.5814,0.153,0.0612
2026-08-29 10:40:00,N012,0.2803,3.8233,0.1436,0.0441
2026-08-29 10:45:00,N012,0.256,3.4897,0.123,0.0664
2026-08-29 10:50:00,N012,0.2706,3.6016,0.1579,0.077
2026-08-29 10:55:00,N012,0.2325,3.5307,0.1507,0.0679
2026-08-29 11:00:00,N012,0.2391,3.3297,0.1282,0.034
2026-08-29 11:05:00,N012,0.2652,3.33,0.1737,0.0618
2026-08-29 11:10:00,N012,0.2847,3.2402,0.1358,0.0659
2026-08-29 11:15:00,N012,0.2518,3.3806,0.1396,0.061
2026-08-29 11:20:00,N012,0.2933,3.4794,0.148,0.0727
2026-08-29 11:25:00,N012,0.2748,3.4269,0.1384,0.0672
2026-08-29 11:30:00,N012,0.2831,3.5748,0.1393,0.0763
2026-08-29 11:35:00,N012,0.2629,3.4465,0.1365,0.0622
2026-08-29 11:40:00,N012,0.286,3.4563,0.1438,0.0433
2026-08-29 11:45:00,N012,0.2614,3.419,0.1323,0.0655
2026-08-29 11:50:00,N012,0.2597,3.4603,0.1437,0.0509
2026-08-29 11:55:00,N012,0.2603,3.4628,0.1564,0.0692
2026-08-29 12:00:00,N012,0.2564,3.5042,0.1627,0.0792
2026-08-29 12:05:00,N012,0.2747,3.5461,0.1595,0.0817
2026-08-29 12:10:00,N012,0.2751,3.5901,0.1292,0.0431
2026-08-29 12:15:00,N012,0.269,3.4729,0.1357,0.0781
2026-08-29 12:20:00,N012,0.2388,3.4032,0.1364,0.0413
2026-08-29 12:25:00,N012,0.2893,3.3071,0.1352,0.0796
2026-08-29 12:30:00,N012,0.2767,3.34,0.1504,0.0704
2026-08-29 12:35:00,N012,0.3021,3.5242,0.1405,0.0533
2026-08-29 12:40:00,N012,0.256,3.3794,0.1587,0.0665
2026-08-29 12:45:00,N012,0.2758,3.663,0.1139,0.0856
2026-08-29 12:50:00,N012,0.2682,3.5363,0.1323,0.0552
2026-08-29 12:55:00,N012,0.2748,3.773,0.1543,0.0856
2026-08-29 13:00:00,N012,0.2647,3.4176,0.1328,0.0594
2026-08-29 13:05:00,N012,0.2369,3.4054,0.1355,0.0642
2026-08-29 13:10:00,N012,0.2698,3.5387,0.142,0.0582
2026-08-29 13:15:00,N012,0.2385,3.4289,0.1305,0.074
2026-08-29 13:20:00,N012,0.2816,3.6134,0.1513,0.0651
2026-08-29 13:25:00,N012,0.2603,3.4139,0.1241,0.0821
2026-08-29 13:30:00,N012,0.2656,3.3567,0.1323,0.0543
2026-08-29 13:35:00,N012,0.269,3.6372,0.138,0.0336
2026-08-29 13:40:00,N012,0.2656,3.4931,0.1395,0.0581
2026-08-29 13:45:00,N012,0.2718,3.5226,0.1419,0.0738
2026-08-29 13:50:00,N012,0.2622,3.459,0.1588,0.0761
2026-08-29 13:55:00,N012,0.2811,3.6673,0.1485,0.0818
2026-08-29 14:00:00,N012,0.2452,3.5474,0.14,0.0931
2026-08-29 14:05:00,N012,0.2829,3.4501,0.1467,0.0706
2026-08-29 14:10:00,N012,0.2759,3.4062,0.1465,0.0647
2026-08-29 14:15:00,N012,0.2734,3.4444,0.1352,0.0859
2026-08-29 14:20:00,N012,0.2535,3.4167,0.1416,0.0568
2026-08-29 14:25:00,N012,0.2561,3.5494,0.1242,0.0533
2026-08-29 14:30:00,N012,0.3003,3.5948,0.1333,0.0748
2026-08-29 14:35:00,N012,0.2781,3.6617,0.1407,0.0833
2026-08-29 14:40:00,N012,0.2391,3.4184,0.1442,0.0737
2026-08-29 14:45:00,N012,0.2561,3.5791,0.1347,0.0647
2026-08-29 14:50:00,N012,0.2853,3.6598,0.1302,0.0531
2026-08-29 14:55:00,N012,0.2638,3.5503,0.1343,0.0847
2026-08-29 15:00:00,N012,0.2753,3.605,0.127,0.0867
2026-08-29 15:05:00,N012,0.2279,3.6591,0.1534,0.0628
2026-08-29 15:10:00,N012,0.2894,3.5543,0.143,0.0745
2026-08-29 15:15:00,N012,0.3182,3.7259,0.1506,0.0558
2026-08-29 15:20:00,N012,0.2727,3.4698,0.1521,0.0717
2026-08-29 15:25:00,N012,0.2537,3.5799,0.132,0.072
2026-08-29 15:30:00,N012,0.2578,3.5762,0.1512,0.069
2026-08-29 15:35:00,N012,0.265,3.6001,0.1506,0.0533
2026-08-29 15:40:00,N012,0.2748,3.7366,0.1491,0.0709
2026-08-29 15:45:00,N012,0.2806,3.6356,0.1513,0.0398
2026-08-29 15:50:00,N012,0.2478,3.7046,0.1241,0.0763
2026-08-29 15:55:00,N012,0.266,3.4673,0.1464,0.0734
2026-08-29 16:00:00,N012,0.303,3.5146,0.1595,0.0757
2026-08-29 16:05:00,N012,0.2615,3.6883,0.149,0.0711
2026-08-29 16:10:00,N012,0.2755,3.5235,0.1323,0.082
2026-08-29 16:15:00,N012,0.2683,3.5883,0.1456,0.0747
2026-08-29 16:20:00,N012,0.2503,3.7551,0.1437,0.0678
2026-08-29 16:25:00,N012,0.2783,3.6319,0.1514,0.079
2026-08-29 16:30:00,N012,0.2827,3.7684,0.1528,0.0687
2026-08-29 16:35:00,N012,0.2552,3.8092,0.1394,0.0641
2026-08-29 16:40:00,N012,0.2461,3.6525,0.144,0.0486
2026-08-29 16:45:00,N012,0.2791,3.5548,0.1745,0.0628
2026-08-29 16:50:00,N012,0.2659,3.5124,0.1575,0.0659
2026-08-29 16:55:00,N012,0.2616,3.705,0.1256,0.081
2026-08-29 17:00:00,N012,0.2993,3.6909,0.1499,0.0847
2026-08-29 17:05:00,N012,0.2983,3.7709,0.1475,0.0854
2026-08-29 17:10:00,N012,0.2595,3.7217,0.1301,0.0664
2026-08-29 17:15:00,N012,0.2267,3.6795,0.1345,0.0887
2026-08-29 17:20:00,N012,0.2789,3.7689,0.1292,0.0877
2026-08-29 17:25:00,N012,0.3047,3.7285,0.1517,0.0748
2026-08-29 17:30:00,N012,0.2653,3.731,0.1241,0.0661
2026-08-29 17:35:00,N012,0.2468,3.558,0.1499,0.08
2026-08-29 17:40:00,N012,0.2742,3.6656,0.1196,0.0669
2026-08-29 17:45:00,N012,0.2633,3.5689,0.1494,0.0597
2026-08-29 17:50:00,N012,0.2646,3.4003,0.1387,0.0564
2026-08-29 17:55:00,N012,0.2749,3.5394,0.1435,0.0707
2026-08-29 18:00:00,N012,0.2989,3.7159,0.1201,0.054
2026-08-29 18:05:00,N012,0.2748,3.5475,0.1066,0.0933
2026-08-29 18:10:00,N012,0.2849,3.7244,0.1349,0.0796
2026-08-29 18:15:00,N012,0.2636,3.6892,0.1312,0.096
2026-08-29 18:20:00,N012,0.2507,3.8153,0.1427,0.066
2026-08-29 18:25:00,N012,0.2769,3.7582,0.1586,0.0782
2026-08-29 18:30:00,N012,0.2611,3.6796,0.164,0.0938
2026-08-29 18:35:00,N012,0.2882,3.7712,0.1506,0.0911
2026-08-29 18:40:00,N012,0.2678,3.5159,0.143,0.0615
2026-08-29 18:45:00,N012,0.259,3.5948,0.172,0.0759
2026-08-29 18:50:00,N012,0.2803,3.5374,0.1201,0.0617
2026-08-29 18:55:00,N012,0.2966,3.7269,0.1494,0.0852
2026-08-29 19:00:00,N012,0.2662,3.8562,0.1346,0.0953
2026-08-29 19:05:00,N012,0.2818,3.4777,0.1332,0.0475
2026-08-29 19:10:00,N012,0.2927,3.6922,0.1155,0.08
2026-08-29 19:15:00,N012,0.2673,3.5199,0.1623,0.0761
2026-08-29 19:20:00,N012,0.2711,3.6528,0.1241,0.055
2026-08-29 19:25:00,N012,0.2949,3.6466,0.1425,0.0441
2026-08-29 19:30:00,N012,0.2559,3.7795,0.1467,0.1011
2026-08-29 19:35:00,N012,0.296,3.6814,0.1479,0.0702
2026-08-29 19:40:00,N012,0.3067,3.8497,0.1442,0.078
2026-08-29 19:45:00,N012,0.2977,3.7842,0.1609,0.0422
2026-08-29 19:50:00,N012,0.2831,3.6555,0.1633,0.0984
2026-08-29 19:55:00,N012,0.2767,3.9044,0.1636,0.0765
2026-08-29 20:00:00,N012,0.3134,3.7192,0.1396,0.0884
2026-08-29 20:05:00,N012,0.2711,3.736,0.1591,0.0758
2026-08-29 20:10:00,N012,0.2511,3.7726,0.1339,0.0886
2026-08-29 20:15:00,N012,0.2871,3.9078,0.1531,0.0921
2026-08-29 20:20:00,N012,0.2667,3.8305,0.1658,0.0655
2026-08-29 20:25:00,N012,0.3039,3.6709,0.132,0.0804
2026-08-29 20:30:00,N012,0.2877,3.849,0.1307,0.0826
2026-08-29 20:35:00,N012,0.2668,3.5637,0.1311,0.0649
2026-08-29 20:40:00,N012,0.285,3.8834,0.1245,0.0816
2026-08-29 20:45:00,N012,0.2596,3.8234,0.1347,0.0606
2026-08-29 20:50:00,N012,1.1894,15.6803,0.4884,1.8432
2026-08-29 20:55:00,N012,1.1917,15.852,0.4923,1.8537
2026-08-29 21:00:00,N012,1.1957,15.6763,0.4868,1.9114
2026-08-29 21:05:00,N012,1.1671,15.8481,0.499,1.8827
2026-08-29 21:10:00,N012,1.182,15.807,0.4955,1.8761
2026-08-29 21:15:00,N012,1.2006,15.6071,0.5045,1.8893
2026-08-29 21:20:00,N012,1.1885,15.9014,0.4911,1.8491
2026-08-29 21:25:00,N012,1.177,15.6512,0.4834,1.8586
2026-08-29 21:30:00,N012,1.1711,15.7014,0.4637,1.8878
2026-08-29 21:35:00,N012,1.2116,15.8485,0.4898,1.8766
2026-08-29 21:40:00,N012,1.1721,15.7893,0.4918,1.8649
2026-08-29 21:45:00,N012,0.3038,3.6028,0.1508,0.0761
2026-08-29 21:50:00,N012,0.3071,3.825,0.1379,0.074
2026-08-29 21:55:00,N012,0.2793,3.6497,0.133,0.0511
2026-08-29 22:00:00,N012,0.265,3.8009,0.1458,0.0483
2026-08-29 22:05:00,N012,0.2769,3.86,0.1403,0.0685
2026-08-29 22:10:00,N012,0.2729,3.7303,0.1346,0.0808
2026-08-29 22:15:00,N012,0.3138,3.7087,0.1384,0.0775
2026-08-29 22:20:00,N012,0.2689,3.9325,0.1138,0.0704
2026-08-29 22:25:00,N012,0.2916,3.7682,0.1324,0.0851
2026-08-29 22:30:00,N012,0.2931,3.8316,0.1326,0.0854
2026-08-29 22:35:00,N012,0.2735,3.8985,0.16,0.0396
2026-08-29 22:40:00,N012,0.2813,3.6035,0.1715,0.0718
2026-08-29 22:45:00,N012,0.291,3.8104,0.1326,0.0651
2026-08-29 22:50:00,N012,0.3037,3.9321,0.1655,0.0798
2026-08-29 22:55:00,N012,0.2843,3.7881,0.1388,0.0635
2026-08-29 23:00:00,N012,0.2814,3.7282,0.1475,0.0817
2026-08-29 23:05:00,N012,0.2845,4.0267,0.1418,0.0907
2026-08-29 23:10:00,N012,0.3111,3.9853,0.156,0.0748
2026-08-29 23:15:00,N012,0.2838,3.6731,0.1482,0.0836
2026-08-29 23:20:00,N012,0.2809,3.9573,0.1277,0.1041
2026-08-29 23:25:00,N012,0.2941,3.8284,0.1404,0.0869
2026-08-29 23:30:00,N012,0.3035,3.8518,0.1439,0.0801
2026-08-29 23:35:00,N012,0.3076,3.7981,0.1419,0.1019
2026-08-29 23:40:00,N012,0.2831,3.9816,0.1313,0.0769
2026-08-29 23:45:00,N012,0.3033,3.7668,0.1404,0.084
2026-08-29 23:50:00,N012,0.2663,3.8011,0.1436,0.0809
2026-08-29 23:55:00,N012,0.3004,4.0385,0.1319,0.082
2026-08-29 00:00:00,N013,0.3059,3.285,0.1152,0.0948
2026-08-29 00:05:00,N013,0.3179,3.182,0.1279,0.0884
2026-08-29 00:10:00,N013,0.2614,3.2121,0.1299,0.0844
2026-08-29 00:15:00,N013,0.2789,3.1068,0.1355,0.1218
2026-08-29 00:20:00,N013,0.3171,3.0539,0.1366,0.0824
2026-08-29 00:25:00,N013,0.2877,3.1626,0.1348,0.1068
2026-08-29 00:30:00,N013,0.2951,3.211,0.1319,0.101
2026-08-29 00:35:00,N013,0.3143,3.0694,0.1265,0.0766
2026-08-29 00:40:00,N013,0.296,3.1992,0.1257,0.0807
2026-08-29 00:45:00,N013,0.2745,2.9778,0.1247,0.0864
2026-08-29 00:50:00,N013,0.2868,3.3906,0.116,0.1142
2026-08-29 00:55:00,N013,0.3214,3.0005,0.1274,0.0871
2026-08-29 01:00:00,N013,0.2535,3.0641,0.1356,0.1234
2026-08-29 01:05:00,N013,0.3108,3.279,0.126,0.1185
2026-08-29 01:10:00,N013,0.3296,3.1726,0.1023,0.0619
2026-08-29 01:15:00,N013,0.3173,3.2401,0.1285,0.0666
2026-08-29 01:20:00,N013,0.2863,3.2131,0.1288,0.0876
2026-08-29 01:25:00,N013,0.2821,3.1572,0.1408,0.0973
2026-08-29 01:30:00,N013,0.307,3.1462,0.0909,0.0859
2026-08-29 01:35:00,N013,0.2849,3.2988,0.1657,0.1043
2026-08-29 01:40:00,N013,0.339,3.3279,0.1187,0.0992
2026-08-29 01:45:00,N013,0.3248,3.482,0.1194,0.0979
2026-08-29 01:50:00,N013,0.2768,3.3642,0.1449,0.0948
2026-08-29 01:55:00,N013,0.2883,3.3112,0.1313,0.0955
2026-08-29 02:00:00,N013,0.3011,3.2499,0.1383,0.1054
2026-08-29 02:05:00,N013,0.2838,3.1523,0.1233,0.1056
2026-08-29 02:10:00,N013,0.3008,3.1991,0.1294,0.0897
2026-08-29 02:15:00,N013,0.3119,3.3191,0.1225,0.0982
2026-08-29 02:20:00,N013,0.3185,3.2135,0.1311,0.0938
2026-08-29 02:25:00,N013,0.3053,3.2061,0.1276,0.1115
2026-08-29 02:30:00,N013,0.285,3.1279,0.1108,0.0775
2026-08-29 02:35:00,N013,0.3081,3.1215,0.1227,0.1044
2026-08-29 02:40:00,N013,0.3055,3.2467,0.1286,0.0968
2026-08-29 02:45:00,N013,0.296,3.2705,0.1531,0.1075
2026-08-29 02:50:00,N013,0.3367,3.2389,0.1253,0.0755
2026-08-29 02:55:00,N013,0.2874,3.5296,0.12,0.1243
2026-08-29 03:00:00,N013,0.281,3.1777,0.1222,0.0947
2026-08-29 03:05:00,N013,0.3136,3.361,0.1213,0.0938
2026-08-29 03:10:00,N013,0.2951,3.1999,0.1156,0.1113
2026-08-29 03:15:00,N013,0.2725,3.5065,0.1222,0.0844
2026-08-29 03:20:00,N013,0.3112,3.4934,0.1397,0.1036
2026-08-29 03:25:00,N013,0.3165,3.112,0.12,0.0825
2026-08-29 03:30:00,N013,0.3186,3.2747,0.1364,0.1043
2026-08-29 03:35:00,N013,0.2874,3.2531,0.1418,0.0848
2026-08-29 03:40:00,N013,0.3024,3.2324,0.1225,0.0958
2026-08-29 03:45:00,N013,0.2888,3.2138,0.1297,0.0839
2026-08-29 03:50:00,N013,0.2885,3.2192,0.1254,0.1109
2026-08-29 03:55:00,N013,0.3234,3.2475,0.1521,0.0817
2026-08-29 04:00:00,N013,0.3172,3.2508,0.1159,0.0857
2026-08-29 04:05:00,N013,0.3002,3.4098,0.1343,0.0828
2026-08-29 04:10:00,N013,0.2863,3.233,0.125,0.094
2026-08-29 04:15:00,N013,0.287,3.3781,0.1535,0.0896
2026-08-29 04:20:00,N013,0.2948,3.4157,0.1196,0.1074
2026-08-29 04:25:00,N013,0.2906,3.5712,0.1304,0.0881
2026-08-29 04:30:00,N013,0.2927,3.2924,0.1428,0.0785
2026-08-29 04:35:00,N013,0.2916,3.2895,0.1261,0.0936
2026-08-29 04:40:00,N013,0.2794,3.3117,0.1251,0.0883
2026-08-29 04:45:00,N013,0.3121,3.4728,0.1254,0.1013
2026-08-29 04:50:00,N013,0.2695,3.3147,0.1384,0.0916
2026-08-29 04:55:00,N013,0.291,3.6413,0.1481,0.1051
2026-08-29 05:00:00,N013,0.3192,3.1037,0.1169,0.0911
2026-08-29 05:05:00,N013,0.2987,3.3148,0.0957,0.104
2026-08-29 05:10:00,N013,0.3105,3.5685,0.1168,0.0853
2026-08-29 05:15:00,N013,0.2623,3.3439,0.1371,0.0893
2026-08-29 05:20:00,N013,0.3347,3.3511,0.1281,0.0781
2026-08-29 05:25:00,N013,0.307,3.1471,0.1346,0.1095
2026-08-29 05:30:00,N013,0.3232,3.265,0.1282,0.1072
2026-08-29 05:35:00,N013,0.3095,3.2864,0.0976,0.1041
2026-08-29 05:40:00,N013,0.3007,3.325,0.1355,0.0983
2026-08-29 05:45:00,N013,0.2833,3.164,0.1128,0.135
2026-08-29 05:50:00,N013,0.314,3.4212,0.1241,0.0955
2026-08-29 05:55:00,N013,0.3208,3.3424,0.1332,0.0941
2026-08-29 06:00:00,N013,0.3325,3.4932,0.1413,0.0906
2026-08-29 06:05:00,N013,0.3194,3.3694,0.1276,0.124
2026-08-29 06:10:00,N013,0.288,3.434,0.1316,0.1074
2026-08-29 06:15:00,N013,0.297,3.6628,0.1108,0.1216
2026-08-29 06:20:00,N013,0.322,3.6433,0.1072,0.0868
2026-08-29 06:25:00,N013,0.3263,3.1927,0.107,0.0926
2026-08-29 06:30:00,N013,0.3069,3.6118,0.1241,0.0909
2026-08-29 06:35:00,N013,0.3088,3.4799,0.1316,0.0975
2026-08-29 06:40:00,N013,0.2749,3.3162,0.1433,0.103
2026-08-29 06:45:00,N013,0.2995,3.5633,0.1127,0.097
2026-08-29 06:50:00,N013,0.3065,3.3789,0.1275,0.0976
2026-08-29 06:55:00,N013,0.2836,3.4564,0.1104,0.103
2026-08-29 07:00:00,N013,0.3253,3.4037,0.1122,0.0988
2026-08-29 07:05:00,N013,0.2923,3.5116,0.1245,0.1264
2026-08-29 07:10:00,N013,0.3223,3.4246,0.1349,0.095
2026-08-29 07:15:00,N013,0.3055,3.4024,0.1355,0.1225
2026-08-29 07:20:00,N013,0.317,3.5592,0.1374,0.1093
2026-08-29 07:25:00,N013,0.2881,3.6554,0.148,0.0977
2026-08-29 07:30:00,N013,0.2997,3.5276,0.1329,0.0983
2026-08-29 07:35:00,N013,0.2866,3.4936,0.1329,0.1123
2026-08-29 07:40:00,N013,0.3107,3.4271,0.1382,0.1025
2026-08-29 07:45:00,N013,0.2986,3.4408,0.1054,0.0989
2026-08-29 07:50:00,N013,0.316,3.506,0.1446,0.0978
2026-08-29 07:55:00,N013,0.3131,3.5631,0.1544,0.104
2026-08-29 08:00:00,N013,0.2902,3.5725,0.1487,0.0971
2026-08-29 08:05:00,N013,0.3186,3.621,0.1385,0.1039
2026-08-29 08:10:00,N013,0.2956,3.4666,0.1318,0.1157
2026-08-29 08:15:00,N013,0.3112,3.4335,0.133,0.1151
2026-08-29 08:20:00,N013,0.312,3.3815,0.1241,0.1165
2026-08-29 08:25:00,N013,0.2857,3.2335,0.1444,0.1101
2026-08-29 08:30:00,N013,0.3156,3.3582,0.1352,0.1067
2026-08-29 08:35:00,N013,0.2829,3.6611,0.1282,0.0967
2026-08-29 08:40:00,N013,0.3011,3.2512,0.1334,0.1067
2026-08-29 08:45:00,N013,0.3039,3.6492,0.1097,0.0939
2026-08-29 08:50:00,N013,0.2942,3.4651,0.1271,0.1094
2026-08-29 08:55:00,N013,0.3018,3.396,0.1465,0.1392
2026-08-29 09:00:00,N013,0.3093,3.4133,0.144,0.0815
2026-08-29 09:05:00,N013,0.3022,3.4233,0.1124,0.0991
2026-08-29 09:10:00,N013,0.2944,3.5112,0.1266,0.094
2026-08-29 09:15:00,N013,0.3019,3.4847,0.136,0.1012
2026-08-29 09:20:00,N013,0.3199,3.5855,0.1332,0.1244
2026-08-29 09:25:00,N013,0.2909,3.4612,0.1475,0.0998
2026-08-29 09:30:00,N013,0.2655,3.4964,0.1279,0.0645
2026-08-29 09:35:00,N013,0.3279,3.4379,0.1302,0.1005
2026-08-29 09:40:00,N013,0.2887,3.3979,0.1151,0.1203
2026-08-29 09:45:00,N013,0.3059,3.4665,0.1151,0.122
2026-08-29 09:50:00,N013,0.3302,3.674,0.1322,0.1085
2026-08-29 09:55:00,N013,0.2901,3.5052,0.1181,0.0769
2026-08-29 10:00:00,N013,0.3243,3.4539,0.1407,0.1176
2026-08-29 10:05:00,N013,0.3169,3.6138,0.1189,0.1324
2026-08-29 10:10:00,N013,0.3093,3.5792,0.1185,0.0906
2026-08-29 10:15:00,N013,0.3159,3.5719,0.1168,0.0831
2026-08-29 10:20:00,N013,0.2898,3.6921,0.1189,0.0997
2026-08-29 10:25:00,N013,0.3307,3.4167,0.1176,0.0934
2026-08-29 10:30:00,N013,0.3333,3.7933,0.1353,0.1168
2026-08-29 10:35:00,N013,0.3004,3.7906,0.1295,0.1179
2026-08-29 10:40:00,N013,0.3077,3.5275,0.1463,0.1133
2026-08-29 10:45:00,N013,0.3311,3.5931,0.1161,0.0966
2026-08-29 10:50:00,N013,0.311,3.49,0.113,0.1235
2026-08-29 10:55:00,N013,0.3014,3.5846,0.1299,0.0967
2026-08-29 11:00:00,N013,0.3314,3.4367,0.1294,0.1093
2026-08-29 11:05:00,N013,0.3089,3.4179,0.1368,0.1169
2026-08-29 11:10:00,N013,0.2997,3.6612,0.1308,0.0867
2026-08-29 11:15:00,N013,0.2972,3.7157,0.13,0.0975
2026-08-29 11:20:00,N013,0.2972,3.52,0.121,0.0934
2026-08-29 11:25:00,N013,0.284,3.7215,0.138,0.0871
2026-08-29 11:30:00,N013,0.3123,3.4792,0.1232,0.1011
2026-08-29 11:35:00,N013,0.304,3.8306,0.121,0.0943
2026-08-29 11:40:00,N013,0.299,3.7182,0.1065,0.095
2026-08-29 11:45:00,N013,0.3323,3.625,0.1286,0.1386
2026-08-29 11:50:00,N013,0.3144,3.5136,0.1229,0.0897
2026-08-29 11:55:00,N013,0.3296,3.6703,0.1398,0.125
2026-08-29 12:00:00,N013,0.3047,3.4907,0.1257,0.0938
2026-08-29 12:05:00,N013,0.3135,3.7427,0.1243,0.1093
2026-08-29 12:10:00,N013,0.3097,3.706,0.1183,0.0742
2026-08-29 12:15:00,N013,0.3183,3.731,0.1317,0.0976
2026-08-29 12:20:00,N013,0.2943,3.6745,0.128,0.1054
2026-08-29 12:25:00,N013,0.3388,3.5044,0.1476,0.1079
2026-08-29 12:30:00,N013,0.284,3.5993,0.1378,0.1021
2026-08-29 12:35:00,N013,0.2895,3.6038,0.116,0.115
2026-08-29 12:40:00,N013,0.3233,3.4996,0.1178,0.1191
2026-08-29 12:45:00,N013,0.299,3.4992,0.1122,0.1131
2026-08-29 12:50:00,N013,0.3166,3.5498,0.1264,0.1309
2026-08-29 12:55:00,N013,0.2974,3.4004,0.1318,0.1064
2026-08-29 13:00:00,N013,0.3015,3.7157,0.1364,0.075
2026-08-29 13:05:00,N013,0.3025,3.9183,0.1333,0.1184
2026-08-29 13:10:00,N013,0.33,3.645,0.1359,0.1191
2026-08-29 13:15:00,N013,0.3205,3.6071,0.1284,0.0996
2026-08-29 13:20:00,N013,0.3128,3.5083,0.1168,0.1043
2026-08-29 13:25:00,N013,0.2985,3.5907,0.1243,0.1147
2026-08-29 13:30:00,N013,0.327,3.5984,0.1423,0.1229
2026-08-29 13:35:00,N013,0.3204,3.6753,0.1301,0.1267
2026-08-29 13:40:00,N013,0.3313,3.8198,0.1268,0.1173
2026-08-29 13:45:00,N013,0.3332,3.5876,0.1225,0.1093
2026-08-29 13:50:00,N013,0.3267,3.775,0.1235,0.0866
2026-08-29 13:55:00,N013,0.317,3.5578,0.1084,0.0903
2026-08-29 14:00:00,N013,0.3183,3.8341,0.1268,0.1126
2026-08-29 14:05:00,N013,0.3312,3.4882,0.1325,0.1093
2026-08-29 14:10:00,N013,0.3221,3.6183,0.1165,0.1117
2026-08-29 14:15:00,N013,0.3385,3.7824,0.1202,0.0896
2026-08-29 14:20:00,N013,0.2886,3.8398,0.1148,0.1049
2026-08-29 14:25:00,N013,0.3337,3.491,0.1442,0.1061
2026-08-29 14:30:00,N013,0.2968,3.6578,0.1176,0.1166
2026-08-29 14:35:00,N013,0.3044,3.4608,0.1237,0.0898
2026-08-29 14:40:00,N013,0.3173,3.5505,0.1204,0.113
2026-08-29 14:45:00,N013,0.3112,3.7258,0.1345,0.093
2026-08-29 14:50:00,N013,0.3135,3.299,0.1293,0.1059
2026-08-29 14:55:00,N013,0.2998,3.7392,0.1404,0.1034
2026-08-29 15:00:00,N013,0.3005,3.7239,0.1103,0.1007
2026-08-29 15:05:00,N013,0.3331,3.7143,0.1037,0.0838
2026-08-29 15:10:00,N013,0.3173,3.8131,0.1069,0.1176
2026-08-29 15:15:00,N013,0.3349,3.939,0.1303,0.1186
2026-08-29 15:20:00,N013,0.2831,3.9672,0.1194,0.0971
2026-08-29 15:25:00,N013,0.3113,3.8994,0.1528,0.1131
2026-08-29 15:30:00,N013,0.3302,3.726,0.1138,0.1334
2026-08-29 15:35:00,N013,0.306,3.9078,0.1419,0.1206
2026-08-29 15:40:00,N013,0.3429,3.9942,0.1242,0.0994
2026-08-29 15:45:00,N013,0.2876,3.9985,0.121,0.1286
2026-08-29 15:50:00,N013,0.3046,3.9165,0.1179,0.0938
2026-08-29 15:55:00,N013,0.3127,3.6708,0.1335,0.111
2026-08-29 16:00:00,N013,0.3253,3.7025,0.1183,0.1032
2026-08-29 16:05:00,N013,0.3467,3.7672,0.1025,0.1042
2026-08-29 16:10:00,N013,0.3176,3.9644,0.1386,0.0983
2026-08-29 16:15:00,N013,0.3525,3.742,0.1413,0.0949
2026-08-29 16:20:00,N013,0.2803,3.5795,0.0873,0.144
2026-08-29 16:25:00,N013,0.3196,3.6404,0.1317,0.1153
2026-08-29 16:30:00,N013,0.3258,3.8992,0.1228,0.0993
2026-08-29 16:35:00,N013,0.329,3.8532,0.1275,0.1453
2026-08-29 16:40:00,N013,0.3102,3.6517,0.1313,0.1026
2026-08-29 16:45:00,N013,0.3243,3.6625,0.1215,0.1412
2026-08-29 16:50:00,N013,0.3109,3.6693,0.1404,0.0972
2026-08-29 16:55:00,N013,0.3067,3.8372,0.1376,0.1314
2026-08-29 17:00:00,N013,0.3059,3.8423,0.1207,0.1041
2026-08-29 17:05:00,N013,0.3353,3.7076,0.1296,0.1156
2026-08-29 17:10:00,N013,0.3013,3.8923,0.133,0.0836
2026-08-29 17:15:00,N013,0.3216,3.6863,0.1395,0.0918
2026-08-29 17:20:00,N013,0.3122,3.8253,0.127,0.125
2026-08-29 17:25:00,N013,0.2949,3.9829,0.1326,0.1341
2026-08-29 17:30:00,N013,0.3309,3.786,0.1109,0.1053
2026-08-29 17:35:00,N013,0.3417,3.9565,0.1189,0.0716
2026-08-29 17:40:00,N013,0.3148,3.7585,0.1233,0.1219
2026-08-29 17:45:00,N013,0.3312,3.9146,0.1317,0.0871
2026-08-29 17:50:00,N013,0.3131,4.075,0.1308,0.1197
2026-08-29 17:55:00,N013,0.3237,3.8512,0.0977,0.1107
2026-08-29 18:00:00,N013,0.3178,3.9579,0.1269,0.0897
2026-08-29 18:05:00,N013,0.325,3.7104,0.1117,0.102
2026-08-29 18:10:00,N013,0.3267,3.9607,0.1321,0.1241
2026-08-29 18:15:00,N013,0.3258,3.8246,0.1347,0.0784
2026-08-29 18:20:00,N013,0.3205,3.6898,0.1403,0.1126
2026-08-29 18:25:00,N013,0.3194,3.6374,0.1385,0.1243
2026-08-29 18:30:00,N013,0.3274,3.7232,0.117,0.1184
2026-08-29 18:35:00,N013,0.3087,3.8757,0.1004,0.1078
2026-08-29 18:40:00,N013,0.3462,3.8791,0.1283,0.145
2026-08-29 18:45:00,N013,0.2843,3.7313,0.1215,0.1282
2026-08-29 18:50:00,N013,0.3326,3.728,0.1383,0.1094
2026-08-29 18:55:00,N013,0.3377,3.7107,0.1248,0.1082
2026-08-29 19:00:00,N013,0.3355,3.7747,0.1258,0.1233
2026-08-29 19:05:00,N013,0.3279,3.9466,0.1288,0.1095
2026-08-29 19:10:00,N013,0.3146,3.8461,0.1293,0.1137
2026-08-29 19:15:00,N013,0.3203,3.6637,0.1343,0.1187
2026-08-29 19:20:00,N013,0.3351,3.8486,0.1054,0.1107
2026-08-29 19:25:00,N013,0.3172,3.9405,0.1015,0.1168
2026-08-29 19:30:00,N013,0.328,3.7747,0.1272,0.1069
2026-08-29 19:35:00,N013,0.3094,3.8079,0.1178,0.1266
2026-08-29 19:40:00,N013,0.3095,3.7513,0.1475,0.1309
2026-08-29 19:45:00,N013,0.2927,3.7707,0.1292,0.1214
2026-08-29 19:50:00,N013,0.2983,4.0042,0.1362,0.1239
2026-08-29 19:55:00,N013,0.3411,3.9223,0.1317,0.1402
2026-08-29 20:00:00,N013,0.3374,3.7698,0.1339,0.1069
2026-08-29 20:05:00,N013,0.3286,3.9307,0.1097,0.1152
2026-08-29 20:10:00,N013,0.3251,3.824,0.1301,0.1292
2026-08-29 20:15:00,N013,0.3208,3.9061,0.1429,0.1243
2026-08-29 20:20:00,N013,0.3243,3.7669,0.1344,0.1223
2026-08-29 20:25:00,N013,0.3407,3.8903,0.1045,0.0919
2026-08-29 20:30:00,N013,0.3326,3.819,0.1315,0.1192
2026-08-29 20:35:00,N013,0.3191,3.8786,0.1159,0.1174
2026-08-29 20:40:00,N013,0.313,3.8483,0.1224,0.1143
2026-08-29 20:45:00,N013,0.3357,3.8802,0.1386,0.1409
2026-08-29 20:50:00,N013,0.3348,3.9627,0.1302,0.1309
2026-08-29 20:55:00,N013,0.3234,4.0195,0.1337,0.1127
2026-08-29 21:00:00,N013,0.3356,3.9151,0.125,0.111
2026-08-29 21:05:00,N013,0.3247,4.0265,0.137,0.1236
2026-08-29 21:10:00,N013,0.3314,4.0623,0.1245,0.1016
2026-08-29 21:15:00,N013,0.342,3.8489,0.118,0.0915
2026-08-29 21:20:00,N013,0.3311,3.7206,0.1173,0.1274
2026-08-29 21:25:00,N013,0.3335,3.8398,0.1247,0.1056
2026-08-29 21:30:00,N013,0.3145,3.9527,0.1203,0.1151
2026-08-29 21:35:00,N013,0.3009,4.0595,0.1324,0.1308
2026-08-29 21:40:00,N013,0.3423,3.8273,0.122,0.0906
2026-08-29 21:45:00,N013,0.3702,3.9111,0.1388,0.1005
2026-08-29 21:50:00,N013,0.3381,4.1548,0.1256,0.104
2026-08-29 21:55:00,N013,0.3212,3.6674,0.1258,0.1316
2026-08-29 22:00:00,N013,0.3229,3.9033,0.1326,0.1285
2026-08-29 22:05:00,N013,0.2986,3.9509,0.1555,0.0995
2026-08-29 22:10:00,N013,0.3223,4.176,0.1396,0.1119
2026-08-29 22:15:00,N013,0.3268,3.9455,0.1173,0.1186
2026-08-29 22:20:00,N013,0.3196,3.9621,0.1173,0.1007
2026-08-29 22:25:00,N013,0.3233,4.1571,0.1273,0.115
2026-08-29 22:30:00,N013,0.3353,3.9351,0.1487,0.12
2026-08-29 22:35:00,N013,0.3346,3.8663,0.1323,0.1243
2026-08-29 22:40:00,N013,0.3234,3.8994,0.1186,0.1245
2026-08-29 22:45:00,N013,0.3338,3.9472,0.1298,0.1198
2026-08-29 22:50:00,N013,0.3259,3.9412,0.1265,0.1609
2026-08-29 22:55:00,N013,0.3292,4.0454,0.1316,0.1166
2026-08-29 23:00:00,N013,0.3441,3.9358,0.139,0.1156
2026-08-29 23:05:00,N013,0.3104,4.0174,0.113,0.1288
2026-08-29 23:10:00,N013,0.3069,3.938,0.1091,0.1632
2026-08-29 23:15:00,N013,0.3002,3.9803,0.14,0.1365
2026-08-29 23:20:00,N013,0.3378,3.9438,0.1425,0.1348
2026-08-29 23:25:00,N013,0.3284,4.0135,0.1227,0.1075
2026-08-29 23:30:00,N013,0.3438,4.1449,0.1157,0.119
2026-08-29 23:35:00,N013,0.3232,3.9863,0.1271,0.1356
2026-08-29 23:40:00,N013,0.3143,3.8914,0.1411,0.1145
2026-08-29 23:45:00,N013,0.3066,3.9376,0.1223,0.1449
2026-08-29 23:50:00,N013,0.3396,4.1362,0.1361,0.1359
2026-08-29 23:55:00,N013,0.3155,3.9775,0.1144,0.1186
2026-08-29 00:00:00,N014,0.1905,3.6559,0.127,0.076
2026-08-29 00:05:00,N014,0.1724,3.8845,0.1184,0.1031
2026-08-29 00:10:00,N014,0.1567,3.5988,0.1277,0.1211
2026-08-29 00:15:00,N014,0.1562,3.9479,0.1215,0.075
2026-08-29 00:20:00,N014,0.1543,3.8059,0.1161,0.0755
2026-08-29 00:25:00,N014,0.146,3.7052,0.1233,0.0952
2026-08-29 00:30:00,N014,0.164,3.8338,0.1335,0.1013
2026-08-29 00:35:00,N014,0.1698,3.9237,0.1095,0.0921
2026-08-29 00:40:00,N014,0.1687,3.6667,0.1159,0.0645
2026-08-29 00:45:00,N014,0.2005,3.7054,0.14,0.0963
2026-08-29 00:50:00,N014,0.1804,3.762,0.1235,0.1056
2026-08-29 00:55:00,N014,0.182,3.9164,0.1166,0.0887
2026-08-29 01:00:00,N014,0.1482,3.889,0.134,0.1202
2026-08-29 01:05:00,N014,0.1768,3.737,0.1006,0.1117
2026-08-29 01:10:00,N014,0.1454,3.7909,0.1183,0.0952
2026-08-29 01:15:00,N014,0.173,3.8511,0.092,0.0965
2026-08-29 01:20:00,N014,0.1391,3.9252,0.1143,0.0641
2026-08-29 01:25:00,N014,0.1604,3.7717,0.1353,0.0995
2026-08-29 01:30:00,N014,0.1779,3.9846,0.1198,0.1079
2026-08-29 01:35:00,N014,0.1831,3.6913,0.1387,0.0754
2026-08-29 01:40:00,N014,0.1867,3.6664,0.1282,0.1248
2026-08-29 01:45:00,N014,0.1698,3.8204,0.1283,0.092
2026-08-29 01:50:00,N014,0.2004,3.877,0.1171,0.0889
2026-08-29 01:55:00,N014,0.1593,3.7814,0.1168,0.0898
2026-08-29 02:00:00,N014,0.1635,4.1114,0.1086,0.0995
2026-08-29 02:05:00,N014,0.1823,3.9379,0.1203,0.0938
2026-08-29 02:10:00,N014,0.1803,3.8971,0.1179,0.074
2026-08-29 02:15:00,N014,0.1666,3.7303,0.113,0.0981
2026-08-29 02:20:00,N014,0.1792,4.0843,0.1145,0.1093
2026-08-29 02:25:00,N014,0.1785,4.029,0.1279,0.0827
2026-08-29 02:30:00,N014,0.1481,3.9136,0.1146,0.0832
2026-08-29 02:35:00,N014,0.1551,3.8983,0.1391,0.0919
2026-08-29 02:40:00,N014,0.183,3.8695,0.1055,0.1091
2026-08-29 02:45:00,N014,0.1579,3.8871,0.1169,0.1116
2026-08-29 02:50:00,N014,0.1585,3.9342,0.1109,0.0906
2026-08-29 02:55:00,N014,0.12,4.1411,0.1276,0.0869
2026-08-29 03:00:00,N014,0.1577,3.8334,0.1296,0.0701
2026-08-29 03:05:00,N014,0.1726,4.1081,0.1074,0.0998
2026-08-29 03:10:00,N014,0.2079,3.9743,0.1225,0.1063
2026-08-29 03:15:00,N014,0.1689,4.0572,0.1162,0.0694
2026-08-29 03:20:00,N014,0.1692,3.788,0.1176,0.095
2026-08-29 03:25:00,N014,0.1931,3.9902,0.1241,0.099
2026-08-29 03:30:00,N014,0.1593,3.6478,0.1223,0.1111
2026-08-29 03:35:00,N014,0.1737,3.8481,0.1266,0.098
2026-08-29 03:40:00,N014,0.2007,4.063,0.1325,0.1107
2026-08-29 03:45:00,N014,0.1562,3.9974,0.1255,0.1085
2026-08-29 03:50:00,N014,0.183,3.975,0.1534,0.0984
2026-08-29 03:55:00,N014,0.1898,3.8669,0.1305,0.1137
2026-08-29 04:00:00,N014,0.1813,4.1265,0.1104,0.0924
2026-08-29 04:05:00,N014,0.1791,4.0347,0.1231,0.1191
2026-08-29 04:10:00,N014,0.1661,3.7949,0.1247,0.0988
2026-08-29 04:15:00,N014,0.1843,3.9313,0.1169,0.0989
2026-08-29 04:20:00,N014,0.1767,3.9007,0.1185,0.0941
2026-08-29 04:25:00,N014,0.1892,3.9634,0.1481,0.1027
2026-08-29 04:30:00,N014,0.1682,4.2634,0.1259,0.1152
2026-08-29 04:35:00,N014,0.1855,4.0204,0.1274,0.084
2026-08-29 04:40:00,N014,0.1822,3.7894,0.1189,0.0897
2026-08-29 04:45:00,N014,0.1822,3.9913,0.1268,0.105
2026-08-29 04:50:00,N014,0.1678,3.9227,0.132,0.1168
2026-08-29 04:55:00,N014,0.1598,3.7731,0.1123,0.1166
2026-08-29 05:00:00,N014,0.1953,3.8486,0.1247,0.1285
2026-08-29 05:05:00,N014,0.1834,4.1329,0.133,0.0875
2026-08-29 05:10:00,N014,0.1745,3.9693,0.1222,0.115
2026-08-29 05:15:00,N014,0.1835,3.6155,0.1052,0.0685
2026-08-29 05:20:00,N014,0.1802,3.9995,0.1244,0.087
2026-08-29 05:25:00,N014,0.1877,4.0594,0.1059,0.0795
2026-08-29 05:30:00,N014,0.1777,4.1912,0.1414,0.1101
2026-08-29 05:35:00,N014,0.1669,4.0854,0.1156,0.0902
2026-08-29 05:40:00,N014,0.1458,3.994,0.1134,0.1033
2026-08-29 05:45:00,N014,0.1436,4.0049,0.0918,0.1183
2026-08-29 05:50:00,N014,0.186,3.9539,0.1277,0.0874
2026-08-29 05:55:00,N014,0.1793,4.0855,0.0839,0.0954
2026-08-29 06:00:00,N014,0.178,3.9693,0.1385,0.0854
2026-08-29 06:05:00,N014,0.1691,3.7657,0.1391,0.0987
2026-08-29 06:10:00,N014,0.172,3.9921,0.1286,0.1077
2026-08-29 06:15:00,N014,0.2184,4.0557,0.1154,0.0941
2026-08-29 06:20:00,N014,0.1729,3.8238,0.1215,0.1144
2026-08-29 06:25:00,N014,0.1697,3.9099,0.1392,0.0814
2026-08-29 06:30:00,N014,0.148,3.8712,0.1025,0.1087
2026-08-29 06:35:00,N014,0.1737,3.986,0.1348,0.0926
2026-08-29 06:40:00,N014,0.1908,4.1965,0.1155,0.1141
2026-08-29 06:45:00,N014,0.1757,4.1288,0.1021,0.0785
2026-08-29 06:50:00,N014,0.1735,3.914,0.1148,0.1
2026-08-29 06:55:00,N014,0.1903,3.9745,0.1111,0.0981
2026-08-29 07:00:00,N014,0.1681,3.9141,0.1016,0.1045
2026-08-29 07:05:00,N014,0.1712,4.1449,0.1036,0.0955
2026-08-29 07:10:00,N014,0.207,3.919,0.1181,0.0855
2026-08-29 07:15:00,N014,0.1597,4.2202,0.123,0.1058
2026-08-29 07:20:00,N014,0.1546,4.0804,0.1349,0.1212
2026-08-29 07:25:00,N014,0.1902,3.9046,0.1247,0.114
2026-08-29 07:30:00,N014,0.1533,3.9083,0.1316,0.1173
2026-08-29 07:35:00,N014,0.1571,4.1411,0.1221,0.116
2026-08-29 07:40:00,N014,0.1709,4.1259,0.1311,0.0991
2026-08-29 07:45:00,N014,0.1808,3.9734,0.1408,0.1026
2026-08-29 07:50:00,N014,0.1668,3.9681,0.1225,0.1158
2026-08-29 07:55:00,N014,0.1607,4.2785,0.1247,0.1116
2026-08-29 08:00:00,N014,0.1794,4.0619,0.1192,0.12
2026-08-29 08:05:00,N014,0.1808,4.1544,0.1158,0.1078
2026-08-29 08:10:00,N014,0.169,4.2111,0.111,0.1001
2026-08-29 08:15:00,N014,0.1764,4.0254,0.1297,0.1003
2026-08-29 08:20:00,N014,0.2022,3.9724,0.123,0.0935
2026-08-29 08:25:00,N014,0.1877,4.0715,0.1191,0.1231
2026-08-29 08:30:00,N014,0.1717,4.1466,0.1118,0.1071
2026-08-29 08:35:00,N014,0.1637,3.9995,0.12,0.1327
2026-08-29 08:40:00,N014,0.1832,4.2803,0.1236,0.0998
2026-08-29 08:45:00,N014,0.2049,4.137,0.1133,0.1128
2026-08-29 08:50:00,N014,0.1775,3.8486,0.1322,0.1222
2026-08-29 08:55:00,N014,0.2096,4.1408,0.118,0.1184
2026-08-29 09:00:00,N014,0.1949,4.2895,0.1204,0.1035
2026-08-29 09:05:00,N014,0.1715,4.1601,0.1024,0.1178
2026-08-29 09:10:00,N014,0.1911,4.1686,0.1226,0.1292
2026-08-29 09:15:00,N014,0.1955,4.0284,0.1139,0.0931
2026-08-29 09:20:00,N014,0.1908,3.984,0.134,0.1263
2026-08-29 09:25:00,N014,0.1694,4.0845,0.1212,0.1198
2026-08-29 09:30:00,N014,0.2069,3.9073,0.1172,0.1026
2026-08-29 09:35:00,N014,0.1618,4.0541,0.1261,0.1026
2026-08-29 09:40:00,N014,0.1598,4.46,0.1242,0.1085
2026-08-29 09:45:00,N014,0.1666,4.1492,0.119,0.0786
2026-08-29 09:50:00,N014,0.1671,4.216,0.1443,0.1126
2026-08-29 09:55:00,N014,0.1998,4.1047,0.1199,0.1235
2026-08-29 10:00:00,N014,0.2083,4.2823,0.1082,0.1063
2026-08-29 10:05:00,N014,0.1876,4.0978,0.1256,0.1197
2026-08-29 10:10:00,N014,0.1986,4.3341,0.117,0.087
2026-08-29 10:15:00,N014,0.189,4.3606,0.1153,0.1179
2026-08-29 10:20:00,N014,0.1942,4.1603,0.1211,0.0938
2026-08-29 10:25:00,N014,0.1497,4.0067,0.1163,0.1242
2026-08-29 10:30:00,N014,0.1824,4.0806,0.1103,0.1177
2026-08-29 10:35:00,N014,0.2045,4.2733,0.1283,0.0859
2026-08-29 10:40:00,N014,0.1789,4.3821,0.1344,0.085
2026-08-29 10:45:00,N014,0.1835,4.1948,0.1118,0.0736
2026-08-29 10:50:00,N014,0.1859,4.0595,0.1116,0.103
2026-08-29 10:55:00,N014,0.1825,4.1557,0.1104,0.1051
2026-08-29 11:00:00,N014,0.1582,4.1969,0.0867,0.1042
2026-08-29 11:05:00,N014,0.1985,4.0352,0.1296,0.1259
2026-08-29 11:10:00,N014,0.1352,4.1469,0.0865,0.1069
2026-08-29 11:15:00,N014,0.1848,3.87,0.1441,0.1131
2026-08-29 11:20:00,N014,0.1723,4.3465,0.0994,0.0905
2026-08-29 11:25:00,N014,0.1506,4.3896,0.125,0.1189
2026-08-29 11:30:00,N014,0.1897,4.2451,0.1219,0.1132
2026-08-29 11:35:00,N014,0.1869,4.106,0.1204,0.1133
2026-08-29 11:40:00,N014,0.1871,4.0044,0.1048,0.1256
2026-08-29 11:45:00,N014,0.1809,4.2547,0.1079,0.0873
2026-08-29 11:50:00,N014,0.173,4.1606,0.113,0.129
2026-08-29 11:55:00,N014,0.1884,4.412,0.1258,0.0735
2026-08-29 12:00:00,N014,0.2017,4.0117,0.1237,0.0981
2026-08-29 12:05:00,N014,0.2181,4.3684,0.1121,0.108
2026-08-29 12:10:00,N014,0.1897,4.302,0.1213,0.0946
2026-08-29 12:15:00,N014,0.1754,4.2007,0.1358,0.1165
2026-08-29 12:20:00,N014,0.1747,4.2818,0.1163,0.1235
2026-08-29 12:25:00,N014,0.2243,4.1637,0.1306,0.0991
2026-08-29 12:30:00,N014,0.1848,4.2131,0.1187,0.1473
2026-08-29 12:35:00,N014,0.182,4.2827,0.0978,0.117
2026-08-29 12:40:00,N014,0.2038,4.1518,0.0909,0.11
2026-08-29 12:45:00,N014,0.1871,4.3048,0.1451,0.105
2026-08-29 12:50:00,N014,0.1741,4.0806,0.1234,0.118
2026-08-29 12:55:00,N014,0.1788,4.3169,0.1266,0.1116
2026-08-29 13:00:00,N014,0.1736,4.1684,0.0918,0.1145
2026-08-29 13:05:00,N014,0.1876,4.2516,0.127,0.1169
2026-08-29 13:10:00,N014,0.1857,4.2376,0.1041,0.1025
2026-08-29 13:15:00,N014,0.1882,4.1462,0.1313,0.1014
2026-08-29 13:20:00,N014,0.1908,4.2513,0.1299,0.1249
2026-08-29 13:25:00,N014,0.198,3.9874,0.1353,0.1344
2026-08-29 13:30:00,N014,0.1805,4.2713,0.1103,0.0824
2026-08-29 13:35:00,N014,0.1768,4.1808,0.1167,0.0974
2026-08-29 13:40:00,N014,0.1769,4.2471,0.1117,0.12
2026-08-29 13:45:00,N014,0.1983,4.5369,0.1345,0.1156
2026-08-29 13:50:00,N014,0.1788,4.2892,0.1249,0.1043
2026-08-29 13:55:00,N014,0.2,4.089,0.1181,0.1205
2026-08-29 14:00:00,N014,0.184,4.2347,0.1193,0.0997
2026-08-29 14:05:00,N014,0.2061,4.1402,0.1248,0.1186
2026-08-29 14:10:00,N014,0.1743,4.2739,0.1101,0.1333
2026-08-29 14:15:00,N014,0.1716,4.1894,0.1063,0.0922
2026-08-29 14:20:00,N014,0.2126,4.3358,0.1227,0.1028
2026-08-29 14:25:00,N014,0.2025,4.1745,0.1305,0.0997
2026-08-29 14:30:00,N014,0.1793,4.3672,0.1313,0.1218
2026-08-29 14:35:00,N014,0.1733,4.2254,0.1229,0.1002
2026-08-29 14:40:00,N014,0.2098,3.9935,0.1116,0.1054
2026-08-29 14:45:00,N014,0.1466,4.117,0.1285,0.1136
2026-08-29 14:50:00,N014,0.213,4.4727,0.1262,0.118
2026-08-29 14:55:00,N014,0.1905,3.9715,0.1042,0.1149
2026-08-29 15:00:00,N014,0.1988,4.3276,0.1103,0.1276
2026-08-29 15:05:00,N014,0.2119,4.4082,0.1329,0.1052
2026-08-29 15:10:00,N014,0.206,4.3159,0.1271,0.1192
2026-08-29 15:15:00,N014,0.1881,4.198,0.12,0.1286
2026-08-29 15:20:00,N014,0.1834,4.4112,0.1298,0.1094
2026-08-29 15:25:00,N014,0.211,4.2641,0.1391,0.1205
2026-08-29 15:30:00,N014,0.19,4.203,0.1199,0.1111
2026-08-29 15:35:00,N014,0.1715,4.2862,0.1113,0.123
2026-08-29 15:40:00,N014,0.21,4.1679,0.1415,0.1124
2026-08-29 15:45:00,N014,0.1759,4.4088,0.1156,0.1132
2026-08-29 15:50:00,N014,0.1846,4.2226,0.1297,0.1103
2026-08-29 15:55:00,N014,0.1692,4.3896,0.1065,0.0974
2026-08-29 16:00:00,N014,0.2087,4.1826,0.0932,0.1241
2026-08-29 16:05:00,N014,0.1864,4.3029,0.1172,0.1183
2026-08-29 16:10:00,N014,0.1798,4.5089,0.1033,0.1216
2026-08-29 16:15:00,N014,0.2008,4.2434,0.1087,0.1303
2026-08-29 16:20:00,N014,0.1764,4.2645,0.1316,0.1157
2026-08-29 16:25:00,N014,0.1644,4.5497,0.1146,0.1092
2026-08-29 16:30:00,N014,0.1953,4.4179,0.1445,0.0905
2026-08-29 16:35:00,N014,0.204,4.4348,0.1193,0.1273
2026-08-29 16:40:00,N014,0.2057,4.1826,0.142,0.0922
2026-08-29 16:45:00,N014,0.1748,4.3198,0.1441,0.1111
2026-08-29 16:50:00,N014,0.1914,4.5258,0.1174,0.0981
2026-08-29 16:55:00,N014,0.1857,4.5213,0.1218,0.1449
2026-08-29 17:00:00,N014,0.2032,4.2822,0.1216,0.1032
2026-08-29 17:05:00,N014,0.1822,4.8998,0.1332,0.129
2026-08-29 17:10:00,N014,0.183,4.5534,0.1342,0.1444
2026-08-29 17:15:00,N014,0.2199,4.1904,0.1077,0.1013
2026-08-29 17:20:00,N014,0.1784,4.4095,0.1142,0.1475
2026-08-29 17:25:00,N014,0.2212,4.3727,0.1444,0.1388
2026-08-29 17:30:00,N014,0.186,4.1351,0.1184,0.107
2026-08-29 17:35:00,N014,0.1959,4.3897,0.1217,0.1246
2026-08-29 17:40:00,N014,0.1748,4.4311,0.1157,0.1198
2026-08-29 17:45:00,N014,0.2074,4.2376,0.1176,0.1152
2026-08-29 17:50:00,N014,0.1854,4.4953,0.1123,0.1087
2026-08-29 17:55:00,N014,0.1826,4.5211,0.1151,0.1241
2026-08-29 18:00:00,N014,0.223,4.3839,0.1343,0.1423
2026-08-29 18:05:00,N014,0.2089,4.3936,0.1287,0.098
2026-08-29 18:10:00,N014,0.1819,4.3259,0.1479,0.1053
2026-08-29 18:15:00,N014,0.1813,4.2759,0.1277,0.1197
2026-08-29 18:20:00,N014,0.2101,4.4845,0.1044,0.1056
2026-08-29 18:25:00,N014,0.2144,4.3824,0.1352,0.1155
2026-08-29 18:30:00,N014,0.1795,4.3732,0.1094,0.1094
2026-08-29 18:35:00,N014,0.1971,4.4737,0.1019,0.1177
2026-08-29 18:40:00,N014,0.1854,4.3373,0.1226,0.1098
2026-08-29 18:45:00,N014,0.215,4.5604,0.1352,0.1108
2026-08-29 18:50:00,N014,0.18,4.4305,0.1192,0.1092
2026-08-29 18:55:00,N014,0.1769,4.4184,0.1161,0.1287
2026-08-29 19:00:00,N014,0.2046,4.5583,0.1059,0.1245
2026-08-29 19:05:00,N014,0.1838,4.2825,0.1158,0.1346
2026-08-29 19:10:00,N014,0.1892,4.6196,0.1276,0.1128
2026-08-29 19:15:00,N014,0.2123,4.488,0.1098,0.1467
2026-08-29 19:20:00,N014,0.1989,4.4396,0.1107,0.1366
2026-08-29 19:25:00,N014,0.2029,4.5156,0.1149,0.1315
2026-08-29 19:30:00,N014,0.2089,4.3626,0.104,0.1279
2026-08-29 19:35:00,N014,0.1717,4.4639,0.1156,0.1375
2026-08-29 19:40:00,N014,0.1895,4.5813,0.1148,0.1343
2026-08-29 19:45:00,N014,0.2264,4.323,0.1245,0.1607
2026-08-29 19:50:00,N014,0.1966,4.4614,0.1304,0.1202
2026-08-29 19:55:00,N014,0.1701,4.5926,0.0969,0.1134
2026-08-29 20:00:00,N014,0.214,4.4168,0.1127,0.1329
2026-08-29 20:05:00,N014,0.1832,4.3157,0.1243,0.1171
2026-08-29 20:10:00,N014,0.1774,4.5415,0.1266,0.1146
2026-08-29 20:15:00,N014,0.1918,4.5243,0.1353,0.1158
2026-08-29 20:20:00,N014,0.2061,4.5385,0.1315,0.1208
2026-08-29 20:25:00,N014,0.1827,4.4179,0.1251,0.1476
2026-08-29 20:30:00,N014,0.1892,4.5728,0.117,0.122
2026-08-29 20:35:00,N014,0.2193,4.5707,0.1061,0.1119
2026-08-29 20:40:00,N014,0.2155,4.4988,0.1072,0.1083
2026-08-29 20:45:00,N014,0.2073,4.6039,0.1212,0.1578
2026-08-29 20:50:00,N014,0.2093,4.4581,0.1112,0.1062
2026-08-29 20:55:00,N014,0.202,4.4314,0.1411,0.1429
2026-08-29 21:00:00,N014,0.2066,4.3514,0.1129,0.1398
2026-08-29 21:05:00,N014,0.1888,4.6303,0.1267,0.1219
2026-08-29 21:10:00,N014,0.1868,4.4871,0.1233,0.1367
2026-08-29 21:15:00,N014,0.1841,4.4697,0.1215,0.1313
2026-08-29 21:20:00,N014,0.1839,4.346,0.1291,0.0987
2026-08-29 21:25:00,N014,0.2169,4.4881,0.1024,0.1143
2026-08-29 21:30:00,N014,0.2034,4.4456,0.1212,0.1327
2026-08-29 21:35:00,N014,0.1948,4.3999,0.1174,0.143
2026-08-29 21:40:00,N014,0.2232,4.2727,0.1341,0.1256
2026-08-29 21:45:00,N014,0.2119,4.4518,0.0998,0.1307
2026-08-29 21:50:00,N014,0.184,4.3541,0.1052,0.1311
2026-08-29 21:55:00,N014,0.2003,4.6173,0.129,0.1158
2026-08-29 22:00:00,N014,0.1973,4.4648,0.1185,0.1077
2026-08-29 22:05:00,N014,0.2043,4.658,0.1112,0.1416
2026-08-29 22:10:00,N014,0.2003,4.5607,0.1006,0.0954
2026-08-29 22:15:00,N014,0.2008,4.6293,0.1129,0.1476
2026-08-29 22:20:00,N014,0.2098,4.4283,0.1214,0.1598
2026-08-29 22:25:00,N014,0.1802,4.6035,0.1171,0.1334
2026-08-29 22:30:00,N014,0.218,4.4965,0.1344,0.1562
2026-08-29 22:35:00,N014,0.2001,4.6398,0.1139,0.1233
2026-08-29 22:40:00,N014,0.1965,4.6441,0.1354,0.1214
2026-08-29 22:45:00,N014,0.2223,4.7348,0.1311,0.1155
2026-08-29 22:50:00,N014,0.1902,4.4565,0.1324,0.1051
2026-08-29 22:55:00,N014,0.2097,4.427,0.1309,0.1237
2026-08-29 23:00:00,N014,0.2196,4.6965,0.1382,0.1454
2026-08-29 23:05:00,N014,0.2019,4.4233,0.1084,0.0923
2026-08-29 23:10:00,N014,0.1836,4.5734,0.1143,0.121
2026-08-29 23:15:00,N014,0.2073,4.5314,0.1075,0.123
2026-08-29 23:20:00,N014,0.1865,4.5382,0.1371,0.1199
2026-08-29 23:25:00,N014,0.2267,4.7452,0.114,0.1074
2026-08-29 23:30:00,N014,0.1994,4.7146,0.1151,0.1378
2026-08-29 23:35:00,N014,0.2185,4.4861,0.1129,0.1349
2026-08-29 23:40:00,N014,0.2027,4.4994,0.1168,0.1233
2026-08-29 23:45:00,N014,0.1771,4.6764,0.1152,0.0827
2026-08-29 23:50:00,N014,0.2003,4.4983,0.1412,0.1158
2026-08-29 23:55:00,N014,0.1843,4.651,0.1131,0.113
2026-08-29 00:00:00,N015,0.1639,3.5215,0.1566,0.0682
2026-08-29 00:05:00,N015,0.1858,3.3779,0.1613,0.0609
2026-08-29 00:10:00,N015,0.1915,3.2592,0.1473,0.0748
2026-08-29 00:15:00,N015,0.186,3.411,0.1555,0.0499
2026-08-29 00:20:00,N015,0.1658,3.2812,0.1716,0.0598
2026-08-29 00:25:00,N015,0.1832,3.264,0.143,0.0754
2026-08-29 00:30:00,N015,0.2074,3.3858,0.14,0.1141
2026-08-29 00:35:00,N015,0.1877,3.2646,0.1666,0.0659
2026-08-29 00:40:00,N015,0.2116,3.2322,0.1668,0.076
2026-08-29 00:45:00,N015,0.2061,3.5676,0.136,0.0922
2026-08-29 00:50:00,N015,0.1657,3.2165,0.14,0.0808
2026-08-29 00:55:00,N015,0.1874,3.3249,0.1514,0.0822
2026-08-29 01:00:00,N015,0.1971,3.4791,0.1715,0.0731
2026-08-29 01:05:00,N015,0.1793,3.4242,0.1359,0.0633
2026-08-29 01:10:00,N015,0.2022,3.3384,0.1351,0.0513
2026-08-29 01:15:00,N015,0.1881,3.4931,0.1632,0.0754
2026-08-29 01:20:00,N015,0.2176,3.3463,0.1479,0.0353
2026-08-29 01:25:00,N015,0.1809,3.4639,0.1684,0.0615
2026-08-29 01:30:00,N015,0.1946,3.4901,0.1497,0.0398
2026-08-29 01:35:00,N015,0.1915,3.4586,0.1382,0.0703
2026-08-29 01:40:00,N015,0.1705,3.0616,0.1619,0.0742
2026-08-29 01:45:00,N015,0.2119,3.4756,0.1454,0.0731
2026-08-29 01:50:00,N015,0.1966,3.4916,0.1535,0.091
2026-08-29 01:55:00,N015,0.1837,3.2587,0.1488,0.0776
2026-08-29 02:00:00,N015,0.1703,3.2207,0.155,0.0686
2026-08-29 02:05:00,N015,0.1859,3.3407,0.1679,0.0937
2026-08-29 02:10:00,N015,0.1699,3.3227,0.1598,0.0839
2026-08-29 02:15:00,N015,0.188,3.2529,0.1414,0.0672
2026-08-29 02:20:00,N015,0.1929,3.5967,0.1414,0.0597
2026-08-29 02:25:00,N015,0.1872,3.5188,0.1322,0.097
2026-08-29 02:30:00,N015,0.1863,3.3096,0.1304,0.0859
2026-08-29 02:35:00,N015,0.1865,3.421,0.1388,0.0706
2026-08-29 02:40:00,N015,0.1818,3.3912,0.1416,0.0525
2026-08-29 02:45:00,N015,0.2302,3.2425,0.1518,0.049
2026-08-29 02:50:00,N015,0.1594,3.4206,0.1517,0.0946
2026-08-29 02:55:00,N015,0.1954,3.3937,0.1382,0.0983
2026-08-29 03:00:00,N015,0.2035,3.2649,0.1501,0.0781
2026-08-29 03:05:00,N015,0.1845,3.5098,0.1596,0.0732
2026-08-29 03:10:00,N015,0.1855,3.5999,0.1608,0.0772
2026-08-29 03:15:00,N015,0.1654,3.464,0.158,0.0349
2026-08-29 03:20:00,N015,0.1937,3.3755,0.147,0.0627
2026-08-29 03:25:00,N015,0.1878,3.5954,0.1443,0.0909
2026-08-29 03:30:00,N015,0.1781,3.5221,0.1496,0.0818
2026-08-29 03:35:00,N015,0.1904,3.5109,0.1188,0.0554
2026-08-29 03:40:00,N015,0.1966,3.1914,0.1432,0.0759
2026-08-29 03:45:00,N015,0.1781,3.3564,0.1529,0.092
2026-08-29 03:50:00,N015,0.1762,3.3732,0.1408,0.0406
2026-08-29 03:55:00,N015,0.1928,3.5571,0.1618,0.064
2026-08-29 04:00:00,N015,0.172,3.4504,0.1596,0.0795
2026-08-29 04:05:00,N015,0.1952,3.5876,0.1407,0.074
2026-08-29 04:10:00,N015,0.2155,3.4297,0.1344,0.0673
2026-08-29 04:15:00,N015,0.177,3.499,0.1389,0.0815
2026-08-29 04:20:00,N015,0.1802,3.2041,0.1533,0.0798
2026-08-29 04:25:00,N015,0.1991,3.3809,0.1403,0.0837
2026-08-29 04:30:00,N015,0.2142,3.4658,0.1547,0.073
2026-08-29 04:35:00,N015,0.1684,3.5833,0.1605,0.0886
2026-08-29 04:40:00,N015,0.1889,3.5416,0.1603,0.1023
2026-08-29 04:45:00,N015,0.2066,3.4804,0.1339,0.0804
2026-08-29 04:50:00,N015,0.1957,3.5606,0.1659,0.0768
2026-08-29 04:55:00,N015,0.2235,3.2672,0.1546,0.0663
2026-08-29 05:00:00,N015,0.1634,3.4569,0.1321,0.076
2026-08-29 05:05:00,N015,0.1927,3.6181,0.1315,0.0921
2026-08-29 05:10:00,N015,0.1937,3.6101,0.1444,0.0586
2026-08-29 05:15:00,N015,0.1741,3.3344,0.1553,0.1009
2026-08-29 05:20:00,N015,0.184,3.5677,0.1313,0.0815
2026-08-29 05:25:00,N015,0.2026,3.3212,0.1472,0.0897
2026-08-29 05:30:00,N015,0.1487,3.658,0.1539,0.0898
2026-08-29 05:35:00,N015,0.1866,3.2938,0.156,0.0779
2026-08-29 05:40:00,N015,0.1934,3.6338,0.1588,0.1081
2026-08-29 05:45:00,N015,0.1953,3.4231,0.1473,0.0856
2026-08-29 05:50:00,N015,0.2083,3.3328,0.1497,0.1036
2026-08-29 05:55:00,N015,0.1896,3.6234,0.1555,0.0939
2026-08-29 06:00:00,N015,0.1811,3.4178,0.1499,0.0567
2026-08-29 06:05:00,N015,0.1893,3.5475,0.171,0.0858
2026-08-29 06:10:00,N015,0.2029,3.6597,0.138,0.0774
2026-08-29 06:15:00,N015,0.23,3.5133,0.163,0.0944
2026-08-29 06:20:00,N015,0.1715,3.5628,0.1514,0.085
2026-08-29 06:25:00,N015,0.1825,3.3943,0.1439,0.0787
2026-08-29 06:30:00,N015,0.2117,3.7492,0.1664,0.0932
2026-08-29 06:35:00,N015,0.179,3.4848,0.1521,0.0709
2026-08-29 06:40:00,N015,0.2028,3.6231,0.156,0.0959
2026-08-29 06:45:00,N015,0.1807,3.6514,0.1413,0.0665
2026-08-29 06:50:00,N015,0.2023,3.6881,0.1555,0.081
2026-08-29 06:55:00,N015,0.1991,3.5614,0.1361,0.0622
2026-08-29 07:00:00,N015,0.1934,3.5573,0.1497,0.0911
2026-08-29 07:05:00,N015,0.1914,3.6181,0.1479,0.1084
2026-08-29 07:10:00,N015,0.196,3.8342,0.1538,0.0779
2026-08-29 07:15:00,N015,0.1814,3.3829,0.1377,0.068
2026-08-29 07:20:00,N015,0.2009,3.4957,0.1519,0.1006
2026-08-29 07:25:00,N015,0.1937,3.8111,0.1355,0.0792
2026-08-29 07:30:00,N015,0.1871,3.6768,0.1227,0.0599
2026-08-29 07:35:00,N015,0.1937,3.7534,0.1523,0.0614
2026-08-29 07:40:00,N015,0.1774,3.7707,0.1422,0.0676
2026-08-29 07:45:00,N015,0.2176,3.6941,0.1649,0.0676
2026-08-29 07:50:00,N015,0.1727,3.5915,0.1536,0.0874
2026-08-29 07:55:00,N015,0.2179,3.3703,0.1599,0.0656
2026-08-29 08:00:00,N015,0.2086,3.5241,0.1398,0.073
2026-08-29 08:05:00,N015,0.1742,3.5887,0.1403,0.0941
2026-08-29 08:10:00,N015,0.2056,3.7892,0.154,0.0902
2026-08-29 08:15:00,N015,0.2171,3.5141,0.1318,0.0855
2026-08-29 08:20:00,N015,0.1749,3.8867,0.1671,0.115
2026-08-29 08:25:00,N015,0.1972,3.6611,0.1441,0.0959
2026-08-29 08:30:00,N015,0.1782,3.2926,0.1401,0.061
2026-08-29 08:35:00,N015,0.2187,3.8184,0.1328,0.1023
2026-08-29 08:40:00,N015,0.2109,3.4149,0.1449,0.0743
2026-08-29 08:45:00,N015,0.2079,3.4586,0.1484,0.0728
2026-08-29 08:50:00,N015,0.2039,3.5829,0.1432,0.08
2026-08-29 08:55:00,N015,0.2275,3.5616,0.1371,0.0921
2026-08-29 09:00:00,N015,0.1949,3.4446,0.1764,0.0781
2026-08-29 09:05:00,N015,0.1915,3.6364,0.1704,0.0583
2026-08-29 09:10:00,N015,0.2014,3.8705,0.1512,0.0651
2026-08-29 09:15:00,N015,0.1881,3.6476,0.1656,0.0786
2026-08-29 09:20:00,N015,0.2099,3.4533,0.1323,0.0766
2026-08-29 09:25:00,N015,0.2191,3.6366,0.1531,0.0881
2026-08-29 09:30:00,N015,0.2143,3.5579,0.1579,0.0716
2026-08-29 09:35:00,N015,0.2275,3.5378,0.139,0.0924
2026-08-29 09:40:00,N015,0.1991,3.6759,0.1523,0.0679
2026-08-29 09:45:00,N015,0.2222,3.7467,0.1659,0.0764
2026-08-29 09:50:00,N015,0.2043,3.6659,0.1631,0.1019
2026-08-29 09:55:00,N015,0.2011,3.4628,0.171,0.0929
2026-08-29 10:00:00,N015,0.1892,3.6965,0.1315,0.1005
2026-08-29 10:05:00,N015,0.1763,3.624,0.1525,0.1004
2026-08-29 10:10:00,N015,0.2001,3.7295,0.1493,0.0844
2026-08-29 10:15:00,N015,0.1999,3.6334,0.1294,0.0735
2026-08-29 10:20:00,N015,0.2024,3.629,0.1477,0.0802
2026-08-29 10:25:00,N015,0.1859,3.6025,0.1459,0.0853
2026-08-29 10:30:00,N015,0.2048,3.6428,0.1373,0.0643
2026-08-29 10:35:00,N015,0.238,3.5316,0.1434,0.0932
2026-08-29 10:40:00,N015,0.2045,3.7325,0.1443,0.0891
2026-08-29 10:45:00,N015,0.2001,3.6353,0.1526,0.1014
2026-08-29 10:50:00,N015,0.199,3.6737,0.1624,0.1001
2026-08-29 10:55:00,N015,0.2232,3.4676,0.1605,0.0948
2026-08-29 11:00:00,N015,0.1863,3.7113,0.1622,0.0735
2026-08-29 11:05:00,N015,0.2063,3.7884,0.1368,0.0839
2026-08-29 11:10:00,N015,0.2043,3.5911,0.1391,0.0841
2026-08-29 11:15:00,N015,0.2119,3.7667,0.1393,0.096
2026-08-29 11:20:00,N015,0.1874,3.499,0.1452,0.1032
2026-08-29 11:25:00,N015,0.2099,3.6948,0.1446,0.0806
2026-08-29 11:30:00,N015,0.2018,3.5695,0.1454,0.0833
2026-08-29 11:35:00,N015,0.18,3.5999,0.1545,0.0868
2026-08-29 11:40:00,N015,0.1957,3.5939,0.1685,0.0742
2026-08-29 11:45:00,N015,0.2043,3.6475,0.15,0.0937
2026-08-29 11:50:00,N015,0.18,3.7081,0.1639,0.1134
2026-08-29 11:55:00,N015,0.1987,3.7167,0.1761,0.1041
2026-08-29 12:00:00,N015,0.1915,3.6401,0.1611,0.072
2026-08-29 12:05:00,N015,0.2172,3.7573,0.1558,0.0834
2026-08-29 12:10:00,N015,0.1916,3.8954,0.1466,0.0812
2026-08-29 12:15:00,N015,0.1999,3.7459,0.1372,0.079
2026-08-29 12:20:00,N015,0.1919,3.827,0.139,0.0612
2026-08-29 12:25:00,N015,0.1718,3.5519,0.1659,0.0879
2026-08-29 12:30:00,N015,0.2089,3.7955,0.1503,0.0867
2026-08-29 12:35:00,N015,0.2172,3.7514,0.1664,0.0972
2026-08-29 12:40:00,N015,0.1924,3.677,0.1409,0.1063
2026-08-29 12:45:00,N015,0.1957,3.6436,0.1534,0.0866
2026-08-29 12:50:00,N015,0.2063,3.969,0.1606,0.0886
2026-08-29 12:55:00,N015,0.1808,3.685,0.1581,0.0707
2026-08-29 13:00:00,N015,0.2342,3.7495,0.1502,0.0784
2026-08-29 13:05:00,N015,0.2096,3.6116,0.1756,0.1083
2026-08-29 13:10:00,N015,0.217,3.5865,0.1521,0.1068
2026-08-29 13:15:00,N015,0.2112,3.6358,0.1418,0.082
2026-08-29 13:20:00,N015,0.1934,3.9423,0.1266,0.0987
2026-08-29 13:25:00,N015,0.1832,3.6463,0.1255,0.0807
2026-08-29 13:30:00,N015,0.2253,3.7962,0.1352,0.1043
2026-08-29 13:35:00,N015,0.2212,3.7797,0.174,0.1015
2026-08-29 13:40:00,N015,0.2131,3.6736,0.1571,0.0925
2026-08-29 13:45:00,N015,0.2108,3.6906,0.1511,0.0771
2026-08-29 13:50:00,N015,0.1709,3.8953,0.1316,0.0911
2026-08-29 13:55:00,N015,0.2082,3.8175,0.1462,0.0936
2026-08-29 14:00:00,N015,0.2104,3.8693,0.1704,0.0932
2026-08-29 14:05:00,N015,0.2044,3.6751,0.1548,0.0998
2026-08-29 14:10:00,N015,0.2006,3.852,0.1461,0.0999
2026-08-29 14:15:00,N015,0.2173,3.8973,0.151,0.0744
2026-08-29 14:20:00,N015,0.1945,3.8636,0.179,0.085
2026-08-29 14:25:00,N015,0.2106,3.7283,0.1379,0.08
2026-08-29 14:30:00,N015,0.1727,3.9602,0.1228,0.0863
2026-08-29 14:35:00,N015,0.1863,3.6944,0.1661,0.0934
2026-08-29 14:40:00,N015,0.1896,3.7326,0.1404,0.0898
2026-08-29 14:45:00,N015,0.2068,4.0336,0.1266,0.0901
2026-08-29 14:50:00,N015,0.1996,3.9225,0.1539,0.0996
2026-08-29 14:55:00,N015,0.2096,3.6998,0.1641,0.1028
2026-08-29 15:00:00,N015,0.2183,3.9661,0.1546,0.1131
2026-08-29 15:05:00,N015,0.2103,3.7909,0.1495,0.0907
2026-08-29 15:10:00,N015,0.197,4.0158,0.1532,0.0925
2026-08-29 15:15:00,N015,0.2107,4.1803,0.136,0.0786
2026-08-29 15:20:00,N015,0.1842,3.7976,0.1526,0.0844
2026-08-29 15:25:00,N015,0.197,3.8454,0.1436,0.0961
2026-08-29 15:30:00,N015,0.2219,3.9123,0.1602,0.1078
2026-08-29 15:35:00,N015,0.2095,3.8148,0.1403,0.0858
2026-08-29 15:40:00,N015,0.1975,3.9244,0.1538,0.1022
2026-08-29 15:45:00,N015,0.1881,4.0112,0.1445,0.0754
2026-08-29 15:50:00,N015,0.199,4.1403,0.145,0.0871
2026-08-29 15:55:00,N015,0.2028,3.8271,0.1402,0.0942
2026-08-29 16:00:00,N015,0.2219,3.8855,0.1363,0.087
2026-08-29 16:05:00,N015,0.1976,3.8569,0.1656,0.09
2026-08-29 16:10:00,N015,0.2047,4.0666,0.1601,0.101
2026-08-29 16:15:00,N015,0.2355,3.9149,0.1258,0.105
2026-08-29 16:20:00,N015,0.1823,3.9131,0.129,0.0856
2026-08-29 16:25:00,N015,0.2009,3.7692,0.1454,0.1082
2026-08-29 16:30:00,N015,0.1957,3.9298,0.138,0.09
2026-08-29 16:35:00,N015,0.2114,3.7476,0.1339,0.1003
2026-08-29 16:40:00,N015,0.2235,3.8605,0.1441,0.0953
2026-08-29 16:45:00,N015,0.2076,3.9019,0.1193,0.0771
2026-08-29 16:50:00,N015,0.1942,3.8936,0.1518,0.1028
2026-08-29 16:55:00,N015,0.2108,3.7222,0.167,0.1124
2026-08-29 17:00:00,N015,0.1882,3.921,0.1425,0.0955
2026-08-29 17:05:00,N015,0.2229,4.1395,0.1586,0.0979
2026-08-29 17:10:00,N015,0.2022,3.9085,0.1659,0.093
2026-08-29 17:15:00,N015,0.1941,3.6951,0.1558,0.0974
2026-08-29 17:20:00,N015,0.1978,4.0153,0.1445,0.0918
2026-08-29 17:25:00,N015,0.2073,3.8529,0.1524,0.1112
2026-08-29 17:30:00,N015,0.1905,3.9564,0.1517,0.0964
2026-08-29 17:35:00,N015,0.2208,3.9065,0.1554,0.1049
2026-08-29 17:40:00,N015,0.2003,3.9392,0.1466,0.0923
2026-08-29 17:45:00,N015,0.2031,3.9626,0.1506,0.1003
2026-08-29 17:50:00,N015,0.2078,3.7164,0.15,0.0954
2026-08-29 17:55:00,N015,0.2118,3.8404,0.1353,0.1039
2026-08-29 18:00:00,N015,0.2042,3.935,0.1462,0.0946
2026-08-29 18:05:00,N015,0.2017,3.801,0.1553,0.0857
2026-08-29 18:10:00,N015,0.211,3.9692,0.1426,0.0768
2026-08-29 18:15:00,N015,0.245,3.8594,0.1571,0.1241
2026-08-29 18:20:00,N015,0.2206,3.8895,0.1488,0.0826
2026-08-29 18:25:00,N015,0.222,3.9963,0.1434,0.0796
2026-08-29 18:30:00,N015,0.1891,4.0495,0.1511,0.0985
2026-08-29 18:35:00,N015,0.1967,3.7583,0.1612,0.096
2026-08-29 18:40:00,N015,0.2227,3.8903,0.1468,0.1062
2026-08-29 18:45:00,N015,0.2202,4.0351,0.1461,0.1048
2026-08-29 18:50:00,N015,0.226,3.9296,0.1434,0.1159
2026-08-29 18:55:00,N015,0.1996,4.0205,0.1489,0.0682
2026-08-29 19:00:00,N015,0.2265,3.6168,0.1258,0.1038
2026-08-29 19:05:00,N015,0.2176,3.874,0.1514,0.0581
2026-08-29 19:10:00,N015,0.2204,3.9833,0.1491,0.0964
2026-08-29 19:15:00,N015,0.2173,3.9526,0.1271,0.1292
2026-08-29 19:20:00,N015,0.228,3.8047,0.1455,0.0928
2026-08-29 19:25:00,N015,0.2262,3.7025,0.1436,0.07
2026-08-29 19:30:00,N015,0.2059,3.9077,0.1506,0.0875
2026-08-29 19:35:00,N015,0.199,4.0416,0.1551,0.1049
2026-08-29 19:40:00,N015,0.2077,3.9014,0.1482,0.1043
2026-08-29 19:45:00,N015,0.1778,4.0201,0.1533,0.0978
2026-08-29 19:50:00,N015,0.2083,3.6676,0.1443,0.1238
2026-08-29 19:55:00,N015,0.2109,3.9414,0.1498,0.1024
2026-08-29 20:00:00,N015,0.2207,3.9536,0.1547,0.1223
2026-08-29 20:05:00,N015,0.226,4.2647,0.1417,0.1224
2026-08-29 20:10:00,N015,0.1991,4.0291,0.1584,0.0897
2026-08-29 20:15:00,N015,0.2124,4.0987,0.1411,0.1225
2026-08-29 20:20:00,N015,0.1904,4.225,0.1616,0.0962
2026-08-29 20:25:00,N015,0.2053,3.9341,0.148,0.097
2026-08-29 20:30:00,N015,0.2302,4.234,0.152,0.0851
2026-08-29 20:35:00,N015,0.2033,3.9786,0.1372,0.0802
2026-08-29 20:40:00,N015,0.2431,4.0396,0.1396,0.1103
2026-08-29 20:45:00,N015,0.1941,3.8746,0.14,0.1229
2026-08-29 20:50:00,N015,0.208,3.7159,0.1641,0.0936
2026-08-29 20:55:00,N015,0.1842,3.9736,0.1559,0.1044
2026-08-29 21:00:00,N015,0.239,3.9121,0.1502,0.0879
2026-08-29 21:05:00,N015,0.189,4.1235,0.1552,0.1028
2026-08-29 21:10:00,N015,0.2187,3.9377,0.1375,0.0992
2026-08-29 21:15:00,N015,0.2298,4.2157,0.1592,0.0992
2026-08-29 21:20:00,N015,0.2165,4.0269,0.1373,0.0992
2026-08-29 21:25:00,N015,0.1925,4.0134,0.1692,0.1113
2026-08-29 21:30:00,N015,0.1988,4.0224,0.1396,0.0981
2026-08-29 21:35:00,N015,0.2284,4.1122,0.1794,0.117
2026-08-29 21:40:00,N015,0.2159,4.1179,0.1472,0.0823
2026-08-29 21:45:00,N015,0.2326,4.1605,0.1467,0.1035
2026-08-29 21:50:00,N015,0.2317,4.1438,0.1321,0.1031
2026-08-29 21:55:00,N015,0.2107,4.1785,0.162,0.1193
2026-08-29 22:00:00,N015,0.1965,3.9537,0.163,0.0908
2026-08-29 22:05:00,N015,0.1906,4.1144,0.143,0.1266
2026-08-29 22:10:00,N015,0.2179,4.0725,0.1452,0.1237
2026-08-29 22:15:00,N015,0.219,4.0071,0.1401,0.0989
2026-08-29 22:20:00,N015,0.199,4.1823,0.1279,0.098
2026-08-29 22:25:00,N015,0.223,4.1027,0.141,0.1101
2026-08-29 22:30:00,N015,0.2006,4.0617,0.1574,0.1072
2026-08-29 22:35:00,N015,0.2039,4.2109,0.1507,0.1115
2026-08-29 22:40:00,N015,0.2371,4.2041,0.1631,0.1034
2026-08-29 22:45:00,N015,0.2261,4.0984,0.1351,0.1051
2026-08-29 22:50:00,N015,0.2182,4.1456,0.1481,0.0893
2026-08-29 22:55:00,N015,0.2243,3.9207,0.1671,0.0973
2026-08-29 23:00:00,N015,0.2182,4.1481,0.1567,0.0798
2026-08-29 23:05:00,N015,0.227,4.1202,0.142,0.0898
2026-08-29 23:10:00,N015,0.2097,3.9308,0.1703,0.1234
2026-08-29 23:15:00,N015,0.2216,4.0626,0.1472,0.1126
2026-08-29 23:20:00,N015,0.2413,4.0238,0.1362,0.1245
2026-08-29 23:25:00,N015,0.1883,3.974,0.1466,0.078
2026-08-29 23:30:00,N015,0.2318,4.2006,0.1427,0.1207
2026-08-29 23:35:00,N015,0.237,4.087,0.1442,0.1355
2026-08-29 23:40:00,N015,0.2262,4.1341,0.166,0.1063
2026-08-29 23:45:00,N015,0.2079,4.1157,0.1621,0.072
2026-08-29 23:50:00,N015,0.2113,4.2748,0.1435,0.1252
2026-08-29 23:55:00,N015,0.2369,4.1038,0.1428,0.0978
2026-08-29 00:00:00,N016,0.2559,2.9846,0.1372,0.1011
2026-08-29 00:05:00,N016,0.2355,3.07,0.1517,0.0706
2026-08-29 00:10:00,N016,0.2667,3.2281,0.1291,0.1231
2026-08-29 00:15:00,N016,0.244,3.1189,0.1321,0.0932
2026-08-29 00:20:00,N016,0.2452,3.1525,0.146,0.0969
2026-08-29 00:25:00,N016,0.2342,3.1199,0.1409,0.0947
2026-08-29 00:30:00,N016,0.2827,2.8866,0.1092,0.0871
2026-08-29 00:35:00,N016,0.2654,2.9503,0.124,0.1125
2026-08-29 00:40:00,N016,0.2618,3.1251,0.1452,0.0919
2026-08-29 00:45:00,N016,0.2493,3.1798,0.1197,0.0663
2026-08-29 00:50:00,N016,0.2486,3.1971,0.1389,0.1114
2026-08-29 00:55:00,N016,0.225,3.126,0.1436,0.0783
2026-08-29 01:00:00,N016,0.2682,3.0775,0.1727,0.0661
2026-08-29 01:05:00,N016,0.2759,3.0464,0.1164,0.0909
2026-08-29 01:10:00,N016,0.2597,3.221,0.1565,0.1203
2026-08-29 01:15:00,N016,0.2411,3.2349,0.1405,0.0892
2026-08-29 01:20:00,N016,0.2525,3.0169,0.1362,0.0882
2026-08-29 01:25:00,N016,0.2404,3.1623,0.1433,0.0964
2026-08-29 01:30:00,N016,0.2764,3.0763,0.1322,0.1092
2026-08-29 01:35:00,N016,0.254,3.1205,0.1056,0.0997
2026-08-29 01:40:00,N016,0.2287,2.9666,0.1198,0.0839
2026-08-29 01:45:00,N016,0.248,3.0575,0.1438,0.103
2026-08-29 01:50:00,N016,0.2278,3.1287,0.1396,0.0948
2026-08-29 01:55:00,N016,0.2555,3.1443,0.145,0.0762
2026-08-29 02:00:00,N016,0.2529,3.3053,0.1528,0.1127
2026-08-29 02:05:00,N016,0.2647,3.3256,0.1588,0.0981
2026-08-29 02:10:00,N016,0.2422,3.0974,0.173,0.0766
2026-08-29 02:15:00,N016,0.2498,2.9631,0.1373,0.0822
2026-08-29 02:20:00,N016,0.2553,2.9014,0.1432,0.1187
2026-08-29 02:25:00,N016,0.2513,3.1219,0.1338,0.1032
2026-08-29 02:30:00,N016,0.2566,3.2331,0.1506,0.0884
2026-08-29 02:35:00,N016,0.2526,3.2519,0.1187,0.0711
2026-08-29 02:40:00,N016,0.2608,3.206,0.1271,0.0921
2026-08-29 02:45:00,N016,0.2461,3.0452,0.1441,0.0832
2026-08-29 02:50:00,N016,0.2536,3.0434,0.1183,0.1141
2026-08-29 02:55:00,N016,0.2499,3.1774,0.1177,0.09
2026-08-29 03:00:00,N016,0.2691,3.4681,0.1121,0.0982
2026-08-29 03:05:00,N016,0.2641,3.0864,0.146,0.0883
2026-08-29 03:10:00,N016,0.2603,3.1005,0.1504,0.0913
2026-08-29 03:15:00,N016,0.2528,3.2794,0.1235,0.1026
2026-08-29 03:20:00,N016,0.2309,3.0381,0.1404,0.0868
2026-08-29 03:25:00,N016,0.2502,3.2306,0.1289,0.1141
2026-08-29 03:30:00,N016,0.2617,3.2265,0.1507,0.1066
2026-08-29 03:35:00,N016,0.2816,3.2864,0.1295,0.1213
2026-08-29 03:40:00,N016,0.2626,3.1324,0.1391,0.1187
2026-08-29 03:45:00,N016,0.2656,3.4013,0.1488,0.11
2026-08-29 03:50:00,N016,0.2435,3.1638,0.1367,0.1127
2026-08-29 03:55:00,N016,0.2685,3.2085,0.1372,0.1132
2026-08-29 04:00:00,N016,0.2462,3.3944,0.1112,0.1243
2026-08-29 04:05:00,N016,0.2585,3.314,0.1402,0.1078
2026-08-29 04:10:00,N016,0.2676,3.2936,0.1319,0.1182
2026-08-29 04:15:00,N016,0.2431,3.1986,0.1458,0.1177
2026-08-29 04:20:00,N016,0.2664,3.1548,0.1466,0.0928
2026-08-29 04:25:00,N016,0.2858,3.1947,0.1173,0.0851
2026-08-29 04:30:00,N016,0.2603,3.2244,0.1594,0.0875
2026-08-29 04:35:00,N016,0.2604,3.0832,0.1299,0.1285
2026-08-29 04:40:00,N016,0.2428,3.2836,0.1405,0.1029
2026-08-29 04:45:00,N016,0.2678,3.0767,0.1557,0.1323
2026-08-29 04:50:00,N016,0.2608,3.5095,0.131,0.1095
2026-08-29 04:55:00,N016,0.2817,3.1664,0.1192,0.0794
2026-08-29 05:00:00,N016,0.2912,3.1608,0.1336,0.087
2026-08-29 05:05:00,N016,0.2746,3.1332,0.1299,0.1083
2026-08-29 05:10:00,N016,0.2445,3.2084,0.1526,0.1103
2026-08-29 05:15:00,N016,0.2626,3.2584,0.1311,0.134
2026-08-29 05:20:00,N016,0.2485,3.2607,0.1372,0.1193
2026-08-29 05:25:00,N016,0.2774,3.2343,0.1393,0.1092
2026-08-29 05:30:00,N016,0.2268,3.0502,0.1285,0.0959
2026-08-29 05:35:00,N016,0.243,3.3337,0.1358,0.1012
2026-08-29 05:40:00,N016,0.2423,3.2411,0.1043,0.1021
2026-08-29 05:45:00,N016,0.2622,3.2783,0.117,0.108
2026-08-29 05:50:00,N016,0.2457,3.1545,0.1444,0.135
2026-08-29 05:55:00,N016,0.2622,3.1568,0.1381,0.1189
2026-08-29 06:00:00,N016,0.2709,3.5868,0.1272,0.1087
2026-08-29 06:05:00,N016,0.2849,3.4387,0.1124,0.105
2026-08-29 06:10:00,N016,0.284,3.61,0.1442,0.0997
2026-08-29 06:15:00,N016,0.2467,3.5322,0.1445,0.0926
2026-08-29 06:20:00,N016,0.2589,3.3059,0.1423,0.0919
2026-08-29 06:25:00,N016,0.2529,3.0731,0.1483,0.1004
2026-08-29 06:30:00,N016,0.2692,3.4449,0.1384,0.1039
2026-08-29 06:35:00,N016,0.2652,3.2846,0.1508,0.1104
2026-08-29 06:40:00,N016,0.2542,3.4056,0.1506,0.0857
2026-08-29 06:45:00,N016,0.2855,3.3264,0.1392,0.121
2026-08-29 06:50:00,N016,0.2541,3.3999,0.1313,0.0839
2026-08-29 06:55:00,N016,0.2477,3.3562,0.1245,0.1303
2026-08-29 07:00:00,N016,0.2806,3.4509,0.1373,0.1101
2026-08-29 07:05:00,N016,0.245,3.4132,0.1404,0.1148
2026-08-29 07:10:00,N016,0.2883,3.2238,0.1343,0.1113
2026-08-29 07:15:00,N016,0.2491,3.2767,0.1417,0.1016
2026-08-29 07:20:00,N016,0.2829,3.1207,0.1493,0.1165
2026-08-29 07:25:00,N016,0.2548,3.1939,0.1108,0.0948
2026-08-29 07:30:00,N016,0.2791,3.3009,0.1498,0.0975
2026-08-29 07:35:00,N016,0.2741,3.2243,0.1242,0.1053
2026-08-29 07:40:00,N016,0.2537,3.128,0.1336,0.1086
2026-08-29 07:45:00,N016,0.2828,3.4283,0.1504,0.118
2026-08-29 07:50:00,N016,0.2688,3.1712,0.1376,0.1162
2026-08-29 07:55:00,N016,0.2858,3.4038,0.1507,0.0919
2026-08-29 08:00:00,N016,0.2592,3.3758,0.1497,0.1053
2026-08-29 08:05:00,N016,0.2629,3.4095,0.1223,0.1317
2026-08-29 08:10:00,N016,0.2511,3.0996,0.1359,0.1332
2026-08-29 08:15:00,N016,0.2732,3.4227,0.1363,0.1055
2026-08-29 08:20:00,N016,0.2413,3.0642,0.1382,0.1276
2026-08-29 08:25:00,N016,0.2697,3.413,0.1548,0.1129
2026-08-29 08:30:00,N016,0.2628,3.2427,0.1601,0.116
2026-08-29 08:35:00,N016,0.2506,3.2032,0.1508,0.0926
2026-08-29 08:40:00,N016,0.2927,3.0157,0.1529,0.1156
2026-08-29 08:45:00,N016,0.2668,3.3282,0.1585,0.119
2026-08-29 08:50:00,N016,0.2515,3.1458,0.1379,0.1085
2026-08-29 08:55:00,N016,0.2424,3.3482,0.1289,0.1088
2026-08-29 09:00:00,N016,0.2762,3.5367,0.1467,0.0979
2026-08-29 09:05:00,N016,0.2709,3.3679,0.1198,0.1148
2026-08-29 09:10:00,N016,0.2934,3.367,0.1167,0.1094
2026-08-29 09:15:00,N016,0.2474,3.4696,0.1421,0.1065
2026-08-29 09:20:00,N016,0.2608,3.3432,0.1359,0.0975
2026-08-29 09:25:00,N016,0.245,3.5081,0.1312,0.1117
2026-08-29 09:30:00,N016,0.2702,3.4129,0.1217,0.0842
2026-08-29 09:35:00,N016,0.2572,3.4245,0.1271,0.1041
2026-08-29 09:40:00,N016,0.298,3.1584,0.1267,0.138
2026-08-29 09:45:00,N016,0.2656,3.2979,0.1498,0.1105
2026-08-29 09:50:00,N016,0.2611,3.4085,0.1279,0.0945
2026-08-29 09:55:00,N016,0.2647,3.2668,0.1359,0.1152
2026-08-29 10:00:00,N016,0.2793,3.5263,0.1309,0.1175
2026-08-29 10:05:00,N016,0.274,3.433,0.13,0.0946
2026-08-29 10:10:00,N016,0.2743,3.1917,0.1326,0.0719
2026-08-29 10:15:00,N016,0.2468,3.294,0.149,0.1206
2026-08-29 10:20:00,N016,0.2587,3.4896,0.1465,0.108
2026-08-29 10:25:00,N016,0.2463,3.3799,0.1346,0.092
2026-08-29 10:30:00,N016,0.2727,3.4412,0.1411,0.1148
2026-08-29 10:35:00,N016,0.2782,3.3888,0.1382,0.1047
2026-08-29 10:40:00,N016,0.2586,3.5737,0.1113,0.124
2026-08-29 10:45:00,N016,0.2582,3.3259,0.1389,0.0886
2026-08-29 10:50:00,N016,0.2554,3.3168,0.1331,0.0989
2026-08-29 10:55:00,N016,0.2917,3.6371,0.1115,0.1193
2026-08-29 11:00:00,N016,0.2807,3.4894,0.1279,0.1076
2026-08-29 11:05:00,N016,0.2567,3.3766,0.1213,0.1096
2026-08-29 11:10:00,N016,0.2455,3.4058,0.1208,0.1145
2026-08-29 11:15:00,N016,0.2579,3.4675,0.1488,0.1354
2026-08-29 11:20:00,N016,0.2303,3.3353,0.1322,0.1185
2026-08-29 11:25:00,N016,0.2436,3.3203,0.1374,0.113
2026-08-29 11:30:00,N016,0.2741,3.4942,0.1399,0.1147
2026-08-29 11:35:00,N016,0.2694,3.5235,0.1089,0.1351
2026-08-29 11:40:00,N016,0.2356,3.317,0.1331,0.1221
2026-08-29 11:45:00,N016,0.2238,3.4459,0.1453,0.1271
2026-08-29 11:50:00,N016,0.2584,3.4159,0.1284,0.1064
2026-08-29 11:55:00,N016,0.2535,3.3481,0.141,0.1143
2026-08-29 12:00:00,N016,0.2764,3.4833,0.1443,0.1256
2026-08-29 12:05:00,N016,0.243,3.3578,0.133,0.1122
2026-08-29 12:10:00,N016,0.2592,3.5726,0.1596,0.1155
2026-08-29 12:15:00,N016,0.2706,3.5679,0.1134,0.1132
2026-08-29 12:20:00,N016,0.2842,3.3915,0.1211,0.1101
2026-08-29 12:25:00,N016,0.2687,3.3624,0.161,0.1058
2026-08-29 12:30:00,N016,0.2524,3.463,0.1467,0.1134
2026-08-29 12:35:00,N016,0.2771,3.3725,0.1537,0.1216
2026-08-29 12:40:00,N016,0.2856,3.5236,0.1457,0.1002
2026-08-29 12:45:00,N016,0.2626,3.6442,0.1545,0.0962
2026-08-29 12:50:00,N016,0.2738,3.4337,0.1274,0.1178
2026-08-29 12:55:00,N016,0.2873,3.5423,0.132,0.1213
2026-08-29 13:00:00,N016,0.2649,3.5404,0.1526,0.0826
2026-08-29 13:05:00,N016,0.2824,3.309,0.1505,0.1043
2026-08-29 13:10:00,N016,0.2522,3.5799,0.1402,0.0989
2026-08-29 13:15:00,N016,0.2518,3.4768,0.1214,0.0981
2026-08-29 13:20:00,N016,0.2725,3.3861,0.1409,0.1365
2026-08-29 13:25:00,N016,0.2686,3.5204,0.16,0.0964
2026-08-29 13:30:00,N016,0.2888,3.6361,0.1461,0.1337
2026-08-29 13:35:00,N016,0.2752,3.4404,0.1489,0.1314
2026-08-29 13:40:00,N016,0.2877,3.5185,0.1272,0.1174
2026-08-29 13:45:00,N016,0.2854,3.6388,0.1306,0.1194
2026-08-29 13:50:00,N016,0.2517,3.6369,0.1264,0.1265
2026-08-29 13:55:00,N016,0.2542,3.6452,0.1397,0.1031
2026-08-29 14:00:00,N016,0.2819,3.4534,0.1448,0.1109
2026-08-29 14:05:00,N016,0.2458,3.4091,0.1306,0.1356
2026-08-29 14:10:00,N016,0.2853,3.7247,0.1556,0.1072
2026-08-29 14:15:00,N016,0.269,3.4832,0.1277,0.0877
2026-08-29 14:20:00,N016,0.2717,3.3811,0.1354,0.1471
2026-08-29 14:25:00,N016,0.2644,3.5615,0.1467,0.1197
2026-08-29 14:30:00,N016,0.2766,3.4974,0.133,0.1012
2026-08-29 14:35:00,N016,0.285,3.3347,0.1475,0.0946
2026-08-29 14:40:00,N016,0.2868,3.504,0.121,0.1245
2026-08-29 14:45:00,N016,0.2864,3.4967,0.1444,0.0816
2026-08-29 14:50:00,N016,0.2528,3.7071,0.1331,0.0881
2026-08-29 14:55:00,N016,0.2622,3.444,0.1338,0.1106
2026-08-29 15:00:00,N016,0.2755,3.5493,0.1521,0.1226
2026-08-29 15:05:00,N016,0.2798,3.7002,0.1311,0.0974
2026-08-29 15:10:00,N016,0.2911,3.5794,0.1375,0.1069
2026-08-29 15:15:00,N016,0.2639,3.6675,0.1476,0.1283
2026-08-29 15:20:00,N016,0.2851,3.637,0.1374,0.114
2026-08-29 15:25:00,N016,0.2915,3.5266,0.1402,0.1047
2026-08-29 15:30:00,N016,0.2635,3.5459,0.1262,0.1288
2026-08-29 15:35:00,N016,0.2533,3.5889,0.1374,0.0898
2026-08-29 15:40:00,N016,0.267,3.6105,0.1409,0.114
2026-08-29 15:45:00,N016,0.2839,3.5695,0.136,0.1209
2026-08-29 15:50:00,N016,0.2877,3.5043,0.13,0.1072
2026-08-29 15:55:00,N016,0.269,3.7593,0.1427,0.1004
2026-08-29 16:00:00,N016,0.265,3.6357,0.1249,0.1066
2026-08-29 16:05:00,N016,0.2943,3.5201,0.1473,0.1364
2026-08-29 16:10:00,N016,0.2633,3.4897,0.1325,0.1013
2026-08-29 16:15:00,N016,0.2762,3.5746,0.1401,0.1387
2026-08-29 16:20:00,N016,0.2867,3.6607,0.1122,0.1245
2026-08-29 16:25:00,N016,0.3004,3.2435,0.1441,0.1156
2026-08-29 16:30:00,N016,0.2619,3.7037,0.1563,0.1297
2026-08-29 16:35:00,N016,0.2692,3.4972,0.1375,0.1313
2026-08-29 16:40:00,N016,0.2691,3.5783,0.1697,0.1345
2026-08-29 16:45:00,N016,0.2922,3.4407,0.1273,0.1195
2026-08-29 16:50:00,N016,0.2601,3.8107,0.1527,0.1105
2026-08-29 16:55:00,N016,0.302,3.621,0.1669,0.1208
2026-08-29 17:00:00,N016,0.2839,3.7922,0.1511,0.1264
2026-08-29 17:05:00,N016,0.2733,3.6887,0.126,0.1211
2026-08-29 17:10:00,N016,0.2589,3.4161,0.1364,0.1379
2026-08-29 17:15:00,N016,0.2895,3.6228,0.1568,0.1105
2026-08-29 17:20:00,N016,0.247,3.3735,0.1216,0.1314
2026-08-29 17:25:00,N016,0.2663,3.6935,0.1556,0.1027
2026-08-29 17:30:00,N016,0.2831,3.7056,0.1255,0.1397
2026-08-29 17:35:00,N016,0.2717,3.5976,0.1611,0.1273
2026-08-29 17:40:00,N016,0.29,3.8091,0.128,0.1383
2026-08-29 17:45:00,N016,0.2687,3.5839,0.1325,0.1103
2026-08-29 17:50:00,N016,0.2887,3.6841,0.1299,0.1299
2026-08-29 17:55:00,N016,0.2723,3.6154,0.1364,0.1268
2026-08-29 18:00:00,N016,0.2824,3.614,0.146,0.1166
2026-08-29 18:05:00,N016,0.2668,3.4842,0.1476,0.1203
2026-08-29 18:10:00,N016,0.2799,3.7886,0.1301,0.0996
2026-08-29 18:15:00,N016,0.2779,3.7029,0.1326,0.1424
2026-08-29 18:20:00,N016,0.2397,3.8031,0.1453,0.1272
2026-08-29 18:25:00,N016,0.227,3.8255,0.1235,0.1129
2026-08-29 18:30:00,N016,0.2746,3.7231,0.1435,0.134
2026-08-29 18:35:00,N016,0.2895,3.7074,0.1408,0.1043
2026-08-29 18:40:00,N016,0.2661,3.7873,0.1458,0.1317
2026-08-29 18:45:00,N016,0.2698,3.7918,0.1219,0.1371
2026-08-29 18:50:00,N016,0.2737,3.8875,0.1175,0.1475
2026-08-29 18:55:00,N016,0.2723,3.6426,0.1381,0.1107
2026-08-29 19:00:00,N016,0.2767,3.6024,0.1274,0.1285
2026-08-29 19:05:00,N016,0.2644,3.6015,0.1193,0.1138
2026-08-29 19:10:00,N016,0.2977,3.595,0.127,0.1243
2026-08-29 19:15:00,N016,0.2726,3.9666,0.1339,0.1266
2026-08-29 19:20:00,N016,0.2924,3.813,0.1386,0.1192
2026-08-29 19:25:00,N016,0.3087,3.6928,0.1305,0.112
2026-08-29 19:30:00,N016,0.2525,3.8062,0.1076,0.1218
2026-08-29 19:35:00,N016,0.2755,3.9792,0.1138,0.1084
2026-08-29 19:40:00,N016,0.2766,3.6894,0.1292,0.1208
2026-08-29 19:45:00,N016,0.2598,3.7588,0.1079,0.1218
2026-08-29 19:50:00,N016,0.2698,3.8407,0.1569,0.1173
2026-08-29 19:55:00,N016,0.2998,3.6835,0.1242,0.1485
2026-08-29 20:00:00,N016,0.2869,3.7248,0.144,0.1266
2026-08-29 20:05:00,N016,0.2781,3.5679,0.1326,0.1319
2026-08-29 20:10:00,N016,0.2774,3.8381,0.1404,0.1095
2026-08-29 20:15:00,N016,0.2596,3.7137,0.1295,0.1278
2026-08-29 20:20:00,N016,0.2687,3.6615,0.1484,0.1251
2026-08-29 20:25:00,N016,0.269,3.7403,0.1523,0.1274
2026-08-29 20:30:00,N016,0.2886,3.6507,0.1481,0.1579
2026-08-29 20:35:00,N016,0.2679,3.6019,0.1379,0.1363
2026-08-29 20:40:00,N016,0.2785,3.6201,0.1345,0.1323
2026-08-29 20:45:00,N016,0.2739,3.8221,0.1498,0.127
2026-08-29 20:50:00,N016,0.2797,3.8516,0.1255,0.1092
2026-08-29 20:55:00,N016,0.2762,3.6958,0.1262,0.1511
2026-08-29 21:00:00,N016,0.3129,3.7151,0.1369,0.1209
2026-08-29 21:05:00,N016,0.297,3.917,0.1145,0.131
2026-08-29 21:10:00,N016,0.2609,3.9741,0.1411,0.1116
2026-08-29 21:15:00,N016,0.277,3.7312,0.1421,0.1397
2026-08-29 21:20:00,N016,0.2635,3.9894,0.1551,0.111
2026-08-29 21:25:00,N016,0.2819,3.9768,0.1506,0.1192
2026-08-29 21:30:00,N016,0.2931,4.1339,0.1371,0.1149
2026-08-29 21:35:00,N016,0.2836,3.8066,0.1295,0.1311
2026-08-29 21:40:00,N016,0.2623,3.6999,0.1449,0.0982
2026-08-29 21:45:00,N016,0.2948,3.5412,0.115,0.1172
2026-08-29 21:50:00,N016,0.2856,3.9444,0.1365,0.1211
2026-08-29 21:55:00,N016,0.2901,3.6836,0.1375,0.1069
2026-08-29 22:00:00,N016,0.2828,3.7753,0.1262,0.1274
2026-08-29 22:05:00,N016,0.284,3.9348,0.1165,0.1239
2026-08-29 22:10:00,N016,0.2704,3.9008,0.1448,0.1328
2026-08-29 22:15:00,N016,0.2713,3.9055,0.1174,0.0992
2026-08-29 22:20:00,N016,0.2628,3.798,0.1439,0.0807
2026-08-29 22:25:00,N016,0.3019,3.8205,0.117,0.127
2026-08-29 22:30:00,N016,0.2986,3.8795,0.149,0.1051
2026-08-29 22:35:00,N016,0.2761,3.6994,0.1564,0.1353
2026-08-29 22:40:00,N016,0.3251,3.757,0.1271,0.1237
2026-08-29 22:45:00,N016,0.3032,3.772,0.1373,0.1274
2026-08-29 22:50:00,N016,0.2832,3.7404,0.1342,0.1233
2026-08-29 22:55:00,N016,0.2826,3.9347,0.1569,0.1135
2026-08-29 23:00:00,N016,0.2769,3.7253,0.138,0.1181
2026-08-29 23:05:00,N016,0.2865,3.9595,0.1055,0.1337
2026-08-29 23:10:00,N016,0.2761,3.8851,0.125,0.1444
2026-08-29 23:15:00,N016,0.2968,3.9008,0.1453,0.1153
2026-08-29 23:20:00,N016,0.2739,3.9257,0.1266,0.1483
2026-08-29 23:25:00,N016,0.2785,3.8984,0.161,0.1161
2026-08-29 23:30:00,N016,0.2845,3.9674,0.1472,0.1219
2026-08-29 23:35:00,N016,0.2758,3.8157,0.1532,0.1228
2026-08-29 23:40:00,N016,0.2848,3.7953,0.1443,0.1294
2026-08-29 23:45:00,N016,0.2687,3.733,0.1118,0.1147
2026-08-29 23:50:00,N016,0.2958,4.0109,0.144,0.1356
2026-08-29 23:55:00,N016,0.282,3.9478,0.1392,0.1544
2026-08-29 00:00:00,N017,0.3265,3.0418,0.1107,0.1084
2026-08-29 00:05:00,N017,0.3116,2.903,0.1171,0.0944
2026-08-29 00:10:00,N017,0.3141,2.8027,0.1172,0.1019
2026-08-29 00:15:00,N017,0.3268,2.9847,0.1487,0.0934
2026-08-29 00:20:00,N017,0.313,2.8546,0.1162,0.1227
2026-08-29 00:25:00,N017,0.3309,2.8003,0.1367,0.0934
2026-08-29 00:30:00,N017,0.3099,2.9211,0.1395,0.1073
2026-08-29 00:35:00,N017,0.3201,2.9585,0.133,0.1092
2026-08-29 00:40:00,N017,0.3212,2.9845,0.1344,0.1004
2026-08-29 00:45:00,N017,0.3073,3.0771,0.122,0.0892
2026-08-29 00:50:00,N017,0.3236,2.8454,0.116,0.0964
2026-08-29 00:55:00,N017,0.2891,2.8282,0.144,0.0925
2026-08-29 01:00:00,N017,0.3339,2.8423,0.1337,0.1017
2026-08-29 01:05:00,N017,0.2972,3.1135,0.141,0.0716
2026-08-29 01:10:00,N017,0.3143,3.0387,0.1278,0.0737
2026-08-29 01:15:00,N017,0.3191,3.2606,0.1302,0.1195
2026-08-29 01:20:00,N017,0.3038,3.0239,0.1441,0.096
2026-08-29 01:25:00,N017,0.3107,3.0879,0.1576,0.1007
2026-08-29 01:30:00,N017,0.3075,2.9808,0.1651,0.0983
2026-08-29 01:35:00,N017,0.3064,2.8689,0.113,0.1018
2026-08-29 01:40:00,N017,0.3253,2.9615,0.1347,0.0789
2026-08-29 01:45:00,N017,0.3176,3.0697,0.1285,0.122
2026-08-29 01:50:00,N017,0.3031,3.0487,0.1451,0.0955
2026-08-29 01:55:00,N017,0.3129,2.846,0.1512,0.0943
2026-08-29 02:00:00,N017,0.3239,3.1009,0.1273,0.094
2026-08-29 02:05:00,N017,0.336,2.8889,0.1604,0.0858
2026-08-29 02:10:00,N017,0.2984,3.0416,0.1614,0.0685
2026-08-29 02:15:00,N017,0.3141,3.0857,0.1353,0.103
2026-08-29 02:20:00,N017,0.3055,2.9594,0.1331,0.0804
2026-08-29 02:25:00,N017,0.3157,2.9874,0.1292,0.1022
2026-08-29 02:30:00,N017,0.2892,3.0094,0.1627,0.0812
2026-08-29 02:35:00,N017,0.3359,3.0462,0.1276,0.0778
2026-08-29 02:40:00,N017,0.3188,3.2168,0.1302,0.0965
2026-08-29 02:45:00,N017,0.332,3.0861,0.116,0.0993
2026-08-29 02:50:00,N017,0.3396,3.0436,0.102,0.1038
2026-08-29 02:55:00,N017,0.314,2.8313,0.1147,0.1127
2026-08-29 03:00:00,N017,0.3061,2.9446,0.1344,0.0885
2026-08-29 03:05:00,N017,0.3187,3.032,0.1205,0.0906
2026-08-29 03:10:00,N017,0.324,3.0641,0.1339,0.1274
2026-08-29 03:15:00,N017,0.3284,3.1642,0.1329,0.1018
2026-08-29 03:20:00,N017,0.3111,3.158,0.1336,0.1019
2026-08-29 03:25:00,N017,0.3201,3.0652,0.1701,0.0887
2026-08-29 03:30:00,N017,0.3076,3.1535,0.1277,0.0944
2026-08-29 03:35:00,N017,0.3016,3.132,0.1409,0.0942
2026-08-29 03:40:00,N017,0.3287,2.8528,0.1264,0.0964
2026-08-29 03:45:00,N017,0.3005,2.8687,0.1312,0.1095
2026-08-29 03:50:00,N017,0.3374,3.0156,0.1437,0.1088
2026-08-29 03:55:00,N017,0.3366,3.0421,0.1133,0.1004
2026-08-29 04:00:00,N017,0.3032,3.0001,0.1313,0.0943
2026-08-29 04:05:00,N017,0.3206,3.174,0.1305,0.1055
2026-08-29 04:10:00,N017,0.3188,3.2047,0.1326,0.0984
2026-08-29 04:15:00,N017,0.3131,3.0757,0.1255,0.0865
2026-08-29 04:20:00,N017,0.3304,2.968,0.131,0.1151
2026-08-29 04:25:00,N017,0.3136,3.2002,0.1278,0.0842
2026-08-29 04:30:00,N017,0.2951,3.2611,0.1212,0.1112
2026-08-29 04:35:00,N017,0.3041,3.2644,0.1614,0.0748
2026-08-29 04:40:00,N017,0.3029,3.2019,0.141,0.1119
2026-08-29 04:45:00,N017,0.3107,3.3504,0.1363,0.0821
2026-08-29 04:50:00,N017,0.3156,2.9702,0.154,0.0906
2026-08-29 04:55:00,N017,0.3269,3.0609,0.1275,0.0719
2026-08-29 05:00:00,N017,0.3286,3.2761,0.1239,0.0775
2026-08-29 05:05:00,N017,0.3318,2.9254,0.1495,0.0872
2026-08-29 05:10:00,N017,0.3033,3.1556,0.1224,0.0903
2026-08-29 05:15:00,N017,0.3253,2.837,0.1546,0.1016
2026-08-29 05:20:00,N017,0.3007,3.0092,0.1468,0.1101
2026-08-29 05:25:00,N017,0.341,3.0522,0.1384,0.1076
2026-08-29 05:30:00,N017,0.3307,3.2721,0.1263,0.0996
2026-08-29 05:35:00,N017,0.3112,3.1333,0.1433,0.0766
2026-08-29 05:40:00,N017,0.3371,3.0057,0.1312,0.1202
2026-08-29 05:45:00,N017,0.3255,3.186,0.1207,0.0859
2026-08-29 05:50:00,N017,0.3348,3.0773,0.1289,0.1162
2026-08-29 05:55:00,N017,0.305,3.1831,0.1354,0.1018
2026-08-29 06:00:00,N017,0.3131,3.084,0.1219,0.1092
2026-08-29 06:05:00,N017,0.311,3.2726,0.1322,0.0861
2026-08-29 06:10:00,N017,0.3175,3.1098,0.147,0.0966
2026-08-29 06:15:00,N017,0.317,3.3313,0.141,0.1272
2026-08-29 06:20:00,N017,0.3402,3.0582,0.1468,0.1252
2026-08-29 06:25:00,N017,0.3444,3.286,0.1465,0.0979
2026-08-29 06:30:00,N017,0.3089,3.1279,0.1149,0.1227
2026-08-29 06:35:00,N017,0.3174,3.3279,0.1201,0.1189
2026-08-29 06:40:00,N017,0.3143,3.0216,0.1544,0.1194
2026-08-29 06:45:00,N017,0.325,3.1826,0.1401,0.1058
2026-08-29 06:50:00,N017,0.31,3.1319,0.1584,0.143
2026-08-29 06:55:00,N017,0.3455,3.2415,0.1308,0.0911
2026-08-29 07:00:00,N017,0.3111,3.1205,0.1607,0.1303
2026-08-29 07:05:00,N017,0.3334,3.0744,0.1456,0.0997
2026-08-29 07:10:00,N017,0.29,3.2269,0.1248,0.0913
2026-08-29 07:15:00,N017,0.3187,3.1354,0.1345,0.1022
2026-08-29 07:20:00,N017,0.2944,3.3804,0.1231,0.0893
2026-08-29 07:25:00,N017,0.3177,3.1878,0.1524,0.1077
2026-08-29 07:30:00,N017,0.3313,3.2365,0.1377,0.1084
2026-08-29 07:35:00,N017,0.2939,3.1763,0.1488,0.163
2026-08-29 07:40:00,N017,0.3049,3.2599,0.128,0.1347
2026-08-29 07:45:00,N017,0.3028,3.2869,0.118,0.0993
2026-08-29 07:50:00,N017,0.3227,3.343,0.1219,0.1142
2026-08-29 07:55:00,N017,0.3236,3.2502,0.1464,0.0851
2026-08-29 08:00:00,N017,0.3355,3.1519,0.148,0.1094
2026-08-29 08:05:00,N017,0.3203,3.1522,0.1448,0.1234
2026-08-29 08:10:00,N017,0.3156,3.0898,0.1432,0.0829
2026-08-29 08:15:00,N017,0.3041,3.101,0.1299,0.0847
2026-08-29 08:20:00,N017,0.2947,3.0951,0.1426,0.0858
2026-08-29 08:25:00,N017,0.3188,3.4677,0.1343,0.1101
2026-08-29 08:30:00,N017,0.3098,3.4965,0.1284,0.1016
2026-08-29 08:35:00,N017,0.3439,3.2178,0.1355,0.1009
2026-08-29 08:40:00,N017,0.3201,3.2869,0.1415,0.0956
2026-08-29 08:45:00,N017,0.3128,3.1721,0.1181,0.0815
2026-08-29 08:50:00,N017,0.3289,3.3606,0.1453,0.0697
2026-08-29 08:55:00,N017,0.3208,3.1185,0.1366,0.0993
2026-08-29 09:00:00,N017,0.3335,3.2512,0.1121,0.0912
2026-08-29 09:05:00,N017,0.3248,3.2671,0.118,0.0827
2026-08-29 09:10:00,N017,0.3257,3.0907,0.1149,0.0992
2026-08-29 09:15:00,N017,0.3176,3.1565,0.1264,0.1062
2026-08-29 09:20:00,N017,0.3142,3.2731,0.1303,0.1086
2026-08-29 09:25:00,N017,0.3383,3.3681,0.1503,0.1188
2026-08-29 09:30:00,N017,0.3288,3.2182,0.1302,0.0931
2026-08-29 09:35:00,N017,0.3254,3.3567,0.1262,0.1058
2026-08-29 09:40:00,N017,0.3153,3.3009,0.1283,0.0954
2026-08-29 09:45:00,N017,0.3154,3.3389,0.1337,0.1002
2026-08-29 09:50:00,N017,0.3296,3.2316,0.1484,0.0921
2026-08-29 09:55:00,N017,0.323,3.1155,0.1307,0.0816
2026-08-29 10:00:00,N017,0.3371,3.3789,0.1443,0.1073
2026-08-29 10:05:00,N017,0.3128,3.1936,0.1532,0.1286
2026-08-29 10:10:00,N017,0.3279,3.2306,0.1513,0.0967
2026-08-29 10:15:00,N017,0.3296,3.4574,0.1248,0.1197
2026-08-29 10:20:00,N017,0.3341,3.2932,0.123,0.0965
2026-08-29 10:25:00,N017,0.3307,3.13,0.1364,0.1156
2026-08-29 10:30:00,N017,0.3413,3.1357,0.1507,0.133
2026-08-29 10:35:00,N017,0.3328,3.1818,0.1309,0.1069
2026-08-29 10:40:00,N017,0.3308,3.3117,0.1382,0.1064
2026-08-29 10:45:00,N017,0.3308,3.2566,0.1308,0.0992
2026-08-29 10:50:00,N017,0.3557,3.4903,0.1415,0.1278
2026-08-29 10:55:00,N017,0.339,3.3392,0.1168,0.1041
2026-08-29 11:00:00,N017,0.3221,3.1842,0.117,0.1156
2026-08-29 11:05:00,N017,0.3321,3.1829,0.1259,0.1257
2026-08-29 11:10:00,N017,0.3142,3.3463,0.1326,0.116
2026-08-29 11:15:00,N017,0.3146,3.3394,0.1369,0.1119
2026-08-29 11:20:00,N017,0.3287,3.3727,0.1612,0.147
2026-08-29 11:25:00,N017,0.3181,3.0559,0.142,0.1115
2026-08-29 11:30:00,N017,0.3437,3.3711,0.1356,0.1257
2026-08-29 11:35:00,N017,0.3469,3.1733,0.1251,0.1073
2026-08-29 11:40:00,N017,0.3294,3.3153,0.1401,0.1239
2026-08-29 11:45:00,N017,0.3539,3.4147,0.1246,0.1069
2026-08-29 11:50:00,N017,0.327,3.4097,0.1395,0.14
2026-08-29 11:55:00,N017,0.3214,3.3969,0.1631,0.1005
2026-08-29 12:00:00,N017,0.3306,3.2402,0.1359,0.0977
2026-08-29 12:05:00,N017,0.3442,3.374,0.1237,0.1221
2026-08-29 12:10:00,N017,0.3313,3.4734,0.1211,0.1152
2026-08-29 12:15:00,N017,0.3403,3.3111,0.1198,0.1091
2026-08-29 12:20:00,N017,0.3472,3.4998,0.1297,0.0906
2026-08-29 12:25:00,N017,0.3224,3.3112,0.1402,0.1084
2026-08-29 12:30:00,N017,0.3177,3.5027,0.1366,0.1166
2026-08-29 12:35:00,N017,0.3032,3.0821,0.1176,0.1029
2026-08-29 12:40:00,N017,0.3379,3.0947,0.154,0.1128
2026-08-29 12:45:00,N017,0.3497,3.2722,0.1409,0.1116
2026-08-29 12:50:00,N017,0.3417,3.3533,0.1406,0.127
2026-08-29 12:55:00,N017,0.3198,3.4132,0.1122,0.1211
2026-08-29 13:00:00,N017,0.359,3.2375,0.1338,0.1239
2026-08-29 13:05:00,N017,0.3302,3.4095,0.1302,0.1043
2026-08-29 13:10:00,N017,0.3285,3.3974,0.1207,0.1099
2026-08-29 13:15:00,N017,0.3535,3.3449,0.12,0.1087
2026-08-29 13:20:00,N017,0.3193,3.2374,0.1365,0.1004
2026-08-29 13:25:00,N017,0.3208,3.4192,0.1165,0.0851
2026-08-29 13:30:00,N017,0.3403,3.1718,0.1232,0.0843
2026-08-29 13:35:00,N017,0.3231,3.4577,0.1362,0.1473
2026-08-29 13:40:00,N017,0.3468,3.2974,0.1205,0.1521
2026-08-29 13:45:00,N017,0.3465,3.4826,0.1358,0.1157
2026-08-29 13:50:00,N017,0.3084,3.4335,0.1357,0.0981
2026-08-29 13:55:00,N017,0.3227,3.5993,0.1334,0.1429
2026-08-29 14:00:00,N017,0.3048,3.3576,0.1163,0.0938
2026-08-29 14:05:00,N017,0.3186,3.4608,0.1381,0.1018
2026-08-29 14:10:00,N017,0.2977,3.6031,0.1314,0.0954
2026-08-29 14:15:00,N017,0.3353,3.4531,0.131,0.1145
2026-08-29 14:20:00,N017,0.314,3.5225,0.1229,0.1032
2026-08-29 14:25:00,N017,0.3411,3.5786,0.1539,0.1283
2026-08-29 14:30:00,N017,0.3266,3.252,0.1517,0.1331
2026-08-29 14:35:00,N017,0.3215,3.5502,0.1309,0.1352
2026-08-29 14:40:00,N017,0.324,3.6799,0.1443,0.1397
2026-08-29 14:45:00,N017,0.3249,3.4938,0.1232,0.1255
2026-08-29 14:50:00,N017,0.3454,3.7356,0.1407,0.1238
2026-08-29 14:55:00,N017,0.325,3.5157,0.1303,0.1148
2026-08-29 15:00:00,N017,0.3347,3.4113,0.1356,0.1075
2026-08-29 15:05:00,N017,0.3265,3.5855,0.137,0.1185
2026-08-29 15:10:00,N017,0.3105,3.5099,0.1412,0.1074
2026-08-29 15:15:00,N017,0.3637,3.1872,0.1443,0.1242
2026-08-29 15:20:00,N017,0.3407,3.4858,0.1415,0.1266
2026-08-29 15:25:00,N017,0.3218,3.5033,0.1327,0.0973
2026-08-29 15:30:00,N017,0.3435,3.4025,0.1169,0.1057
2026-08-29 15:35:00,N017,0.3209,3.5964,0.1367,0.1346
2026-08-29 15:40:00,N017,0.323,3.5807,0.169,0.1193
2026-08-29 15:45:00,N017,0.346,3.5618,0.1178,0.1229
2026-08-29 15:50:00,N017,0.3378,3.4501,0.1243,0.1246
2026-08-29 15:55:00,N017,0.3187,3.7401,0.1362,0.096
2026-08-29 16:00:00,N017,0.3257,3.4535,0.1638,0.1011
2026-08-29 16:05:00,N017,0.3317,3.4251,0.1409,0.1067
2026-08-29 16:10:00,N017,0.3165,3.469,0.1313,0.1057
2026-08-29 16:15:00,N017,0.3256,3.6374,0.131,0.0977
2026-08-29 16:20:00,N017,0.3269,3.5045,0.1188,0.1392
2026-08-29 16:25:00,N017,0.3469,3.6724,0.1396,0.0835
2026-08-29 16:30:00,N017,0.357,3.3999,0.1255,0.1174
2026-08-29 16:35:00,N017,0.3548,3.6327,0.1458,0.1105
2026-08-29 16:40:00,N017,0.3293,3.5506,0.1333,0.1286
2026-08-29 16:45:00,N017,0.3468,3.5828,0.1046,0.1173
2026-08-29 16:50:00,N017,0.3328,3.5348,0.1258,0.0956
2026-08-29 16:55:00,N017,0.3415,3.4747,0.1418,0.1055
2026-08-29 17:00:00,N017,0.3559,3.6403,0.1384,0.1125
2026-08-29 17:05:00,N017,0.3475,3.5701,0.1377,0.1314
2026-08-29 17:10:00,N017,0.3562,3.3755,0.1223,0.1042
2026-08-29 17:15:00,N017,0.3124,3.521,0.1421,0.1157
2026-08-29 17:20:00,N017,0.327,3.6665,0.1366,0.1212
2026-08-29 17:25:00,N017,0.3525,3.5193,0.1596,0.1095
2026-08-29 17:30:00,N017,0.3652,3.4199,0.1411,0.1067
2026-08-29 17:35:00,N017,0.3522,3.4823,0.1384,0.1066
2026-08-29 17:40:00,N017,0.3495,3.4637,0.1551,0.1016
2026-08-29 17:45:00,N017,0.3154,3.6594,0.1278,0.1165
2026-08-29 17:50:00,N017,0.3308,3.3905,0.134,0.1357
2026-08-29 17:55:00,N017,0.3508,3.5786,0.1482,0.1009
2026-08-29 18:00:00,N017,0.331,3.601,0.1333,0.1132
2026-08-29 18:05:00,N017,0.318,3.3066,0.1447,0.1207
2026-08-29 18:10:00,N017,0.3496,3.5066,0.1263,0.1172
2026-08-29 18:15:00,N017,0.349,3.5341,0.1445,0.1021
2026-08-29 18:20:00,N017,0.3339,3.5562,0.1496,0.1204
2026-08-29 18:25:00,N017,0.3626,3.4057,0.1364,0.1201
2026-08-29 18:30:00,N017,0.3458,3.4726,0.1551,0.1177
2026-08-29 18:35:00,N017,0.3203,3.5711,0.1311,0.1594
2026-08-29 18:40:00,N017,0.3525,3.5817,0.1335,0.132
2026-08-29 18:45:00,N017,0.3518,3.2292,0.1426,0.1183
2026-08-29 18:50:00,N017,0.3173,3.6869,0.1618,0.1263
2026-08-29 18:55:00,N017,0.3535,3.8006,0.1249,0.0902
2026-08-29 19:00:00,N017,0.347,3.5572,0.1184,0.117
2026-08-29 19:05:00,N017,0.3481,3.5718,0.1254,0.1149
2026-08-29 19:10:00,N017,0.337,3.3609,0.1332,0.0982
2026-08-29 19:15:00,N017,0.3473,3.4079,0.147,0.1123
2026-08-29 19:20:00,N017,0.3294,3.6333,0.1245,0.1228
2026-08-29 19:25:00,N017,0.3267,3.534,0.1397,0.1016
2026-08-29 19:30:00,N017,0.3188,3.6333,0.1346,0.1213
2026-08-29 19:35:00,N017,0.3428,3.6132,0.1422,0.1204
2026-08-29 19:40:00,N017,0.3079,3.3994,0.158,0.119
2026-08-29 19:45:00,N017,0.3523,3.5704,0.1342,0.1123
2026-08-29 19:50:00,N017,0.3752,3.645,0.1285,0.0944
2026-08-29 19:55:00,N017,0.3679,3.5978,0.1438,0.1321
2026-08-29 20:00:00,N017,0.3314,3.7009,0.1276,0.1046
2026-08-29 20:05:00,N017,0.356,3.604,0.1411,0.1257
2026-08-29 20:10:00,N017,0.3482,3.439,0.1279,0.1148
2026-08-29 20:15:00,N017,0.3262,3.68,0.1491,0.1399
2026-08-29 20:20:00,N017,0.3337,3.6664,0.1402,0.1291
2026-08-29 20:25:00,N017,0.3257,3.8526,0.146,0.1342
2026-08-29 20:30:00,N017,0.3571,3.701,0.1225,0.118
2026-08-29 20:35:00,N017,0.3143,3.6895,0.1328,0.1195
2026-08-29 20:40:00,N017,0.3573,3.5876,0.1319,0.1206
2026-08-29 20:45:00,N017,0.3117,3.6133,0.105,0.1116
2026-08-29 20:50:00,N017,0.3522,3.7017,0.1277,0.1211
2026-08-29 20:55:00,N017,0.3234,3.6505,0.17,0.1482
2026-08-29 21:00:00,N017,0.3404,3.6728,0.1231,0.1086
2026-08-29 21:05:00,N017,0.3452,3.5933,0.1457,0.1443
2026-08-29 21:10:00,N017,0.3448,3.6713,0.1147,0.1321
2026-08-29 21:15:00,N017,0.3228,3.6117,0.1464,0.1364
2026-08-29 21:20:00,N017,0.333,3.6156,0.1265,0.1031
2026-08-29 21:25:00,N017,0.3306,3.4739,0.1431,0.1271
2026-08-29 21:30:00,N017,0.3487,3.5557,0.1205,0.1221
2026-08-29 21:35:00,N017,0.3413,3.6553,0.1314,0.1471
2026-08-29 21:40:00,N017,0.3469,3.9122,0.1501,0.147
2026-08-29 21:45:00,N017,0.3245,3.7497,0.1297,0.0967
2026-08-29 21:50:00,N017,0.3631,3.6461,0.1222,0.1155
2026-08-29 21:55:00,N017,0.3288,3.6009,0.1322,0.1478
2026-08-29 22:00:00,N017,0.3309,3.886,0.1451,0.1279
2026-08-29 22:05:00,N017,0.3522,3.6913,0.1503,0.1305
2026-08-29 22:10:00,N017,0.3161,3.728,0.1443,0.1178
2026-08-29 22:15:00,N017,0.3431,3.6217,0.1183,0.099
2026-08-29 22:20:00,N017,0.3182,3.7783,0.105,0.1123
2026-08-29 22:25:00,N017,0.3299,3.6669,0.1126,0.1285
2026-08-29 22:30:00,N017,0.3224,3.8394,0.1274,0.1211
2026-08-29 22:35:00,N017,0.3417,3.7356,0.1353,0.1162
2026-08-29 22:40:00,N017,0.3469,3.765,0.1257,0.1291
2026-08-29 22:45:00,N017,0.3597,3.7966,0.1461,0.1254
2026-08-29 22:50:00,N017,0.3279,3.6175,0.1387,0.1371
2026-08-29 22:55:00,N017,0.3838,3.8352,0.1208,0.1116
2026-08-29 23:00:00,N017,0.3763,3.6945,0.1354,0.1088
2026-08-29 23:05:00,N017,0.3657,3.783,0.1256,0.1084
2026-08-29 23:10:00,N017,0.3469,3.7311,0.1449,0.1316
2026-08-29 23:15:00,N017,0.3385,3.6633,0.133,0.1152
2026-08-29 23:20:00,N017,0.3406,3.7333,0.1241,0.133
2026-08-29 23:25:00,N017,0.3371,3.6331,0.1307,0.1273
2026-08-29 23:30:00,N017,0.344,3.7875,0.1457,0.1434
2026-08-29 23:35:00,N017,0.3471,3.6113,0.1316,0.1088
2026-08-29 23:40:00,N017,0.3684,3.9809,0.1427,0.1369
2026-08-29 23:45:00,N017,0.3468,3.7891,0.1157,0.123
2026-08-29 23:50:00,N017,0.33,3.7817,0.1342,0.1534
2026-08-29 23:55:00,N017,0.357,3.7849,0.1317,0.1494
2026-08-29 00:00:00,N018,0.3475,2.864,0.0883,0.07
2026-08-29 00:05:00,N018,0.3238,2.9572,0.1067,0.1047
2026-08-29 00:10:00,N018,0.3363,2.7449,0.0973,0.0911
2026-08-29 00:15:00,N018,0.3568,2.9676,0.0936,0.1002
2026-08-29 00:20:00,N018,0.353,2.9093,0.0802,0.0854
2026-08-29 00:25:00,N018,0.3116,2.9047,0.1061,0.1109
2026-08-29 00:30:00,N018,0.3509,2.8411,0.0998,0.0982
2026-08-29 00:35:00,N018,0.3712,2.8142,0.0789,0.0874
2026-08-29 00:40:00,N018,0.3255,2.8223,0.0891,0.0896
2026-08-29 00:45:00,N018,0.29,3.0664,0.0677,0.1092
2026-08-29 00:50:00,N018,0.3484,3.1944,0.0998,0.0929
2026-08-29 00:55:00,N018,0.3375,3.1234,0.0702,0.1034
2026-08-29 01:00:00,N018,0.3462,2.9047,0.0921,0.1035
2026-08-29 01:05:00,N018,0.3551,2.9653,0.0929,0.1022
2026-08-29 01:10:00,N018,0.3384,2.9519,0.0793,0.0892
2026-08-29 01:15:00,N018,0.3434,2.9398,0.0883,0.1147
2026-08-29 01:20:00,N018,0.3411,2.9806,0.0893,0.0919
2026-08-29 01:25:00,N018,0.3497,3.0801,0.0901,0.1046
2026-08-29 01:30:00,N018,0.3382,3.1988,0.0801,0.0763
2026-08-29 01:35:00,N018,0.3618,2.9515,0.0842,0.0932
2026-08-29 01:40:00,N018,0.377,3.0106,0.0945,0.1039
2026-08-29 01:45:00,N018,0.3531,3.1387,0.0849,0.0797
2026-08-29 01:50:00,N018,0.3622,3.0332,0.0892,0.1088
2026-08-29 01:55:00,N018,0.3437,2.9789,0.0863,0.0929
2026-08-29 02:00:00,N018,0.3672,2.8097,0.1162,0.1151
2026-08-29 02:05:00,N018,0.3228,2.9551,0.0858,0.1079
2026-08-29 02:10:00,N018,0.3347,2.9886,0.0864,0.0911
2026-08-29 02:15:00,N018,0.3365,3.0978,0.0675,0.1094
2026-08-29 02:20:00,N018,0.3618,2.9641,0.0885,0.1198
2026-08-29 02:25:00,N018,0.3393,2.9209,0.0819,0.1199
2026-08-29 02:30:00,N018,0.3694,2.8283,0.0999,0.1148
2026-08-29 02:35:00,N018,0.3734,3.0448,0.0873,0.1198
2026-08-29 02:40:00,N018,0.3607,3.2708,0.0994,0.105
2026-08-29 02:45:00,N018,0.3327,2.9345,0.0706,0.0996
2026-08-29 02:50:00,N018,0.3643,3.0065,0.1001,0.108
2026-08-29 02:55:00,N018,0.3445,3.0202,0.0935,0.1051
2026-08-29 03:00:00,N018,0.3529,2.9202,0.0827,0.137
2026-08-29 03:05:00,N018,0.3692,2.8384,0.0595,0.1044
2026-08-29 03:10:00,N018,0.3642,2.9557,0.1001,0.1043
2026-08-29 03:15:00,N018,0.3485,3.1116,0.0815,0.0992
2026-08-29 03:20:00,N018,0.3611,3.0199,0.1108,0.114
2026-08-29 03:25:00,N018,0.3606,3.0205,0.0984,0.0988
2026-08-29 03:30:00,N018,0.3555,2.9192,0.1003,0.1081
2026-08-29 03:35:00,N018,0.3811,3.319,0.097,0.1049
2026-08-29 03:40:00,N018,0.3373,3.1433,0.0904,0.1121
2026-08-29 03:45:00,N018,0.3775,2.9386,0.0768,0.1006
2026-08-29 03:50:00,N018,0.364,3.1069,0.0771,0.1156
2026-08-29 03:55:00,N018,0.3337,2.9425,0.0865,0.096
2026-08-29 04:00:00,N018,0.3652,3.0802,0.1091,0.1007
2026-08-29 04:05:00,N018,0.3501,3.1939,0.0868,0.1269
2026-08-29 04:10:00,N018,0.3602,2.7691,0.102,0.1183
2026-08-29 04:15:00,N018,0.3665,2.8249,0.0799,0.0959
2026-08-29 04:20:00,N018,0.3397,3.266,0.0877,0.1043
2026-08-29 04:25:00,N018,0.3607,3.1281,0.0479,0.0952
2026-08-29 04:30:00,N018,0.3313,3.1105,0.0844,0.1053
2026-08-29 04:35:00,N018,0.3214,3.0281,0.1013,0.1263
2026-08-29 04:40:00,N018,0.3635,2.9078,0.103,0.1161
2026-08-29 04:45:00,N018,0.3511,2.8278,0.0993,0.0965
2026-08-29 04:50:00,N018,0.3581,3.0818,0.1063,0.1036
2026-08-29 04:55:00,N018,0.3528,3.2658,0.08,0.1178
2026-08-29 05:00:00,N018,0.3501,2.9589,0.0879,0.116
2026-08-29 05:05:00,N018,0.3735,3.2589,0.0843,0.091
2026-08-29 05:10:00,N018,0.3485,2.943,0.0853,0.1007
2026-08-29 05:15:00,N018,0.3643,2.8228,0.0791,0.0951
2026-08-29 05:20:00,N018,0.3713,2.9566,0.0906,0.1042
2026-08-29 05:25:00,N018,0.3693,3.1646,0.0893,0.0979
2026-08-29 05:30:00,N018,0.326,3.1255,0.0942,0.0827
2026-08-29 05:35:00,N018,0.3353,3.1289,0.0919,0.0915
2026-08-29 05:40:00,N018,0.3453,2.881,0.1044,0.087
2026-08-29 05:45:00,N018,0.3622,3.1,0.1033,0.0947
2026-08-29 05:50:00,N018,0.3551,2.9031,0.0646,0.1156
2026-08-29 05:55:00,N018,0.3275,3.0823,0.1,0.118
2026-08-29 06:00:00,N018,0.3444,2.9219,0.094,0.127
2026-08-29 06:05:00,N018,0.3445,3.0189,0.0816,0.1156
2026-08-29 06:10:00,N018,0.373,2.9693,0.0699,0.1422
2026-08-29 06:15:00,N018,0.352,3.1512,0.0796,0.1146
2026-08-29 06:20:00,N018,0.3692,3.1596,0.1088,0.1024
2026-08-29 06:25:00,N018,0.3509,3.1542,0.0935,0.1109
2026-08-29 06:30:00,N018,0.3357,3.1667,0.0834,0.0988
2026-08-29 06:35:00,N018,0.3556,3.0166,0.0742,0.0684
2026-08-29 06:40:00,N018,0.3814,3.2014,0.0865,0.0977
2026-08-29 06:45:00,N018,0.3122,3.0501,0.0965,0.122
2026-08-29 06:50:00,N018,0.365,3.1593,0.1035,0.103
2026-08-29 06:55:00,N018,0.3718,3.0969,0.0773,0.093
2026-08-29 07:00:00,N018,0.3397,3.2249,0.079,0.0927
2026-08-29 07:05:00,N018,0.3664,3.188,0.0994,0.116
2026-08-29 07:10:00,N018,0.3445,3.1605,0.0894,0.0946
2026-08-29 07:15:00,N018,0.3394,3.0725,0.1123,0.1023
2026-08-29 07:20:00,N018,0.3745,3.1007,0.0985,0.1221
2026-08-29 07:25:00,N018,0.3704,3.2063,0.1044,0.1144
2026-08-29 07:30:00,N018,0.3819,2.9681,0.0921,0.113
2026-08-29 07:35:00,N018,0.3423,3.2348,0.07,0.0991
2026-08-29 07:40:00,N018,0.3265,3.3551,0.0851,0.1415
2026-08-29 07:45:00,N018,0.3686,3.2246,0.0808,0.0934
2026-08-29 07:50:00,N018,0.3645,3.165,0.0718,0.0865
2026-08-29 07:55:00,N018,0.3424,3.3949,0.1144,0.1124
2026-08-29 08:00:00,N018,0.3591,3.1388,0.0767,0.13
2026-08-29 08:05:00,N018,0.3851,3.0747,0.0869,0.1028
2026-08-29 08:10:00,N018,0.3508,3.327,0.0721,0.1166
2026-08-29 08:15:00,N018,0.3681,3.1705,0.0986,0.1119
2026-08-29 08:20:00,N018,0.3755,3.0076,0.0837,0.1088
2026-08-29 08:25:00,N018,0.3173,3.0628,0.0781,0.1242
2026-08-29 08:30:00,N018,0.3469,3.0977,0.0977,0.0858
2026-08-29 08:35:00,N018,0.3265,3.1552,0.0705,0.089
2026-08-29 08:40:00,N018,0.3663,3.3065,0.0973,0.1269
2026-08-29 08:45:00,N018,0.3764,2.9487,0.0933,0.1024
2026-08-29 08:50:00,N018,0.3467,3.2742,0.0671,0.0842
2026-08-29 08:55:00,N018,0.3675,3.2683,0.0895,0.0974
2026-08-29 09:00:00,N018,0.3693,3.2941,0.0889,0.093
2026-08-29 09:05:00,N018,0.3518,3.3158,0.1038,0.1059
2026-08-29 09:10:00,N018,0.3546,3.1987,0.0912,0.1022
2026-08-29 09:15:00,N018,0.315,3.364,0.1094,0.1018
2026-08-29 09:20:00,N018,0.3425,3.2072,0.0856,0.126
2026-08-29 09:25:00,N018,0.3595,3.1313,0.0721,0.1242
2026-08-29 09:30:00,N018,0.3677,3.3564,0.0763,0.1389
2026-08-29 09:35:00,N018,0.3327,3.3171,0.065,0.0995
2026-08-29 09:40:00,N018,0.3824,3.3345,0.0813,0.1037
2026-08-29 09:45:00,N018,0.3606,3.2992,0.1029,0.1048
2026-08-29 09:50:00,N018,0.335,3.2591,0.0824,0.0922
2026-08-29 09:55:00,N018,0.3637,3.2175,0.0915,0.0984
2026-08-29 10:00:00,N018,0.3667,3.0878,0.0779,0.1083
2026-08-29 10:05:00,N018,0.3856,3.3428,0.1008,0.1333
2026-08-29 10:10:00,N018,0.4136,3.2564,0.1049,0.1273
2026-08-29 10:15:00,N018,0.3746,3.4671,0.0828,0.1047
2026-08-29 10:20:00,N018,0.3646,3.235,0.0917,0.1358
2026-08-29 10:25:00,N018,0.3527,3.2232,0.09,0.109
2026-08-29 10:30:00,N018,0.3313,3.1929,0.0961,0.1341
2026-08-29 10:35:00,N018,0.3428,3.1262,0.0882,0.0815
2026-08-29 10:40:00,N018,0.3535,3.0597,0.1043,0.1012
2026-08-29 10:45:00,N018,0.3851,3.4045,0.0801,0.0968
2026-08-29 10:50:00,N018,0.3575,3.2611,0.092,0.1013
2026-08-29 10:55:00,N018,0.3717,3.3082,0.0838,0.1024
2026-08-29 11:00:00,N018,0.3578,3.1812,0.0886,0.1144
2026-08-29 11:05:00,N018,0.3647,3.4939,0.0863,0.1283
2026-08-29 11:10:00,N018,0.3643,3.2561,0.0864,0.1125
2026-08-29 11:15:00,N018,0.3651,3.1724,0.0703,0.1233
2026-08-29 11:20:00,N018,0.3745,3.3798,0.0897,0.1251
2026-08-29 11:25:00,N018,0.3718,3.3876,0.0776,0.0972
2026-08-29 11:30:00,N018,0.3554,3.2938,0.085,0.0856
2026-08-29 11:35:00,N018,0.3872,3.2657,0.0899,0.1326
2026-08-29 11:40:00,N018,0.3263,3.24,0.0832,0.109
2026-08-29 11:45:00,N018,0.359,3.4778,0.096,0.1285
2026-08-29 11:50:00,N018,0.3624,3.139,0.0629,0.0913
2026-08-29 11:55:00,N018,0.3672,3.3135,0.0853,0.1088
2026-08-29 12:00:00,N018,0.392,3.2138,0.099,0.1144
2026-08-29 12:05:00,N018,0.3611,3.4565,0.1054,0.1109
2026-08-29 12:10:00,N018,0.3741,3.3617,0.088,0.1177
2026-08-29 12:15:00,N018,0.3519,3.2841,0.0809,0.1282
2026-08-29 12:20:00,N018,0.3609,3.1679,0.0792,0.0668
2026-08-29 12:25:00,N018,0.355,3.3309,0.0862,0.1446
2026-08-29 12:30:00,N018,0.3711,3.3928,0.0682,0.1096
2026-08-29 12:35:00,N018,0.3553,3.2376,0.0783,0.088
2026-08-29 12:40:00,N018,0.3436,3.4396,0.0862,0.1076
2026-08-29 12:45:00,N018,0.3627,3.4776,0.0879,0.1235
2026-08-29 12:50:00,N018,0.3502,3.2661,0.0921,0.1438
2026-08-29 12:55:00,N018,0.3845,3.413,0.0897,0.1366
2026-08-29 13:00:00,N018,0.375,3.0706,0.0752,0.1207
2026-08-29 13:05:00,N018,0.3364,3.2409,0.0795,0.1119
2026-08-29 13:10:00,N018,0.359,3.3167,0.0978,0.1119
2026-08-29 13:15:00,N018,0.3577,3.1923,0.1002,0.1059
2026-08-29 13:20:00,N018,0.3472,3.3825,0.0787,0.1082
2026-08-29 13:25:00,N018,0.3675,3.3206,0.1156,0.1151
2026-08-29 13:30:00,N018,0.373,3.1295,0.0775,0.1
2026-08-29 13:35:00,N018,0.3495,3.4152,0.1003,0.1216
2026-08-29 13:40:00,N018,0.3606,3.2924,0.1012,0.1476
2026-08-29 13:45:00,N018,0.3661,3.4836,0.092,0.1279
2026-08-29 13:50:00,N018,0.3467,3.315,0.0926,0.1349
2026-08-29 13:55:00,N018,0.352,3.1324,0.0819,0.132
2026-08-29 14:00:00,N018,0.3406,3.2379,0.0897,0.1152
2026-08-29 14:05:00,N018,0.3734,3.2345,0.084,0.1349
2026-08-29 14:10:00,N018,0.3467,3.562,0.0751,0.1299
2026-08-29 14:15:00,N018,0.3591,3.2501,0.0819,0.1254
2026-08-29 14:20:00,N018,0.3647,3.5245,0.1051,0.0996
2026-08-29 14:25:00,N018,0.346,3.2365,0.0771,0.134
2026-08-29 14:30:00,N018,0.3734,3.3304,0.0877,0.1386
2026-08-29 14:35:00,N018,0.3937,3.4297,0.056,0.1221
2026-08-29 14:40:00,N018,0.3792,3.4284,0.0966,0.1231
2026-08-29 14:45:00,N018,0.3468,3.2978,0.084,0.1338
2026-08-29 14:50:00,N018,0.3539,3.4617,0.0915,0.1417
2026-08-29 14:55:00,N018,0.3649,3.1992,0.0956,0.1501
2026-08-29 15:00:00,N018,0.3763,3.318,0.0749,0.1039
2026-08-29 15:05:00,N018,0.3958,3.376,0.0799,0.1159
2026-08-29 15:10:00,N018,0.3611,3.6062,0.0757,0.1361
2026-08-29 15:15:00,N018,0.3678,3.5657,0.1069,0.1197
2026-08-29 15:20:00,N018,0.3613,3.4316,0.0867,0.0937
2026-08-29 15:25:00,N018,0.3894,3.4559,0.0739,0.0877
2026-08-29 15:30:00,N018,0.3313,3.5216,0.0804,0.112
2026-08-29 15:35:00,N018,0.3737,3.37,0.0944,0.1203
2026-08-29 15:40:00,N018,0.3652,3.246,0.078,0.128
2026-08-29 15:45:00,N018,0.3563,3.5822,0.116,0.1289
2026-08-29 15:50:00,N018,0.3891,3.5268,0.0815,0.1222
2026-08-29 15:55:00,N018,0.397,3.3802,0.0754,0.1023
2026-08-29 16:00:00,N018,0.3636,3.3254,0.108,0.1227
2026-08-29 16:05:00,N018,0.3816,3.4128,0.0742,0.0999
2026-08-29 16:10:00,N018,0.3535,3.4931,0.0941,0.1287
2026-08-29 16:15:00,N018,0.3449,3.4541,0.0756,0.1257
2026-08-29 16:20:00,N018,0.3745,3.3163,0.0995,0.1549
2026-08-29 16:25:00,N018,0.3799,3.4402,0.0841,0.1168
2026-08-29 16:30:00,N018,0.3561,3.4928,0.0742,0.0917
2026-08-29 16:35:00,N018,0.3709,3.4678,0.081,0.1009
2026-08-29 16:40:00,N018,0.3721,3.3492,0.0862,0.1467
2026-08-29 16:45:00,N018,0.3776,3.3065,0.0726,0.1226
2026-08-29 16:50:00,N018,0.3473,3.2334,0.0943,0.1253
2026-08-29 16:55:00,N018,0.3748,3.508,0.0871,0.1106
2026-08-29 17:00:00,N018,0.3759,3.6628,0.0819,0.1054
2026-08-29 17:05:00,N018,0.3512,3.3779,0.0903,0.0887
2026-08-29 17:10:00,N018,0.3749,3.562,0.0663,0.1062
2026-08-29 17:15:00,N018,0.3696,3.4703,0.0941,0.1189
2026-08-29 17:20:00,N018,0.3875,3.4517,0.0761,0.1051
2026-08-29 17:25:00,N018,0.3797,3.4966,0.0955,0.1304
2026-08-29 17:30:00,N018,0.3384,3.359,0.0756,0.109
2026-08-29 17:35:00,N018,0.3625,3.6185,0.1023,0.117
2026-08-29 17:40:00,N018,0.3652,3.4167,0.0889,0.1245
2026-08-29 17:45:00,N018,0.3812,3.6,0.0602,0.1193
2026-08-29 17:50:00,N018,0.3899,3.4544,0.1015,0.1171
2026-08-29 17:55:00,N018,0.3719,3.3733,0.0747,0.1327
2026-08-29 18:00:00,N018,0.3826,3.5157,0.0731,0.1226
2026-08-29 18:05:00,N018,0.3883,3.7244,0.0841,0.0971
2026-08-29 18:10:00,N018,0.3822,3.485,0.0992,0.1263
2026-08-29 18:15:00,N018,0.3564,3.5278,0.1036,0.12
2026-08-29 18:20:00,N018,0.3543,3.333,0.0786,0.1162
2026-08-29 18:25:00,N018,0.3822,3.3919,0.1065,0.1024
2026-08-29 18:30:00,N018,0.405,3.7362,0.0896,0.0978
2026-08-29 18:35:00,N018,0.3693,3.4855,0.0726,0.127
2026-08-29 18:40:00,N018,0.3578,3.4489,0.0854,0.1141
2026-08-29 18:45:00,N018,0.4015,3.4732,0.0932,0.125
2026-08-29 18:50:00,N018,0.3757,3.5918,0.0984,0.127
2026-08-29 18:55:00,N018,0.3739,3.5501,0.0862,0.1094
2026-08-29 19:00:00,N018,0.3697,3.5748,0.0927,0.1259
2026-08-29 19:05:00,N018,0.3672,3.5418,0.0812,0.128
2026-08-29 19:10:00,N018,0.3675,3.5731,0.0999,0.1127
2026-08-29 19:15:00,N018,0.3799,3.5582,0.1121,0.1202
2026-08-29 19:20:00,N018,0.3815,3.5588,0.0712,0.1158
2026-08-29 19:25:00,N018,0.3843,3.5078,0.0612,0.1232
2026-08-29 19:30:00,N018,0.3549,3.5783,0.1065,0.1353
2026-08-29 19:35:00,N018,0.3944,3.4979,0.0862,0.1082
2026-08-29 19:40:00,N018,0.3612,3.4568,0.0722,0.1445
2026-08-29 19:45:00,N018,0.3402,3.7353,0.1028,0.1316
2026-08-29 19:50:00,N018,0.3549,3.3838,0.0813,0.1336
2026-08-29 19:55:00,N018,0.3718,3.4512,0.1017,0.1496
2026-08-29 20:00:00,N018,0.3685,3.5923,0.0698,0.1182
2026-08-29 20:05:00,N018,0.3796,3.6245,0.0818,0.1204
2026-08-29 20:10:00,N018,0.3654,3.5513,0.093,0.0951
2026-08-29 20:15:00,N018,0.3711,3.6295,0.081,0.1175
2026-08-29 20:20:00,N018,0.3655,3.5328,0.0879,0.1268
2026-08-29 20:25:00,N018,0.3409,3.6714,0.0844,0.1539
2026-08-29 20:30:00,N018,0.3546,3.4918,0.0854,0.1312
2026-08-29 20:35:00,N018,0.3433,3.4991,0.095,0.1109
2026-08-29 20:40:00,N018,0.3933,3.5469,0.0771,0.1344
2026-08-29 20:45:00,N018,0.3969,3.6541,0.103,0.1505
2026-08-29 20:50:00,N018,0.3591,3.7196,0.0696,0.1318
2026-08-29 20:55:00,N018,0.3719,3.7589,0.1019,0.1341
2026-08-29 21:00:00,N018,0.3776,3.6735,0.0886,0.1247
2026-08-29 21:05:00,N018,0.3949,3.8028,0.0862,0.1293
2026-08-29 21:10:00,N018,0.3746,3.4247,0.0838,0.1499
2026-08-29 21:15:00,N018,0.3622,3.8746,0.1019,0.132
2026-08-29 21:20:00,N018,0.382,3.5136,0.0847,0.1477
2026-08-29 21:25:00,N018,0.3644,3.7537,0.0713,0.1082
2026-08-29 21:30:00,N018,0.4023,3.6278,0.0814,0.1467
2026-08-29 21:35:00,N018,0.3925,3.7424,0.081,0.1221
2026-08-29 21:40:00,N018,0.3786,3.7181,0.0818,0.1291
2026-08-29 21:45:00,N018,0.3781,3.7919,0.0969,0.104
2026-08-29 21:50:00,N018,0.371,3.5288,0.0947,0.1406
2026-08-29 21:55:00,N018,0.3758,3.6109,0.0887,0.1299
2026-08-29 22:00:00,N018,0.3648,3.4996,0.0633,0.1459
2026-08-29 22:05:00,N018,0.3819,3.6921,0.1031,0.1082
2026-08-29 22:10:00,N018,0.3485,3.6975,0.0914,0.1012
2026-08-29 22:15:00,N018,0.3801,3.6062,0.0782,0.1222
2026-08-29 22:20:00,N018,0.3382,3.586,0.0794,0.1357
2026-08-29 22:25:00,N018,0.3725,3.7364,0.0573,0.1148
2026-08-29 22:30:00,N018,0.3833,3.6254,0.098,0.1005
2026-08-29 22:35:00,N018,0.3861,3.5886,0.079,0.1425
2026-08-29 22:40:00,N018,0.3926,3.7922,0.1123,0.1467
2026-08-29 22:45:00,N018,0.3634,3.6878,0.0835,0.1583
2026-08-29 22:50:00,N018,0.392,3.651,0.0984,0.1095
2026-08-29 22:55:00,N018,0.3793,3.5639,0.0676,0.1398
2026-08-29 23:00:00,N018,0.3893,3.734,0.0857,0.1092
2026-08-29 23:05:00,N018,0.3583,3.5656,0.0851,0.1444
2026-08-29 23:10:00,N018,0.3917,3.4869,0.0796,0.1176
2026-08-29 23:15:00,N018,0.338,3.7554,0.0849,0.1268
2026-08-29 23:20:00,N018,0.3962,3.7009,0.0827,0.1372
2026-08-29 23:25:00,N018,0.392,3.7286,0.0961,0.1265
2026-08-29 23:30:00,N018,0.375,3.7094,0.0788,0.1203
2026-08-29 23:35:00,N018,0.397,3.9396,0.107,0.109
2026-08-29 23:40:00,N018,0.3552,3.5585,0.0895,0.0869
2026-08-29 23:45:00,N018,0.3677,3.873,0.0997,0.1215
2026-08-29 23:50:00,N018,0.3702,3.775,0.0991,0.1212
2026-08-29 23:55:00,N018,0.3733,3.6418,0.0719,0.126
2026-08-29 00:00:00,N019,0.1964,2.7576,0.109,0.0942
2026-08-29 00:05:00,N019,0.1761,2.7456,0.1177,0.0832
2026-08-29 00:10:00,N019,0.2099,2.7946,0.1197,0.0972
2026-08-29 00:15:00,N019,0.1889,2.6037,0.1408,0.1195
2026-08-29 00:20:00,N019,0.1474,2.7126,0.0986,0.0865
2026-08-29 00:25:00,N019,0.2014,2.8763,0.1495,0.1002
2026-08-29 00:30:00,N019,0.2121,3.0056,0.128,0.0888
2026-08-29 00:35:00,N019,0.1737,2.8415,0.1336,0.0867
2026-08-29 00:40:00,N019,0.2069,2.8323,0.1216,0.075
2026-08-29 00:45:00,N019,0.1967,2.7063,0.1304,0.1081
2026-08-29 00:50:00,N019,0.1914,2.8685,0.1324,0.0728
2026-08-29 00:55:00,N019,0.1743,2.8569,0.1361,0.1026
2026-08-29 01:00:00,N019,0.1886,3.0454,0.1521,0.1004
2026-08-29 01:05:00,N019,0.2057,2.7669,0.119,0.0963
2026-08-29 01:10:00,N019,0.1673,2.8538,0.1421,0.1099
2026-08-29 01:15:00,N019,0.1837,2.8134,0.1367,0.0727
2026-08-29 01:20:00,N019,0.1851,2.8932,0.1325,0.0902
2026-08-29 01:25:00,N019,0.1752,2.8097,0.1239,0.0647
2026-08-29 01:30:00,N019,0.193,3.0071,0.1424,0.0852
2026-08-29 01:35:00,N019,0.1758,2.9918,0.1405,0.0925
2026-08-29 01:40:00,N019,0.2142,2.9021,0.1297,0.0833
2026-08-29 01:45:00,N019,0.1648,2.9874,0.1316,0.0971
2026-08-29 01:50:00,N019,0.2159,2.8639,0.1048,0.0967
2026-08-29 01:55:00,N019,0.1909,2.8257,0.1376,0.1014
2026-08-29 02:00:00,N019,0.1743,2.8802,0.1505,0.0789
2026-08-29 02:05:00,N019,0.1896,2.6042,0.115,0.0922
2026-08-29 02:10:00,N019,0.2071,2.7585,0.1337,0.0843
2026-08-29 02:15:00,N019,0.2031,2.7786,0.138,0.0802
2026-08-29 02:20:00,N019,0.1922,2.9358,0.1298,0.0973
2026-08-29 02:25:00,N019,0.1897,2.9143,0.1285,0.0914
2026-08-29 02:30:00,N019,0.1924,2.8144,0.1286,0.0745
2026-08-29 02:35:00,N019,0.1886,2.8648,0.1421,0.1005
2026-08-29 02:40:00,N019,0.1755,2.9383,0.1405,0.0879
2026-08-29 02:45:00,N019,0.1785,2.8103,0.1431,0.1042
2026-08-29 02:50:00,N019,0.1864,3.0361,0.0972,0.1107
2026-08-29 02:55:00,N019,0.1873,2.964,0.129,0.1118
2026-08-29 03:00:00,N019,0.1738,3.1267,0.1376,0.1003
2026-08-29 03:05:00,N019,0.1849,2.7955,0.144,0.0957
2026-08-29 03:10:00,N019,0.2104,2.932,0.1278,0.112
2026-08-29 03:15:00,N019,0.2187,2.9592,0.1238,0.1034
2026-08-29 03:20:00,N019,0.1863,3.0327,0.1297,0.1148
2026-08-29 03:25:00,N019,0.1798,3.0213,0.127,0.0873
2026-08-29 03:30:00,N019,0.1842,3.055,0.1438,0.1
2026-08-29 03:35:00,N019,0.1888,2.986,0.1436,0.1056
2026-08-29 03:40:00,N019,0.1502,2.9393,0.1301,0.1018
2026-08-29 03:45:00,N019,0.1897,3.061,0.1199,0.0958
2026-08-29 03:50:00,N019,0.2043,2.8006,0.163,0.1099
2026-08-29 03:55:00,N019,0.1909,2.8809,0.1307,0.0934
2026-08-29 04:00:00,N019,0.1976,3.1631,0.1271,0.1007
2026-08-29 04:05:00,N019,0.1717,2.9362,0.1373,0.1027
2026-08-29 04:10:00,N019,0.1799,2.9357,0.1503,0.1099
2026-08-29 04:15:00,N019,0.1944,2.723,0.163,0.0922
2026-08-29 04:20:00,N019,0.1867,2.9315,0.1373,0.0984
2026-08-29 04:25:00,N019,0.2058,2.8858,0.1291,0.1232
2026-08-29 04:30:00,N019,0.195,2.979,0.1215,0.1004
2026-08-29 04:35:00,N019,0.2072,3.1075,0.1297,0.0984
2026-08-29 04:40:00,N019,0.2169,3.1338,0.1234,0.0549
2026-08-29 04:45:00,N019,0.1964,3.1039,0.1197,0.093
2026-08-29 04:50:00,N019,0.1881,3.0233,0.1263,0.1126
2026-08-29 04:55:00,N019,0.1943,2.9081,0.1438,0.0744
2026-08-29 05:00:00,N019,0.2115,3.1353,0.1495,0.0911
2026-08-29 05:05:00,N019,0.1849,3.0293,0.1318,0.0838
2026-08-29 05:10:00,N019,0.1841,2.978,0.1188,0.1038
2026-08-29 05:15:00,N019,0.1918,2.9877,0.1195,0.0764
2026-08-29 05:20:00,N019,0.2217,2.9522,0.1401,0.0963
2026-08-29 05:25:00,N019,0.1511,3.2454,0.141,0.0825
2026-08-29 05:30:00,N019,0.1924,2.8952,0.1547,0.0805
2026-08-29 05:35:00,N019,0.1851,2.9483,0.1338,0.1148
2026-08-29 05:40:00,N019,0.2199,2.9907,0.1374,0.0955
2026-08-29 05:45:00,N019,0.1784,3.3321,0.1492,0.0972
2026-08-29 05:50:00,N019,0.217,3.1896,0.1338,0.0994
2026-08-29 05:55:00,N019,0.2161,2.9334,0.1529,0.0912
2026-08-29 06:00:00,N019,0.2164,3.0491,0.1369,0.0942
2026-08-29 06:05:00,N019,0.1856,3.0201,0.1494,0.0601
2026-08-29 06:10:00,N019,0.1751,2.9682,0.1199,0.1176
2026-08-29 06:15:00,N019,0.2127,3.1291,0.1252,0.1151
2026-08-29 06:20:00,N019,0.1701,3.3179,0.1246,0.0912
2026-08-29 06:25:00,N019,0.1876,2.9348,0.1559,0.1071
2026-08-29 06:30:00,N019,0.2123,2.9196,0.135,0.1032
2026-08-29 06:35:00,N019,0.1983,2.9299,0.1457,0.0973
2026-08-29 06:40:00,N019,0.18,2.8493,0.1401,0.1323
2026-08-29 06:45:00,N019,0.1792,3.0952,0.1461,0.0766
2026-08-29 06:50:00,N019,0.1873,2.9743,0.1446,0.1156
2026-08-29 06:55:00,N019,0.197,2.9793,0.1275,0.0864
2026-08-29 07:00:00,N019,0.1801,3.0708,0.1397,0.1033
2026-08-29 07:05:00,N019,0.1947,3.0927,0.1318,0.0766
2026-08-29 07:10:00,N019,0.1973,3.0186,0.1166,0.1017
2026-08-29 07:15:00,N019,0.1859,3.1187,0.143,0.082
2026-08-29 07:20:00,N019,0.1965,2.8769,0.1512,0.076
2026-08-29 07:25:00,N019,0.1875,3.2576,0.13,0.0785
2026-08-29 07:30:00,N019,0.2061,3.1826,0.1252,0.0887
2026-08-29 07:35:00,N019,0.1889,3.0777,0.1101,0.094
2026-08-29 07:40:00,N019,0.2223,2.9978,0.1258,0.079
2026-08-29 07:45:00,N019,0.2049,3.2524,0.147,0.0782
2026-08-29 07:50:00,N019,0.2033,3.2829,0.1389,0.1042
2026-08-29 07:55:00,N019,0.1888,3.14,0.1477,0.102
2026-08-29 08:00:00,N019,0.1773,3.0617,0.1473,0.1021
2026-08-29 08:05:00,N019,0.1979,3.0527,0.1471,0.1223
2026-08-29 08:10:00,N019,0.2151,3.2951,0.1285,0.0899
2026-08-29 08:15:00,N019,0.194,3.1294,0.15,0.115
2026-08-29 08:20:00,N019,0.2045,2.9558,0.1126,0.1012
2026-08-29 08:25:00,N019,0.2097,3.1207,0.1558,0.0815
2026-08-29 08:30:00,N019,0.1785,3.0533,0.1244,0.1057
2026-08-29 08:35:00,N019,0.1904,2.9501,0.1435,0.0715
2026-08-29 08:40:00,N019,0.1807,2.9439,0.1353,0.1008
2026-08-29 08:45:00,N019,0.2257,3.251,0.1501,0.1025
2026-08-29 08:50:00,N019,0.1824,3.1595,0.1399,0.1088
2026-08-29 08:55:00,N019,0.19,3.2056,0.1216,0.0827
2026-08-29 09:00:00,N019,0.1805,3.1527,0.1187,0.0921
2026-08-29 09:05:00,N019,0.2109,3.029,0.1268,0.0996
2026-08-29 09:10:00,N019,0.2011,3.0954,0.1423,0.1075
2026-08-29 09:15:00,N019,0.2146,3.1483,0.1267,0.0885
2026-08-29 09:20:00,N019,0.2023,3.1156,0.126,0.0922
2026-08-29 09:25:00,N019,0.1875,3.1875,0.1159,0.1035
2026-08-29 09:30:00,N019,0.208,3.0967,0.1559,0.0994
2026-08-29 09:35:00,N019,0.1745,3.1354,0.1336,0.1059
2026-08-29 09:40:00,N019,0.1942,3.0506,0.1197,0.0895
2026-08-29 09:45:00,N019,0.1898,3.0385,0.124,0.1093
2026-08-29 09:50:00,N019,0.223,3.2682,0.1485,0.1141
2026-08-29 09:55:00,N019,0.2109,3.1397,0.1345,0.0933
2026-08-29 10:00:00,N019,0.1952,3.1912,0.1414,0.1061
2026-08-29 10:05:00,N019,0.1962,3.1925,0.138,0.1098
2026-08-29 10:10:00,N019,0.1759,3.0593,0.1461,0.099
2026-08-29 10:15:00,N019,0.1924,3.1598,0.1297,0.1084
2026-08-29 10:20:00,N019,0.1823,3.1971,0.1358,0.1061
2026-08-29 10:25:00,N019,0.2023,3.2589,0.1259,0.0861
2026-08-29 10:30:00,N019,0.236,3.1636,0.1306,0.1105
2026-08-29 10:35:00,N019,0.2232,3.1372,0.1208,0.0818
2026-08-29 10:40:00,N019,0.2232,3.0807,0.1325,0.0859
2026-08-29 10:45:00,N019,0.1777,3.173,0.1216,0.0903
2026-08-29 10:50:00,N019,0.2296,3.2618,0.144,0.1131
2026-08-29 10:55:00,N019,0.1981,3.1608,0.1358,0.1034
2026-08-29 11:00:00,N019,0.1912,3.232,0.1243,0.0984
2026-08-29 11:05:00,N019,0.1948,3.0669,0.1046,0.087
2026-08-29 11:10:00,N019,0.227,3.1848,0.1421,0.0693
2026-08-29 11:15:00,N019,0.1849,3.0622,0.1304,0.1376
2026-08-29 11:20:00,N019,0.2071,3.431,0.1298,0.1219
2026-08-29 11:25:00,N019,0.2314,3.2172,0.1263,0.0817
2026-08-29 11:30:00,N019,0.1957,3.2429,0.1572,0.0822
2026-08-29 11:35:00,N019,0.2014,3.0181,0.1277,0.1064
2026-08-29 11:40:00,N019,0.2083,3.3093,0.1376,0.1105
2026-08-29 11:45:00,N019,0.2014,3.1156,0.1106,0.0937
2026-08-29 11:50:00,N019,0.1988,3.3946,0.1316,0.0991
2026-08-29 11:55:00,N019,0.2067,3.2145,0.1425,0.1318
2026-08-29 12:00:00,N019,0.2338,3.2614,0.1369,0.1259
2026-08-29 12:05:00,N019,0.1988,3.334,0.1192,0.0977
2026-08-29 12:10:00,N019,0.2185,3.1691,0.1313,0.0788
2026-08-29 12:15:00,N019,0.2314,3.4096,0.1351,0.1101
2026-08-29 12:20:00,N019,0.2073,3.427,0.1266,0.1136
2026-08-29 12:25:00,N019,0.2177,3.4095,0.1057,0.0938
2026-08-29 12:30:00,N019,0.1863,3.2843,0.1086,0.0722
2026-08-29 12:35:00,N019,0.2343,3.3433,0.1343,0.1084
2026-08-29 12:40:00,N019,0.204,3.3916,0.1252,0.1059
2026-08-29 12:45:00,N019,0.2053,3.1491,0.1481,0.0965
2026-08-29 12:50:00,N019,0.2173,3.2913,0.1524,0.0876
2026-08-29 12:55:00,N019,0.1859,3.1716,0.1344,0.1265
2026-08-29 13:00:00,N019,0.2261,3.0059,0.1358,0.0553
2026-08-29 13:05:00,N019,0.2143,3.42,0.1323,0.1048
2026-08-29 13:10:00,N019,0.2035,3.1945,0.138,0.1002
2026-08-29 13:15:00,N019,0.2165,3.2778,0.1225,0.0807
2026-08-29 13:20:00,N019,0.1747,3.4517,0.1273,0.109
2026-08-29 13:25:00,N019,0.2295,3.2294,0.1253,0.102
2026-08-29 13:30:00,N019,0.2033,3.5262,0.1516,0.1134
2026-08-29 13:35:00,N019,0.2247,3.2811,0.1364,0.0997
2026-08-29 13:40:00,N019,0.1837,3.4497,0.1392,0.1046
2026-08-29 13:45:00,N019,0.2031,3.1273,0.1211,0.1094
2026-08-29 13:50:00,N019,0.1953,3.2847,0.1316,0.0943
2026-08-29 13:55:00,N019,0.1889,3.1201,0.1311,0.1139
2026-08-29 14:00:00,N019,0.1788,3.3135,0.1362,0.0899
2026-08-29 14:05:00,N019,0.2249,3.2729,0.1316,0.1024
2026-08-29 14:10:00,N019,0.1771,3.443,0.1214,0.1014
2026-08-29 14:15:00,N019,0.2128,3.5,0.1199,0.0983
2026-08-29 14:20:00,N019,0.2246,3.3831,0.1409,0.0894
2026-08-29 14:25:00,N019,0.1983,3.3101,0.1225,0.0801
2026-08-29 14:30:00,N019,0.1965,3.4956,0.1335,0.126
2026-08-29 14:35:00,N019,0.2069,3.2441,0.1481,0.1086
2026-08-29 14:40:00,N019,0.2187,3.2104,0.1453,0.1216
2026-08-29 14:45:00,N019,0.2088,3.2446,0.1323,0.1148
2026-08-29 14:50:00,N019,0.208,3.4163,0.145,0.096
2026-08-29 14:55:00,N019,0.1873,3.3424,0.1289,0.1177
2026-08-29 15:00:00,N019,0.1886,3.4722,0.1491,0.106
2026-08-29 15:05:00,N019,0.2057,3.2604,0.1263,0.0999
2026-08-29 15:10:00,N019,0.2266,3.3467,0.117,0.11
2026-08-29 15:15:00,N019,0.2174,3.355,0.1504,0.1179
2026-08-29 15:20:00,N019,0.1894,3.2947,0.1355,0.0814
2026-08-29 15:25:00,N019,0.2103,3.1522,0.1451,0.1201
2026-08-29 15:30:00,N019,0.2129,3.2853,0.1349,0.0989
2026-08-29 15:35:00,N019,0.19,3.3285,0.1412,0.1074
2026-08-29 15:40:00,N019,0.2273,3.4638,0.1407,0.0827
2026-08-29 15:45:00,N019,0.2014,3.247,0.1306,0.0965
2026-08-29 15:50:00,N019,0.2001,3.5048,0.1385,0.1221
2026-08-29 15:55:00,N019,0.1819,3.3872,0.1444,0.1297
2026-08-29 16:00:00,N019,0.1828,3.3409,0.1452,0.1043
2026-08-29 16:05:00,N019,0.1924,3.1998,0.1214,0.082
2026-08-29 16:10:00,N019,0.2071,3.4962,0.1177,0.1113
2026-08-29 16:15:00,N019,0.219,3.3911,0.1135,0.1133
2026-08-29 16:20:00,N019,0.2056,3.3754,0.1263,0.1089
2026-08-29 16:25:00,N019,0.2142,3.6838,0.1342,0.1304
2026-08-29 16:30:00,N019,0.212,3.3878,0.1346,0.0895
2026-08-29 16:35:00,N019,0.2113,3.1635,0.1225,0.1096
2026-08-29 16:40:00,N019,0.2247,3.577,0.13,0.1104
2026-08-29 16:45:00,N019,0.2217,3.2485,0.1377,0.0957
2026-08-29 16:50:00,N019,0.2044,3.3558,0.138,0.1165
2026-08-29 16:55:00,N019,0.2205,3.4554,0.1349,0.1362
2026-08-29 17:00:00,N019,0.1844,3.6199,0.1293,0.117
2026-08-29 17:05:00,N019,0.2025,3.3349,0.1386,0.1242
2026-08-29 17:10:00,N019,0.2145,3.3569,0.1762,0.1267
2026-08-29 17:15:00,N019,0.2215,3.3824,0.1253,0.1046
2026-08-29 17:20:00,N019,0.2239,3.3086,0.12,0.117
2026-08-29 17:25:00,N019,0.2125,3.3378,0.1197,0.1306
2026-08-29 17:30:00,N019,0.2132,3.2694,0.1173,0.1037
2026-08-29 17:35:00,N019,0.219,3.5072,0.1464,0.0868
2026-08-29 17:40:00,N019,0.2114,3.6097,0.1488,0.1147
2026-08-29 17:45:00,N019,0.2434,3.5145,0.1453,0.1101
2026-08-29 17:50:00,N019,0.1966,3.3391,0.135,0.1063
2026-08-29 17:55:00,N019,0.1818,3.3239,0.129,0.1205
2026-08-29 18:00:00,N019,0.2082,3.4411,0.121,0.1101
2026-08-29 18:05:00,N019,0.2284,3.4712,0.1147,0.091
2026-08-29 18:10:00,N019,0.2175,3.4284,0.1319,0.1007
2026-08-29 18:15:00,N019,0.2163,3.4219,0.1306,0.0973
2026-08-29 18:20:00,N019,0.2227,3.4343,0.1401,0.0922
2026-08-29 18:25:00,N019,0.235,3.6169,0.1099,0.0982
2026-08-29 18:30:00,N019,0.2163,3.308,0.1312,0.1167
2026-08-29 18:35:00,N019,0.2064,3.5338,0.1245,0.0768
2026-08-29 18:40:00,N019,0.224,3.589,0.1629,0.0774
2026-08-29 18:45:00,N019,0.2207,3.2385,0.1539,0.118
2026-08-29 18:50:00,N019,0.1952,3.5711,0.1262,0.1153
2026-08-29 18:55:00,N019,0.2127,3.6896,0.1546,0.1019
2026-08-29 19:00:00,N019,0.2256,3.5256,0.1159,0.1005
2026-08-29 19:05:00,N019,0.2449,3.5288,0.1448,0.1079
2026-08-29 19:10:00,N019,0.2018,3.4919,0.1296,0.0888
2026-08-29 19:15:00,N019,0.195,3.5763,0.1282,0.1117
2026-08-29 19:20:00,N019,0.2137,3.5317,0.1466,0.0949
2026-08-29 19:25:00,N019,0.2188,3.5875,0.1446,0.0903
2026-08-29 19:30:00,N019,0.2142,3.7057,0.1316,0.1188
2026-08-29 19:35:00,N019,0.2222,3.3794,0.1548,0.1192
2026-08-29 19:40:00,N019,0.2184,3.3058,0.1424,0.1194
2026-08-29 19:45:00,N019,0.235,3.4707,0.121,0.1017
2026-08-29 19:50:00,N019,0.2032,3.3766,0.1483,0.1319
2026-08-29 19:55:00,N019,0.2079,3.4665,0.111,0.1226
2026-08-29 20:00:00,N019,0.2358,3.4399,0.1314,0.1187
2026-08-29 20:05:00,N019,0.237,3.5431,0.1352,0.115
2026-08-29 20:10:00,N019,0.1898,3.3483,0.1231,0.1276
2026-08-29 20:15:00,N019,0.2063,3.4612,0.1263,0.1105
2026-08-29 20:20:00,N019,0.2369,3.5094,0.1234,0.113
2026-08-29 20:25:00,N019,0.2378,3.4699,0.1186,0.1052
2026-08-29 20:30:00,N019,0.2135,3.6156,0.1449,0.0972
2026-08-29 20:35:00,N019,0.1974,3.497,0.141,0.094
2026-08-29 20:40:00,N019,0.2027,3.4675,0.1441,0.121
2026-08-29 20:45:00,N019,0.2255,3.702,0.1291,0.0953
2026-08-29 20:50:00,N019,0.1943,3.3236,0.1273,0.1075
2026-08-29 20:55:00,N019,0.2239,3.549,0.1269,0.1116
2026-08-29 21:00:00,N019,0.1966,3.6728,0.1234,0.0964
2026-08-29 21:05:00,N019,0.2246,3.6214,0.1121,0.1264
2026-08-29 21:10:00,N019,0.2013,3.5104,0.1351,0.1225
2026-08-29 21:15:00,N019,0.2192,3.5521,0.1277,0.12
2026-08-29 21:20:00,N019,0.2109,3.7775,0.1399,0.1
2026-08-29 21:25:00,N019,0.2056,3.5694,0.1484,0.1352
2026-08-29 21:30:00,N019,0.2069,3.4544,0.1201,0.1179
2026-08-29 21:35:00,N019,0.2475,3.6339,0.1137,0.1033
2026-08-29 21:40:00,N019,0.2037,3.4733,0.1282,0.1198
2026-08-29 21:45:00,N019,0.2234,3.7057,0.1391,0.0851
2026-08-29 21:50:00,N019,0.1974,3.5585,0.1346,0.1274
2026-08-29 21:55:00,N019,0.214,3.5864,0.1357,0.1108
2026-08-29 22:00:00,N019,0.2148,3.7182,0.1318,0.1143
2026-08-29 22:05:00,N019,0.2131,3.7416,0.1195,0.1415
2026-08-29 22:10:00,N019,0.196,3.5101,0.1418,0.1304
2026-08-29 22:15:00,N019,0.1927,3.4603,0.1362,0.1502
2026-08-29 22:20:00,N019,0.2326,3.5644,0.1038,0.1164
2026-08-29 22:25:00,N019,0.2194,3.551,0.1226,0.1176
2026-08-29 22:30:00,N019,0.2,3.8244,0.151,0.1252
2026-08-29 22:35:00,N019,0.2156,3.5233,0.1326,0.14
2026-08-29 22:40:00,N019,0.2273,3.6297,0.1439,0.1237
2026-08-29 22:45:00,N019,0.2204,3.7257,0.139,0.1285
2026-08-29 22:50:00,N019,0.2169,3.5803,0.1262,0.1058
2026-08-29 22:55:00,N019,0.1906,3.5042,0.1215,0.1083
2026-08-29 23:00:00,N019,0.2382,3.5975,0.1357,0.1201
2026-08-29 23:05:00,N019,0.2387,3.5501,0.1301,0.1145
2026-08-29 23:10:00,N019,0.232,3.7832,0.1385,0.1347
2026-08-29 23:15:00,N019,0.2177,3.604,0.147,0.1236
2026-08-29 23:20:00,N019,0.2041,3.7472,0.1303,0.1114
2026-08-29 23:25:00,N019,0.2286,3.6196,0.1375,0.1264
2026-08-29 23:30:00,N019,0.2036,3.6792,0.149,0.1022
2026-08-29 23:35:00,N019,0.2222,3.5363,0.1451,0.1319
2026-08-29 23:40:00,N019,0.2103,3.9038,0.1461,0.1274
2026-08-29 23:45:00,N019,0.2254,3.7595,0.1209,0.1198
2026-08-29 23:50:00,N019,0.2215,3.5962,0.1384,0.1355
2026-08-29 23:55:00,N019,0.2096,3.6404,0.123,0.0903
2026-08-29 00:00:00,N020,0.2444,3.9902,0.0876,0.0619
2026-08-29 00:05:00,N020,0.2504,3.7131,0.0951,0.0428
2026-08-29 00:10:00,N020,0.2333,3.7383,0.0855,0.0564
2026-08-29 00:15:00,N020,0.2475,3.7584,0.0997,0.0743
2026-08-29 00:20:00,N020,0.245,3.8124,0.0807,0.0573
2026-08-29 00:25:00,N020,0.2267,3.7574,0.0979,0.0666
2026-08-29 00:30:00,N020,0.2723,3.8394,0.0833,0.056
2026-08-29 00:35:00,N020,0.2431,3.7989,0.0909,0.0627
2026-08-29 00:40:00,N020,0.2403,4.031,0.1104,0.0798
2026-08-29 00:45:00,N020,0.2565,3.9751,0.1099,0.0739
2026-08-29 00:50:00,N020,0.2394,3.9335,0.0951,0.0476
2026-08-29 00:55:00,N020,0.244,4.0213,0.0657,0.0439
2026-08-29 01:00:00,N020,0.2458,3.9344,0.0713,0.0609
2026-08-29 01:05:00,N020,0.2658,3.903,0.0989,0.054
2026-08-29 01:10:00,N020,0.2365,3.9994,0.092,0.0452
2026-08-29 01:15:00,N020,0.2367,4.0881,0.0765,0.0771
2026-08-29 01:20:00,N020,0.2417,3.9027,0.0911,0.0317
2026-08-29 01:25:00,N020,0.227,3.9162,0.0789,0.0782
2026-08-29 01:30:00,N020,0.2249,3.9765,0.0711,0.0581
2026-08-29 01:35:00,N020,0.2332,4.1397,0.0715,0.0617
2026-08-29 01:40:00,N020,0.2233,4.1062,0.0924,0.0656
2026-08-29 01:45:00,N020,0.2715,3.9347,0.0902,0.0657
2026-08-29 01:50:00,N020,0.2579,3.8607,0.085,0.076
2026-08-29 01:55:00,N020,0.2537,3.9088,0.0708,0.0864
2026-08-29 02:00:00,N020,0.2397,4.0438,0.0897,0.0446
2026-08-29 02:05:00,N020,0.2686,3.9586,0.1036,0.0614
2026-08-29 02:10:00,N020,0.2604,3.7194,0.0816,0.0451
2026-08-29 02:15:00,N020,0.2444,3.9903,0.0804,0.0773
2026-08-29 02:20:00,N020,0.2372,4.0427,0.1033,0.0796
2026-08-29 02:25:00,N020,0.245,3.6842,0.0946,0.0627
2026-08-29 02:30:00,N020,0.2356,3.8752,0.1048,0.0476
2026-08-29 02:35:00,N020,0.2574,3.9709,0.0833,0.0744
2026-08-29 02:40:00,N020,0.275,3.912,0.0847,0.0742
2026-08-29 02:45:00,N020,0.2644,3.935,0.0839,0.0317
2026-08-29 02:50:00,N020,0.239,3.8164,0.0958,0.0614
2026-08-29 02:55:00,N020,0.2466,3.9548,0.0772,0.0885
2026-08-29 03:00:00,N020,0.2704,4.1528,0.0958,0.0648
2026-08-29 03:05:00,N020,0.2752,3.8797,0.0772,0.0563
2026-08-29 03:10:00,N020,0.259,3.8728,0.0857,0.0414
2026-08-29 03:15:00,N020,0.2584,3.7849,0.0764,0.0838
2026-08-29 03:20:00,N020,0.269,4.0147,0.0909,0.0577
2026-08-29 03:25:00,N020,0.2398,3.9291,0.0694,0.0696
2026-08-29 03:30:00,N020,0.2523,3.8633,0.1064,0.075
2026-08-29 03:35:00,N020,0.262,3.9196,0.0876,0.0754
2026-08-29 03:40:00,N020,0.254,4.1731,0.0852,0.0585
2026-08-29 03:45:00,N020,0.2614,3.8319,0.0987,0.0467
2026-08-29 03:50:00,N020,0.2615,3.9086,0.0933,0.0799
2026-08-29 03:55:00,N020,0.2544,3.8453,0.0768,0.0555
2026-08-29 04:00:00,N020,0.2237,4.1273,0.0889,0.0495
2026-08-29 04:05:00,N020,0.2741,3.9106,0.0906,0.0542
2026-08-29 04:10:00,N020,0.2221,3.8338,0.0822,0.0802
2026-08-29 04:15:00,N020,0.2577,4.0171,0.0635,0.0859
2026-08-29 04:20:00,N020,0.2559,3.9888,0.1012,0.0856
2026-08-29 04:25:00,N020,0.27,3.9762,0.0756,0.0819
2026-08-29 04:30:00,N020,0.2323,4.2423,0.0879,0.0512
2026-08-29 04:35:00,N020,0.2344,3.8581,0.0893,0.0671
2026-08-29 04:40:00,N020,0.2345,3.9714,0.0712,0.0762
2026-08-29 04:45:00,N020,0.2523,3.9716,0.0722,0.0629
2026-08-29 04:50:00,N020,0.247,4.0579,0.0896,0.0794
2026-08-29 04:55:00,N020,0.246,3.7993,0.0995,0.0536
2026-08-29 05:00:00,N020,0.2368,4.0201,0.0912,0.0598
2026-08-29 05:05:00,N020,0.2454,3.9812,0.1046,0.0678
2026-08-29 05:10:00,N020,0.2391,3.9159,0.0846,0.0715
2026-08-29 05:15:00,N020,0.261,4.0485,0.0775,0.0617
2026-08-29 05:20:00,N020,0.2648,3.8989,0.082,0.0771
2026-08-29 05:25:00,N020,0.2671,4.0161,0.0827,0.0484
2026-08-29 05:30:00,N020,0.2619,4.2002,0.1184,0.0742
2026-08-29 05:35:00,N020,0.2534,3.9344,0.0651,0.0711
2026-08-29 05:40:00,N020,0.2895,4.2,0.101,0.0723
2026-08-29 05:45:00,N020,0.2597,3.7595,0.0968,0.06
2026-08-29 05:50:00,N020,0.2439,4.0143,0.0833,0.058
2026-08-29 05:55:00,N020,0.2548,3.9889,0.0888,0.0466
2026-08-29 06:00:00,N020,0.2515,3.9271,0.0799,0.0712
2026-08-29 06:05:00,N020,0.2307,3.9627,0.0944,0.0479
2026-08-29 06:10:00,N020,0.2815,4.2087,0.0817,0.0574
2026-08-29 06:15:00,N020,0.258,3.8933,0.0636,0.0624
2026-08-29 06:20:00,N020,0.2531,4.0811,0.0802,0.0885
2026-08-29 06:25:00,N020,0.2328,3.9359,0.0934,0.0521
2026-08-29 06:30:00,N020,0.2373,4.0901,0.075,0.0676
2026-08-29 06:35:00,N020,0.2449,3.9747,0.0624,0.0718
2026-08-29 06:40:00,N020,0.2368,4.0607,0.0815,0.0667
2026-08-29 06:45:00,N020,0.2534,4.1069,0.0789,0.0886
2026-08-29 06:50:00,N020,0.228,4.0592,0.0976,0.0772
2026-08-29 06:55:00,N020,0.2412,3.9922,0.0755,0.0791
2026-08-29 07:00:00,N020,0.2448,4.1226,0.0908,0.1058
2026-08-29 07:05:00,N020,0.2607,3.9974,0.0701,0.0662
2026-08-29 07:10:00,N020,0.2543,3.8323,0.079,0.0749
2026-08-29 07:15:00,N020,0.2482,4.2166,0.0689,0.0807
2026-08-29 07:20:00,N020,0.27,4.2179,0.0688,0.0754
2026-08-29 07:25:00,N020,0.2464,3.9371,0.0826,0.0572
2026-08-29 07:30:00,N020,0.2703,4.1702,0.0738,0.06
2026-08-29 07:35:00,N020,0.2509,4.1027,0.0997,0.0814
2026-08-29 07:40:00,N020,0.2575,4.0829,0.0663,0.0905
2026-08-29 07:45:00,N020,0.2501,4.3036,0.09,0.1016
2026-08-29 07:50:00,N020,0.266,3.9479,0.0802,0.0688
2026-08-29 07:55:00,N020,0.244,4.0773,0.0712,0.0715
2026-08-29 08:00:00,N020,0.2607,4.0048,0.1109,0.0725
2026-08-29 08:05:00,N020,0.245,3.9325,0.0883,0.0677
2026-08-29 08:10:00,N020,0.2691,4.1137,0.0733,0.0968
2026-08-29 08:15:00,N020,0.264,4.1032,0.0896,0.0789
2026-08-29 08:20:00,N020,0.2361,4.1554,0.0822,0.0795
2026-08-29 08:25:00,N020,0.2466,4.0666,0.1076,0.0905
2026-08-29 08:30:00,N020,0.2084,4.2808,0.0867,0.0615
2026-08-29 08:35:00,N020,0.2428,4.0309,0.0795,0.0553
2026-08-29 08:40:00,N020,0.2377,4.0227,0.0915,0.0731
2026-08-29 08:45:00,N020,0.2664,4.1424,0.0719,0.0799
2026-08-29 08:50:00,N020,0.2431,4.2307,0.0736,0.0622
2026-08-29 08:55:00,N020,0.2529,4.2368,0.0897,0.073
2026-08-29 09:00:00,N020,0.2867,3.9382,0.0751,0.0565
2026-08-29 09:05:00,N020,0.232,4.0751,0.0959,0.064
2026-08-29 09:10:00,N020,0.2536,3.9575,0.0781,0.066
2026-08-29 09:15:00,N020,0.2684,3.966,0.0821,0.0894
2026-08-29 09:20:00,N020,0.2522,3.9159,0.103,0.0842
2026-08-29 09:25:00,N020,0.272,3.9633,0.1058,0.0617
2026-08-29 09:30:00,N020,0.2514,4.091,0.099,0.0707
2026-08-29 09:35:00,N020,0.2664,4.1872,0.0865,0.0593
2026-08-29 09:40:00,N020,0.2864,4.0053,0.0926,0.0792
2026-08-29 09:45:00,N020,0.2767,4.3502,0.086,0.0817
2026-08-29 09:50:00,N020,0.2859,4.1786,0.0748,0.068
2026-08-29 09:55:00,N020,0.24,4.2338,0.1004,0.0721
2026-08-29 10:00:00,N020,0.2353,4.3146,0.0663,0.0508
2026-08-29 10:05:00,N020,0.2571,4.225,0.0927,0.0731
2026-08-29 10:10:00,N020,0.2863,4.2054,0.1,0.086
2026-08-29 10:15:00,N020,0.2406,4.1799,0.1131,0.0668
2026-08-29 10:20:00,N020,0.25,4.2236,0.082,0.0625
2026-08-29 10:25:00,N020,0.2529,4.3777,0.086,0.0546
2026-08-29 10:30:00,N020,0.2376,4.4735,0.0849,0.0812
2026-08-29 10:35:00,N020,0.2488,4.2499,0.1051,0.065
2026-08-29 10:40:00,N020,0.2674,4.0455,0.1119,0.0789
2026-08-29 10:45:00,N020,0.2544,4.1812,0.0815,0.0681
2026-08-29 10:50:00,N020,0.224,4.208,0.0859,0.0824
2026-08-29 10:55:00,N020,0.253,4.13,0.0875,0.051
2026-08-29 11:00:00,N020,0.2631,4.0019,0.1011,0.0855
2026-08-29 11:05:00,N020,0.2471,4.3074,0.0889,0.0602
2026-08-29 11:10:00,N020,0.2308,4.2688,0.0781,0.0919
2026-08-29 11:15:00,N020,0.2614,4.1497,0.1092,0.0842
2026-08-29 11:20:00,N020,0.2065,4.1781,0.071,0.0637
2026-08-29 11:25:00,N020,0.2593,4.2817,0.0907,0.0919
2026-08-29 11:30:00,N020,0.2711,4.311,0.09,0.0952
2026-08-29 11:35:00,N020,0.2569,4.2099,0.0647,0.0918
2026-08-29 11:40:00,N020,0.2606,4.5996,0.0827,0.0774
2026-08-29 11:45:00,N020,0.27,4.1181,0.0919,0.0767
2026-08-29 11:50:00,N020,0.2574,4.3938,0.0768,0.0804
2026-08-29 11:55:00,N020,0.2839,4.1711,0.084,0.1116
2026-08-29 12:00:00,N020,0.2693,4.1979,0.0972,0.068
2026-08-29 12:05:00,N020,0.2388,4.4261,0.0744,0.1134
2026-08-29 12:10:00,N020,0.255,4.5202,0.0712,0.0921
2026-08-29 12:15:00,N020,0.27,4.3675,0.0992,0.0694
2026-08-29 12:20:00,N020,0.2429,4.2637,0.0903,0.0698
2026-08-29 12:25:00,N020,0.2668,4.3121,0.0767,0.083
2026-08-29 12:30:00,N020,0.2588,4.1913,0.0971,0.0655
2026-08-29 12:35:00,N020,0.256,4.2867,0.1041,0.0801
2026-08-29 12:40:00,N020,0.2709,4.2452,0.0867,0.0766
2026-08-29 12:45:00,N020,0.2675,4.2481,0.1037,0.0718
2026-08-29 12:50:00,N020,0.2376,4.6156,0.0837,0.0972
2026-08-29 12:55:00,N020,0.2844,4.4026,0.0852,0.082
2026-08-29 13:00:00,N020,0.2443,4.5308,0.0774,0.074
2026-08-29 13:05:00,N020,0.265,4.2819,0.0797,0.0988
2026-08-29 13:10:00,N020,0.2779,4.3362,0.0828,0.0939
2026-08-29 13:15:00,N020,0.2568,4.4888,0.0889,0.0965
2026-08-29 13:20:00,N020,0.2621,4.3117,0.1023,0.1111
2026-08-29 13:25:00,N020,0.2873,4.4111,0.0947,0.0707
2026-08-29 13:30:00,N020,0.2685,4.1991,0.0921,0.085
2026-08-29 13:35:00,N020,0.2347,4.3161,0.0926,0.0772
2026-08-29 13:40:00,N020,0.2696,4.1532,0.0783,0.0941
2026-08-29 13:45:00,N020,0.2644,4.3578,0.0811,0.079
2026-08-29 13:50:00,N020,0.2299,4.4213,0.1093,0.0628
2026-08-29 13:55:00,N020,0.2505,4.3754,0.1053,0.0789
2026-08-29 14:00:00,N020,0.2462,4.3003,0.0753,0.069
2026-08-29 14:05:00,N020,0.2602,4.2166,0.0783,0.0802
2026-08-29 14:10:00,N020,0.2681,4.16,0.0924,0.0735
2026-08-29 14:15:00,N020,0.2758,4.4273,0.0811,0.0885
2026-08-29 14:20:00,N020,0.2525,4.4953,0.078,0.0847
2026-08-29 14:25:00,N020,0.2624,4.2172,0.0984,0.0703
2026-08-29 14:30:00,N020,0.2398,3.9961,0.0771,0.1003
2026-08-29 14:35:00,N020,0.2843,4.2585,0.0831,0.0728
2026-08-29 14:40:00,N020,0.2455,4.2337,0.0994,0.0874
2026-08-29 14:45:00,N020,0.2697,4.1901,0.0888,0.0454
2026-08-29 14:50:00,N020,0.2783,4.3841,0.0715,0.1043
2026-08-29 14:55:00,N020,0.2389,4.4195,0.0943,0.0616
2026-08-29 15:00:00,N020,0.2653,4.1622,0.0535,0.0642
2026-08-29 15:05:00,N020,0.2568,4.4387,0.0884,0.0818
2026-08-29 15:10:00,N020,0.2509,4.3006,0.0765,0.0621
2026-08-29 15:15:00,N020,0.2573,4.3759,0.0807,0.0757
2026-08-29 15:20:00,N020,0.2768,4.3097,0.0716,0.0891
2026-08-29 15:25:00,N020,0.2704,4.412,0.0951,0.0876
2026-08-29 15:30:00,N020,0.267,4.6623,0.0722,0.0721
2026-08-29 15:35:00,N020,0.2812,4.3952,0.0967,0.0835
2026-08-29 15:40:00,N020,0.2874,4.26,0.1037,0.0987
2026-08-29 15:45:00,N020,0.2487,4.4593,0.0871,0.0721
2026-08-29 15:50:00,N020,0.2386,4.2651,0.0961,0.0935
2026-08-29 15:55:00,N020,0.2639,4.4872,0.099,0.0837
2026-08-29 16:00:00,N020,0.2563,4.4449,0.0935,0.0916
2026-08-29 16:05:00,N020,0.2802,4.2313,0.0815,0.0531
2026-08-29 16:10:00,N020,0.2786,4.3721,0.0928,0.0596
2026-08-29 16:15:00,N020,0.2885,4.257,0.0969,0.0836
2026-08-29 16:20:00,N020,0.2647,4.3707,0.08,0.1014
2026-08-29 16:25:00,N020,0.2679,4.2536,0.083,0.084
2026-08-29 16:30:00,N020,0.2813,4.3361,0.0812,0.0825
2026-08-29 16:35:00,N020,0.281,4.2472,0.0937,0.0753
2026-08-29 16:40:00,N020,0.2631,4.6544,0.0853,0.0937
2026-08-29 16:45:00,N020,0.2789,4.2754,0.0655,0.0948
2026-08-29 16:50:00,N020,0.252,4.2201,0.0999,0.0673
2026-08-29 16:55:00,N020,0.2567,4.6595,0.0677,0.0638
2026-08-29 17:00:00,N020,0.2615,4.3965,0.0769,0.0654
2026-08-29 17:05:00,N020,0.2912,4.4597,0.0946,0.0808
2026-08-29 17:10:00,N020,0.273,4.5428,0.0757,0.0869
2026-08-29 17:15:00,N020,0.2792,4.619,0.111,0.0841
2026-08-29 17:20:00,N020,0.2859,4.116,0.1062,0.0723
2026-08-29 17:25:00,N020,0.2653,4.4921,0.0858,0.0862
2026-08-29 17:30:00,N020,0.2929,4.3959,0.0746,0.1106
2026-08-29 17:35:00,N020,0.277,4.6754,0.098,0.0636
2026-08-29 17:40:00,N020,0.2789,4.3295,0.0877,0.0825
2026-08-29 17:45:00,N020,0.2451,4.3528,0.1141,0.0873
2026-08-29 17:50:00,N020,0.2668,4.6706,0.0829,0.0824
2026-08-29 17:55:00,N020,0.2844,4.4078,0.0787,0.0501
2026-08-29 18:00:00,N020,0.2556,4.3451,0.0895,0.0749
2026-08-29 18:05:00,N020,0.3021,4.3345,0.1044,0.0874
2026-08-29 18:10:00,N020,0.282,4.5537,0.061,0.084
2026-08-29 18:15:00,N020,0.266,4.331,0.0931,0.1101
2026-08-29 18:20:00,N020,0.23,4.4056,0.0727,0.0855
2026-08-29 18:25:00,N020,0.2653,4.3999,0.0959,0.1091
2026-08-29 18:30:00,N020,0.3102,4.3866,0.0658,0.093
2026-08-29 18:35:00,N020,0.2945,4.5757,0.1069,0.0814
2026-08-29 18:40:00,N020,0.2614,4.4947,0.0836,0.0948
2026-08-29 18:45:00,N020,0.2851,4.6094,0.0937,0.0886
2026-08-29 18:50:00,N020,0.2826,4.2509,0.0901,0.0858
2026-08-29 18:55:00,N020,0.274,4.4787,0.0928,0.0765
2026-08-29 19:00:00,N020,0.2879,4.5488,0.0894,0.0748
2026-08-29 19:05:00,N020,0.2832,4.5196,0.0785,0.0845
2026-08-29 19:10:00,N020,0.2806,4.5637,0.0935,0.0869
2026-08-29 19:15:00,N020,0.2866,4.6489,0.0965,0.0768
2026-08-29 19:20:00,N020,0.2555,4.4378,0.1111,0.0899
2026-08-29 19:25:00,N020,0.3033,4.4914,0.0845,0.0847
2026-08-29 19:30:00,N020,0.2702,4.4158,0.0738,0.0934
2026-08-29 19:35:00,N020,0.2875,4.8048,0.0824,0.0807
2026-08-29 19:40:00,N020,0.2602,4.6493,0.0974,0.0729
2026-08-29 19:45:00,N020,0.2583,4.6313,0.0922,0.0976
2026-08-29 19:50:00,N020,0.2587,4.2944,0.0771,0.0966
2026-08-29 19:55:00,N020,0.3037,4.471,0.1149,0.0989
2026-08-29 20:00:00,N020,0.2513,4.551,0.098,0.0501
2026-08-29 20:05:00,N020,0.2819,4.6688,0.0924,0.0857
2026-08-29 20:10:00,N020,0.2698,4.5031,0.0735,0.0764
2026-08-29 20:15:00,N020,0.2662,4.5473,0.0809,0.0738
2026-08-29 20:20:00,N020,0.284,4.5809,0.0811,0.0945
2026-08-29 20:25:00,N020,0.2659,4.5468,0.0993,0.078
2026-08-29 20:30:00,N020,0.2552,4.5246,0.0712,0.083
2026-08-29 20:35:00,N020,0.2687,4.2491,0.094,0.0845
2026-08-29 20:40:00,N020,0.2907,4.5734,0.0964,0.1052
2026-08-29 20:45:00,N020,0.2711,4.5502,0.0687,0.106
2026-08-29 20:50:00,N020,0.271,4.4324,0.0965,0.0549
2026-08-29 20:55:00,N020,0.2669,4.6649,0.0824,0.0769
2026-08-29 21:00:00,N020,0.2672,4.3175,0.0962,0.0859
2026-08-29 21:05:00,N020,0.2694,4.5292,0.0878,0.0977
2026-08-29 21:10:00,N020,0.2728,4.4008,0.0945,0.0954
2026-08-29 21:15:00,N020,0.2768,4.696,0.088,0.1047
2026-08-29 21:20:00,N020,0.2949,4.6396,0.0786,0.0862
2026-08-29 21:25:00,N020,0.2925,4.3928,0.0829,0.0831
2026-08-29 21:30:00,N020,0.2611,4.6801,0.0921,0.0777
2026-08-29 21:35:00,N020,0.2832,4.5591,0.0769,0.0778
2026-08-29 21:40:00,N020,0.2808,4.6936,0.0818,0.0968
2026-08-29 21:45:00,N020,0.2981,4.4326,0.0919,0.1012
2026-08-29 21:50:00,N020,0.273,4.735,0.114,0.094
2026-08-29 21:55:00,N020,0.2711,4.7064,0.0977,0.0511
2026-08-29 22:00:00,N020,0.2746,4.5446,0.0924,0.0861
2026-08-29 22:05:00,N020,0.2735,4.4912,0.0964,0.1139
2026-08-29 22:10:00,N020,0.2622,4.4299,0.0878,0.0888
2026-08-29 22:15:00,N020,0.2925,4.4528,0.0812,0.0571
2026-08-29 22:20:00,N020,0.2957,4.6332,0.082,0.0696
2026-08-29 22:25:00,N020,0.2567,4.6556,0.0743,0.0911
2026-08-29 22:30:00,N020,0.3059,4.5669,0.0761,0.0954
2026-08-29 22:35:00,N020,0.257,4.8178,0.1045,0.0873
2026-08-29 22:40:00,N020,0.262,4.5631,0.0841,0.0956
2026-08-29 22:45:00,N020,0.2912,4.4926,0.0997,0.0992
2026-08-29 22:50:00,N020,0.2681,4.4894,0.089,0.0742
2026-08-29 22:55:00,N020,0.2912,4.4877,0.0942,0.0889
2026-08-29 23:00:00,N020,0.2675,4.613,0.1006,0.0724
2026-08-29 23:05:00,N020,0.2698,4.5379,0.0871,0.0801
2026-08-29 23:10:00,N020,0.2496,4.5043,0.1073,0.0942
2026-08-29 23:15:00,N020,0.2794,4.5997,0.087,0.0841
2026-08-29 23:20:00,N020,0.2842,4.6485,0.0736,0.0945
2026-08-29 23:25:00,N020,0.2396,4.6889,0.0707,0.0893
2026-08-29 23:30:00,N020,0.2586,4.6423,0.0945,0.1134
2026-08-29 23:35:00,N020,0.2535,4.7618,0.0892,0.0842
2026-08-29 23:40:00,N020,0.2881,4.6192,0.0962,0.0762
2026-08-29 23:45:00,N020,0.2674,4.7635,0.1054,0.0907
2026-08-29 23:50:00,N020,0.2351,4.6292,0.088,0.0878
2026-08-29 23:55:00,N020,0.2821,4.5986,0.0977,0.0739
